2026-03-19 18:04:43,772 [background-preinit] INFO  o.h.validator.internal.util.Version                - HV000001: Hibernate Validator 8.0.2.Final
2026-03-19 18:04:43,823 [main] INFO  c.e.s.java.server.JavaServerApplication            - Starting JavaServerApplication using Java 21.0.10 with PID 27948 (F:\Java_project\java-server\target\classes started by Lv Yuetong in F:\Java_project\java-server)
2026-03-19 18:04:43,824 [main] INFO  c.e.s.java.server.JavaServerApplication            - No active profile set, falling back to 1 default profile: "default"
2026-03-19 18:04:44,686 [main] INFO  o.s.d.r.c.RepositoryConfigurationDelegate          - Multiple Spring Data modules found, entering strict repository configuration mode
2026-03-19 18:04:44,688 [main] INFO  o.s.d.r.c.RepositoryConfigurationDelegate          - Bootstrapping Spring Data JPA repositories in DEFAULT mode.
2026-03-19 18:04:44,827 [main] INFO  o.s.d.r.c.RepositoryConfigurationDelegate          - Finished Spring Data repository scanning in 130 ms. Found 19 JPA repository interfaces.
2026-03-19 18:04:44,846 [main] INFO  o.s.d.r.c.RepositoryConfigurationDelegate          - Multiple Spring Data modules found, entering strict repository configuration mode
2026-03-19 18:04:44,847 [main] INFO  o.s.d.r.c.RepositoryConfigurationDelegate          - Bootstrapping Spring Data Redis repositories in DEFAULT mode.
2026-03-19 18:04:44,864 [main] INFO  o.s.d.r.c.RepositoryConfigurationExtensionSupport  - Spring Data Redis - Could not safely identify store assignment for repository candidate interface cn.edu.sdu.java.server.repositorys.CourseRepository; If you want this repository to be a Redis repository, consider annotating your entities with one of these annotations: org.springframework.data.redis.core.RedisHash (preferred), or consider extending one of the following types with your repository: org.springframework.data.keyvalue.repository.KeyValueRepository
2026-03-19 18:04:44,864 [main] INFO  o.s.d.r.c.RepositoryConfigurationExtensionSupport  - Spring Data Redis - Could not safely identify store assignment for repository candidate interface cn.edu.sdu.java.server.repositorys.DailyActivityRepository; If you want this repository to be a Redis repository, consider annotating your entities with one of these annotations: org.springframework.data.redis.core.RedisHash (preferred), or consider extending one of the following types with your repository: org.springframework.data.keyvalue.repository.KeyValueRepository
2026-03-19 18:04:44,865 [main] INFO  o.s.d.r.c.RepositoryConfigurationExtensionSupport  - Spring Data Redis - Could not safely identify store assignment for repository candidate interface cn.edu.sdu.java.server.repositorys.DictionaryInfoRepository; If you want this repository to be a Redis repository, consider annotating your entities with one of these annotations: org.springframework.data.redis.core.RedisHash (preferred), or consider extending one of the following types with your repository: org.springframework.data.keyvalue.repository.KeyValueRepository
2026-03-19 18:04:44,866 [main] INFO  o.s.d.r.c.RepositoryConfigurationExtensionSupport  - Spring Data Redis - Could not safely identify store assignment for repository candidate interface cn.edu.sdu.java.server.repositorys.FamilyMemberRepository; If you want this repository to be a Redis repository, consider annotating your entities with one of these annotations: org.springframework.data.redis.core.RedisHash (preferred), or consider extending one of the following types with your repository: org.springframework.data.keyvalue.repository.KeyValueRepository
2026-03-19 18:04:44,866 [main] INFO  o.s.d.r.c.RepositoryConfigurationExtensionSupport  - Spring Data Redis - Could not safely identify store assignment for repository candidate interface cn.edu.sdu.java.server.repositorys.FeeRepository; If you want this repository to be a Redis repository, consider annotating your entities with one of these annotations: org.springframework.data.redis.core.RedisHash (preferred), or consider extending one of the following types with your repository: org.springframework.data.keyvalue.repository.KeyValueRepository
2026-03-19 18:04:44,866 [main] INFO  o.s.d.r.c.RepositoryConfigurationExtensionSupport  - Spring Data Redis - Could not safely identify store assignment for repository candidate interface cn.edu.sdu.java.server.repositorys.HonorRepository; If you want this repository to be a Redis repository, consider annotating your entities with one of these annotations: org.springframework.data.redis.core.RedisHash (preferred), or consider extending one of the following types with your repository: org.springframework.data.keyvalue.repository.KeyValueRepository
2026-03-19 18:04:44,866 [main] INFO  o.s.d.r.c.RepositoryConfigurationExtensionSupport  - Spring Data Redis - Could not safely identify store assignment for repository candidate interface cn.edu.sdu.java.server.repositorys.InnovationProjectRepository; If you want this repository to be a Redis repository, consider annotating your entities with one of these annotations: org.springframework.data.redis.core.RedisHash (preferred), or consider extending one of the following types with your repository: org.springframework.data.keyvalue.repository.KeyValueRepository
2026-03-19 18:04:44,866 [main] INFO  o.s.d.r.c.RepositoryConfigurationExtensionSupport  - Spring Data Redis - Could not safely identify store assignment for repository candidate interface cn.edu.sdu.java.server.repositorys.MenuInfoRepository; If you want this repository to be a Redis repository, consider annotating your entities with one of these annotations: org.springframework.data.redis.core.RedisHash (preferred), or consider extending one of the following types with your repository: org.springframework.data.keyvalue.repository.KeyValueRepository
2026-03-19 18:04:44,866 [main] INFO  o.s.d.r.c.RepositoryConfigurationExtensionSupport  - Spring Data Redis - Could not safely identify store assignment for repository candidate interface cn.edu.sdu.java.server.repositorys.ModifyLogRepository; If you want this repository to be a Redis repository, consider annotating your entities with one of these annotations: org.springframework.data.redis.core.RedisHash (preferred), or consider extending one of the following types with your repository: org.springframework.data.keyvalue.repository.KeyValueRepository
2026-03-19 18:04:44,867 [main] INFO  o.s.d.r.c.RepositoryConfigurationExtensionSupport  - Spring Data Redis - Could not safely identify store assignment for repository candidate interface cn.edu.sdu.java.server.repositorys.PersonRepository; If you want this repository to be a Redis repository, consider annotating your entities with one of these annotations: org.springframework.data.redis.core.RedisHash (preferred), or consider extending one of the following types with your repository: org.springframework.data.keyvalue.repository.KeyValueRepository
2026-03-19 18:04:44,868 [main] INFO  o.s.d.r.c.RepositoryConfigurationExtensionSupport  - Spring Data Redis - Could not safely identify store assignment for repository candidate interface cn.edu.sdu.java.server.repositorys.ScoreRepository; If you want this repository to be a Redis repository, consider annotating your entities with one of these annotations: org.springframework.data.redis.core.RedisHash (preferred), or consider extending one of the following types with your repository: org.springframework.data.keyvalue.repository.KeyValueRepository
2026-03-19 18:04:44,868 [main] INFO  o.s.d.r.c.RepositoryConfigurationExtensionSupport  - Spring Data Redis - Could not safely identify store assignment for repository candidate interface cn.edu.sdu.java.server.repositorys.StatisticsDayRepository; If you want this repository to be a Redis repository, consider annotating your entities with one of these annotations: org.springframework.data.redis.core.RedisHash (preferred), or consider extending one of the following types with your repository: org.springframework.data.keyvalue.repository.KeyValueRepository
2026-03-19 18:04:44,868 [main] INFO  o.s.d.r.c.RepositoryConfigurationExtensionSupport  - Spring Data Redis - Could not safely identify store assignment for repository candidate interface cn.edu.sdu.java.server.repositorys.StudentLeaveRepository; If you want this repository to be a Redis repository, consider annotating your entities with one of these annotations: org.springframework.data.redis.core.RedisHash (preferred), or consider extending one of the following types with your repository: org.springframework.data.keyvalue.repository.KeyValueRepository
2026-03-19 18:04:44,868 [main] INFO  o.s.d.r.c.RepositoryConfigurationExtensionSupport  - Spring Data Redis - Could not safely identify store assignment for repository candidate interface cn.edu.sdu.java.server.repositorys.StudentRepository; If you want this repository to be a Redis repository, consider annotating your entities with one of these annotations: org.springframework.data.redis.core.RedisHash (preferred), or consider extending one of the following types with your repository: org.springframework.data.keyvalue.repository.KeyValueRepository
2026-03-19 18:04:44,868 [main] INFO  o.s.d.r.c.RepositoryConfigurationExtensionSupport  - Spring Data Redis - Could not safely identify store assignment for repository candidate interface cn.edu.sdu.java.server.repositorys.StudentStatisticsRepository; If you want this repository to be a Redis repository, consider annotating your entities with one of these annotations: org.springframework.data.redis.core.RedisHash (preferred), or consider extending one of the following types with your repository: org.springframework.data.keyvalue.repository.KeyValueRepository
2026-03-19 18:04:44,868 [main] INFO  o.s.d.r.c.RepositoryConfigurationExtensionSupport  - Spring Data Redis - Could not safely identify store assignment for repository candidate interface cn.edu.sdu.java.server.repositorys.SystemInfoRepository; If you want this repository to be a Redis repository, consider annotating your entities with one of these annotations: org.springframework.data.redis.core.RedisHash (preferred), or consider extending one of the following types with your repository: org.springframework.data.keyvalue.repository.KeyValueRepository
2026-03-19 18:04:44,869 [main] INFO  o.s.d.r.c.RepositoryConfigurationExtensionSupport  - Spring Data Redis - Could not safely identify store assignment for repository candidate interface cn.edu.sdu.java.server.repositorys.TeacherRepository; If you want this repository to be a Redis repository, consider annotating your entities with one of these annotations: org.springframework.data.redis.core.RedisHash (preferred), or consider extending one of the following types with your repository: org.springframework.data.keyvalue.repository.KeyValueRepository
2026-03-19 18:04:44,869 [main] INFO  o.s.d.r.c.RepositoryConfigurationExtensionSupport  - Spring Data Redis - Could not safely identify store assignment for repository candidate interface cn.edu.sdu.java.server.repositorys.UserRepository; If you want this repository to be a Redis repository, consider annotating your entities with one of these annotations: org.springframework.data.redis.core.RedisHash (preferred), or consider extending one of the following types with your repository: org.springframework.data.keyvalue.repository.KeyValueRepository
2026-03-19 18:04:44,869 [main] INFO  o.s.d.r.c.RepositoryConfigurationExtensionSupport  - Spring Data Redis - Could not safely identify store assignment for repository candidate interface cn.edu.sdu.java.server.repositorys.UserTypeRepository; If you want this repository to be a Redis repository, consider annotating your entities with one of these annotations: org.springframework.data.redis.core.RedisHash (preferred), or consider extending one of the following types with your repository: org.springframework.data.keyvalue.repository.KeyValueRepository
2026-03-19 18:04:44,869 [main] INFO  o.s.d.r.c.RepositoryConfigurationDelegate          - Finished Spring Data repository scanning in 14 ms. Found 0 Redis repository interfaces.
2026-03-19 18:04:45,807 [main] INFO  o.s.b.w.embedded.tomcat.TomcatWebServer            - Tomcat initialized with port 22223 (http)
2026-03-19 18:04:45,822 [main] INFO  o.apache.coyote.http11.Http11NioProtocol           - Initializing ProtocolHandler ["http-nio-22223"]
2026-03-19 18:04:45,825 [main] INFO  o.apache.catalina.core.StandardService             - Starting service [Tomcat]
2026-03-19 18:04:45,825 [main] INFO  org.apache.catalina.core.StandardEngine            - Starting Servlet engine: [Apache Tomcat/10.1.34]
2026-03-19 18:04:45,905 [main] INFO  o.a.c.c.C.[Tomcat].[localhost].[/]                 - Initializing Spring embedded WebApplicationContext
2026-03-19 18:04:45,905 [main] INFO  o.s.b.w.s.c.ServletWebServerApplicationContext     - Root WebApplicationContext: initialization completed in 2045 ms
2026-03-19 18:04:46,082 [main] INFO  com.zaxxer.hikari.HikariDataSource                 - HikariPool-1 - Starting...
2026-03-19 18:04:50,910 [main] INFO  com.zaxxer.hikari.pool.HikariPool                  - HikariPool-1 - Added connection com.mysql.cj.jdbc.ConnectionImpl@601d295
2026-03-19 18:04:50,912 [main] INFO  com.zaxxer.hikari.HikariDataSource                 - HikariPool-1 - Start completed.
2026-03-19 18:04:50,946 [main] INFO  o.hibernate.jpa.internal.util.LogHelper            - HHH000204: Processing PersistenceUnitInfo [name: default]
2026-03-19 18:04:50,971 [main] INFO  org.hibernate.Version                              - HHH000412: Hibernate ORM core version 6.6.5.Final
2026-03-19 18:04:50,992 [main] INFO  o.h.c.internal.RegionFactoryInitiator              - HHH000026: Second-level cache disabled
2026-03-19 18:04:51,148 [main] INFO  o.s.o.j.p.SpringPersistenceUnitInfo                - No LoadTimeWeaver setup: ignoring JPA class transformer
2026-03-19 18:04:51,227 [main] INFO  org.hibernate.orm.connections.pooling              - HHH10001005: Database info:
	Database JDBC URL [Connecting through datasource 'HikariDataSource (HikariPool-1)']
	Database driver: undefined/unknown
	Database version: 8.0.35
	Autocommit mode: undefined/unknown
	Isolation level: undefined/unknown
	Minimum pool size: undefined/unknown
	Maximum pool size: undefined/unknown
2026-03-19 18:04:52,018 [main] INFO  o.h.e.t.j.p.i.JtaPlatformInitiator                 - HHH000489: No JTA platform available (set 'hibernate.transaction.jta.platform' to enable JTA platform integration)
2026-03-19 18:04:52,022 [main] INFO  o.s.o.j.LocalContainerEntityManagerFactoryBean     - Initialized JPA EntityManagerFactory for persistence unit 'default'
2026-03-19 18:04:52,414 [main] INFO  o.s.d.j.r.query.QueryEnhancerFactory               - Hibernate is in classpath; If applicable, HQL parser will be used.
2026-03-19 18:04:53,041 [main] WARN  o.s.b.a.o.j.JpaBaseConfiguration$JpaWebConfiguration - spring.jpa.open-in-view is enabled by default. Therefore, database queries may be performed during view rendering. Explicitly configure spring.jpa.open-in-view to disable this warning
2026-03-19 18:04:53,482 [main] INFO  o.s.s.c.a.a.c.InitializeAuthenticationProviderBeanManagerConfigurer$InitializeAuthenticationProviderManagerConfigurer - Global AuthenticationManager configured with AuthenticationProvider bean with name authenticationProvider
2026-03-19 18:04:53,482 [main] WARN  o.s.s.c.a.a.c.InitializeUserDetailsBeanManagerConfigurer$InitializeUserDetailsManagerConfigurer - Global AuthenticationManager configured with an AuthenticationProvider bean. UserDetailsService beans will not be used by Spring Security for automatically configuring username/password login. Consider removing the AuthenticationProvider bean. Alternatively, consider using the UserDetailsService in a manually instantiated DaoAuthenticationProvider. If the current configuration is intentional, to turn off this warning, increase the logging level of 'org.springframework.security.config.annotation.authentication.configuration.InitializeUserDetailsBeanManagerConfigurer' to ERROR
2026-03-19 18:04:54,067 [main] INFO  o.s.b.a.w.s.WelcomePageHandlerMapping              - Adding welcome page: class path resource [public/index.html]
2026-03-19 18:04:55,011 [main] INFO  o.apache.coyote.http11.Http11NioProtocol           - Starting ProtocolHandler ["http-nio-22223"]
2026-03-19 18:04:55,051 [main] INFO  o.s.b.w.embedded.tomcat.TomcatWebServer            - Tomcat started on port 22223 (http) with context path '/'
2026-03-19 18:04:55,066 [main] INFO  c.e.s.java.server.JavaServerApplication            - Started JavaServerApplication in 11.767 seconds (process running for 12.477)
2026-03-19 18:04:55,074 [main] INFO  c.e.s.j.server.SystemApplicationListener           - org.springframework.boot.context.event.ApplicationReadyEvent[source=org.springframework.boot.SpringApplication@54eabbdf]
2026-03-19 18:04:55,074 [main] INFO  c.e.s.j.server.SystemApplicationListener           - SystemInitStart
2026-03-19 18:04:55,385 [main] INFO  c.e.s.j.server.SystemApplicationListener           - systemInitEnd
2026-03-19 18:05:17,030 [http-nio-22223-exec-1] INFO  o.a.c.c.C.[Tomcat].[localhost].[/]                 - Initializing Spring DispatcherServlet 'dispatcherServlet'
2026-03-19 18:05:17,030 [http-nio-22223-exec-1] INFO  o.s.web.servlet.DispatcherServlet                  - Initializing Servlet 'dispatcherServlet'
2026-03-19 18:05:17,031 [http-nio-22223-exec-1] INFO  o.s.web.servlet.DispatcherServlet                  - Completed initialization in 1 ms
2026-03-19 18:14:04,331 [SpringApplicationShutdownHook] INFO  o.s.b.w.embedded.tomcat.GracefulShutdown           - Commencing graceful shutdown. Waiting for active requests to complete
2026-03-19 18:14:04,336 [tomcat-shutdown] INFO  o.s.b.w.embedded.tomcat.GracefulShutdown           - Graceful shutdown complete
2026-03-19 18:14:04,346 [SpringApplicationShutdownHook] INFO  o.s.o.j.LocalContainerEntityManagerFactoryBean     - Closing JPA EntityManagerFactory for persistence unit 'default'
2026-03-19 18:14:04,348 [SpringApplicationShutdownHook] INFO  com.zaxxer.hikari.HikariDataSource                 - HikariPool-1 - Shutdown initiated...
2026-03-19 18:14:04,351 [SpringApplicationShutdownHook] INFO  com.zaxxer.hikari.HikariDataSource                 - HikariPool-1 - Shutdown completed.
2026-03-19 18:28:17,419 [background-preinit] INFO  o.h.validator.internal.util.Version                - HV000001: Hibernate Validator 8.0.2.Final
2026-03-19 18:28:17,478 [main] INFO  c.e.s.java.server.JavaServerApplication            - Starting JavaServerApplication using Java 21.0.10 with PID 21984 (F:\Java_project\java-server\target\classes started by Lv Yuetong in F:\Java_project\java-server)
2026-03-19 18:28:17,479 [main] INFO  c.e.s.java.server.JavaServerApplication            - No active profile set, falling back to 1 default profile: "default"
2026-03-19 18:28:18,317 [main] INFO  o.s.d.r.c.RepositoryConfigurationDelegate          - Multiple Spring Data modules found, entering strict repository configuration mode
2026-03-19 18:28:18,318 [main] INFO  o.s.d.r.c.RepositoryConfigurationDelegate          - Bootstrapping Spring Data JPA repositories in DEFAULT mode.
2026-03-19 18:28:18,461 [main] INFO  o.s.d.r.c.RepositoryConfigurationDelegate          - Finished Spring Data repository scanning in 133 ms. Found 19 JPA repository interfaces.
2026-03-19 18:28:18,476 [main] INFO  o.s.d.r.c.RepositoryConfigurationDelegate          - Multiple Spring Data modules found, entering strict repository configuration mode
2026-03-19 18:28:18,476 [main] INFO  o.s.d.r.c.RepositoryConfigurationDelegate          - Bootstrapping Spring Data Redis repositories in DEFAULT mode.
2026-03-19 18:28:18,491 [main] INFO  o.s.d.r.c.RepositoryConfigurationExtensionSupport  - Spring Data Redis - Could not safely identify store assignment for repository candidate interface cn.edu.sdu.java.server.repositorys.CourseRepository; If you want this repository to be a Redis repository, consider annotating your entities with one of these annotations: org.springframework.data.redis.core.RedisHash (preferred), or consider extending one of the following types with your repository: org.springframework.data.keyvalue.repository.KeyValueRepository
2026-03-19 18:28:18,491 [main] INFO  o.s.d.r.c.RepositoryConfigurationExtensionSupport  - Spring Data Redis - Could not safely identify store assignment for repository candidate interface cn.edu.sdu.java.server.repositorys.DailyActivityRepository; If you want this repository to be a Redis repository, consider annotating your entities with one of these annotations: org.springframework.data.redis.core.RedisHash (preferred), or consider extending one of the following types with your repository: org.springframework.data.keyvalue.repository.KeyValueRepository
2026-03-19 18:28:18,491 [main] INFO  o.s.d.r.c.RepositoryConfigurationExtensionSupport  - Spring Data Redis - Could not safely identify store assignment for repository candidate interface cn.edu.sdu.java.server.repositorys.DictionaryInfoRepository; If you want this repository to be a Redis repository, consider annotating your entities with one of these annotations: org.springframework.data.redis.core.RedisHash (preferred), or consider extending one of the following types with your repository: org.springframework.data.keyvalue.repository.KeyValueRepository
2026-03-19 18:28:18,492 [main] INFO  o.s.d.r.c.RepositoryConfigurationExtensionSupport  - Spring Data Redis - Could not safely identify store assignment for repository candidate interface cn.edu.sdu.java.server.repositorys.FamilyMemberRepository; If you want this repository to be a Redis repository, consider annotating your entities with one of these annotations: org.springframework.data.redis.core.RedisHash (preferred), or consider extending one of the following types with your repository: org.springframework.data.keyvalue.repository.KeyValueRepository
2026-03-19 18:28:18,492 [main] INFO  o.s.d.r.c.RepositoryConfigurationExtensionSupport  - Spring Data Redis - Could not safely identify store assignment for repository candidate interface cn.edu.sdu.java.server.repositorys.FeeRepository; If you want this repository to be a Redis repository, consider annotating your entities with one of these annotations: org.springframework.data.redis.core.RedisHash (preferred), or consider extending one of the following types with your repository: org.springframework.data.keyvalue.repository.KeyValueRepository
2026-03-19 18:28:18,492 [main] INFO  o.s.d.r.c.RepositoryConfigurationExtensionSupport  - Spring Data Redis - Could not safely identify store assignment for repository candidate interface cn.edu.sdu.java.server.repositorys.HonorRepository; If you want this repository to be a Redis repository, consider annotating your entities with one of these annotations: org.springframework.data.redis.core.RedisHash (preferred), or consider extending one of the following types with your repository: org.springframework.data.keyvalue.repository.KeyValueRepository
2026-03-19 18:28:18,492 [main] INFO  o.s.d.r.c.RepositoryConfigurationExtensionSupport  - Spring Data Redis - Could not safely identify store assignment for repository candidate interface cn.edu.sdu.java.server.repositorys.InnovationProjectRepository; If you want this repository to be a Redis repository, consider annotating your entities with one of these annotations: org.springframework.data.redis.core.RedisHash (preferred), or consider extending one of the following types with your repository: org.springframework.data.keyvalue.repository.KeyValueRepository
2026-03-19 18:28:18,492 [main] INFO  o.s.d.r.c.RepositoryConfigurationExtensionSupport  - Spring Data Redis - Could not safely identify store assignment for repository candidate interface cn.edu.sdu.java.server.repositorys.MenuInfoRepository; If you want this repository to be a Redis repository, consider annotating your entities with one of these annotations: org.springframework.data.redis.core.RedisHash (preferred), or consider extending one of the following types with your repository: org.springframework.data.keyvalue.repository.KeyValueRepository
2026-03-19 18:28:18,492 [main] INFO  o.s.d.r.c.RepositoryConfigurationExtensionSupport  - Spring Data Redis - Could not safely identify store assignment for repository candidate interface cn.edu.sdu.java.server.repositorys.ModifyLogRepository; If you want this repository to be a Redis repository, consider annotating your entities with one of these annotations: org.springframework.data.redis.core.RedisHash (preferred), or consider extending one of the following types with your repository: org.springframework.data.keyvalue.repository.KeyValueRepository
2026-03-19 18:28:18,493 [main] INFO  o.s.d.r.c.RepositoryConfigurationExtensionSupport  - Spring Data Redis - Could not safely identify store assignment for repository candidate interface cn.edu.sdu.java.server.repositorys.PersonRepository; If you want this repository to be a Redis repository, consider annotating your entities with one of these annotations: org.springframework.data.redis.core.RedisHash (preferred), or consider extending one of the following types with your repository: org.springframework.data.keyvalue.repository.KeyValueRepository
2026-03-19 18:28:18,493 [main] INFO  o.s.d.r.c.RepositoryConfigurationExtensionSupport  - Spring Data Redis - Could not safely identify store assignment for repository candidate interface cn.edu.sdu.java.server.repositorys.ScoreRepository; If you want this repository to be a Redis repository, consider annotating your entities with one of these annotations: org.springframework.data.redis.core.RedisHash (preferred), or consider extending one of the following types with your repository: org.springframework.data.keyvalue.repository.KeyValueRepository
2026-03-19 18:28:18,493 [main] INFO  o.s.d.r.c.RepositoryConfigurationExtensionSupport  - Spring Data Redis - Could not safely identify store assignment for repository candidate interface cn.edu.sdu.java.server.repositorys.StatisticsDayRepository; If you want this repository to be a Redis repository, consider annotating your entities with one of these annotations: org.springframework.data.redis.core.RedisHash (preferred), or consider extending one of the following types with your repository: org.springframework.data.keyvalue.repository.KeyValueRepository
2026-03-19 18:28:18,494 [main] INFO  o.s.d.r.c.RepositoryConfigurationExtensionSupport  - Spring Data Redis - Could not safely identify store assignment for repository candidate interface cn.edu.sdu.java.server.repositorys.StudentLeaveRepository; If you want this repository to be a Redis repository, consider annotating your entities with one of these annotations: org.springframework.data.redis.core.RedisHash (preferred), or consider extending one of the following types with your repository: org.springframework.data.keyvalue.repository.KeyValueRepository
2026-03-19 18:28:18,494 [main] INFO  o.s.d.r.c.RepositoryConfigurationExtensionSupport  - Spring Data Redis - Could not safely identify store assignment for repository candidate interface cn.edu.sdu.java.server.repositorys.StudentRepository; If you want this repository to be a Redis repository, consider annotating your entities with one of these annotations: org.springframework.data.redis.core.RedisHash (preferred), or consider extending one of the following types with your repository: org.springframework.data.keyvalue.repository.KeyValueRepository
2026-03-19 18:28:18,494 [main] INFO  o.s.d.r.c.RepositoryConfigurationExtensionSupport  - Spring Data Redis - Could not safely identify store assignment for repository candidate interface cn.edu.sdu.java.server.repositorys.StudentStatisticsRepository; If you want this repository to be a Redis repository, consider annotating your entities with one of these annotations: org.springframework.data.redis.core.RedisHash (preferred), or consider extending one of the following types with your repository: org.springframework.data.keyvalue.repository.KeyValueRepository
2026-03-19 18:28:18,494 [main] INFO  o.s.d.r.c.RepositoryConfigurationExtensionSupport  - Spring Data Redis - Could not safely identify store assignment for repository candidate interface cn.edu.sdu.java.server.repositorys.SystemInfoRepository; If you want this repository to be a Redis repository, consider annotating your entities with one of these annotations: org.springframework.data.redis.core.RedisHash (preferred), or consider extending one of the following types with your repository: org.springframework.data.keyvalue.repository.KeyValueRepository
2026-03-19 18:28:18,494 [main] INFO  o.s.d.r.c.RepositoryConfigurationExtensionSupport  - Spring Data Redis - Could not safely identify store assignment for repository candidate interface cn.edu.sdu.java.server.repositorys.TeacherRepository; If you want this repository to be a Redis repository, consider annotating your entities with one of these annotations: org.springframework.data.redis.core.RedisHash (preferred), or consider extending one of the following types with your repository: org.springframework.data.keyvalue.repository.KeyValueRepository
2026-03-19 18:28:18,494 [main] INFO  o.s.d.r.c.RepositoryConfigurationExtensionSupport  - Spring Data Redis - Could not safely identify store assignment for repository candidate interface cn.edu.sdu.java.server.repositorys.UserRepository; If you want this repository to be a Redis repository, consider annotating your entities with one of these annotations: org.springframework.data.redis.core.RedisHash (preferred), or consider extending one of the following types with your repository: org.springframework.data.keyvalue.repository.KeyValueRepository
2026-03-19 18:28:18,494 [main] INFO  o.s.d.r.c.RepositoryConfigurationExtensionSupport  - Spring Data Redis - Could not safely identify store assignment for repository candidate interface cn.edu.sdu.java.server.repositorys.UserTypeRepository; If you want this repository to be a Redis repository, consider annotating your entities with one of these annotations: org.springframework.data.redis.core.RedisHash (preferred), or consider extending one of the following types with your repository: org.springframework.data.keyvalue.repository.KeyValueRepository
2026-03-19 18:28:18,494 [main] INFO  o.s.d.r.c.RepositoryConfigurationDelegate          - Finished Spring Data repository scanning in 11 ms. Found 0 Redis repository interfaces.
2026-03-19 18:28:19,381 [main] INFO  o.s.b.w.embedded.tomcat.TomcatWebServer            - Tomcat initialized with port 22223 (http)
2026-03-19 18:28:19,392 [main] INFO  o.apache.coyote.http11.Http11NioProtocol           - Initializing ProtocolHandler ["http-nio-22223"]
2026-03-19 18:28:19,394 [main] INFO  o.apache.catalina.core.StandardService             - Starting service [Tomcat]
2026-03-19 18:28:19,395 [main] INFO  org.apache.catalina.core.StandardEngine            - Starting Servlet engine: [Apache Tomcat/10.1.34]
2026-03-19 18:28:19,471 [main] INFO  o.a.c.c.C.[Tomcat].[localhost].[/]                 - Initializing Spring embedded WebApplicationContext
2026-03-19 18:28:19,471 [main] INFO  o.s.b.w.s.c.ServletWebServerApplicationContext     - Root WebApplicationContext: initialization completed in 1954 ms
2026-03-19 18:28:19,622 [main] INFO  com.zaxxer.hikari.HikariDataSource                 - HikariPool-1 - Starting...
2026-03-19 18:28:24,439 [main] INFO  com.zaxxer.hikari.pool.HikariPool                  - HikariPool-1 - Added connection com.mysql.cj.jdbc.ConnectionImpl@182cc69e
2026-03-19 18:28:24,443 [main] INFO  com.zaxxer.hikari.HikariDataSource                 - HikariPool-1 - Start completed.
2026-03-19 18:28:24,483 [main] INFO  o.hibernate.jpa.internal.util.LogHelper            - HHH000204: Processing PersistenceUnitInfo [name: default]
2026-03-19 18:28:24,516 [main] INFO  org.hibernate.Version                              - HHH000412: Hibernate ORM core version 6.6.5.Final
2026-03-19 18:28:24,534 [main] INFO  o.h.c.internal.RegionFactoryInitiator              - HHH000026: Second-level cache disabled
2026-03-19 18:28:24,687 [main] INFO  o.s.o.j.p.SpringPersistenceUnitInfo                - No LoadTimeWeaver setup: ignoring JPA class transformer
2026-03-19 18:28:24,769 [main] INFO  org.hibernate.orm.connections.pooling              - HHH10001005: Database info:
	Database JDBC URL [Connecting through datasource 'HikariDataSource (HikariPool-1)']
	Database driver: undefined/unknown
	Database version: 8.0.35
	Autocommit mode: undefined/unknown
	Isolation level: undefined/unknown
	Minimum pool size: undefined/unknown
	Maximum pool size: undefined/unknown
2026-03-19 18:28:25,507 [main] INFO  o.h.e.t.j.p.i.JtaPlatformInitiator                 - HHH000489: No JTA platform available (set 'hibernate.transaction.jta.platform' to enable JTA platform integration)
2026-03-19 18:28:25,509 [main] INFO  o.s.o.j.LocalContainerEntityManagerFactoryBean     - Initialized JPA EntityManagerFactory for persistence unit 'default'
2026-03-19 18:28:25,778 [main] INFO  o.s.d.j.r.query.QueryEnhancerFactory               - Hibernate is in classpath; If applicable, HQL parser will be used.
2026-03-19 18:28:26,318 [main] WARN  o.s.b.a.o.j.JpaBaseConfiguration$JpaWebConfiguration - spring.jpa.open-in-view is enabled by default. Therefore, database queries may be performed during view rendering. Explicitly configure spring.jpa.open-in-view to disable this warning
2026-03-19 18:28:26,620 [main] INFO  o.s.s.c.a.a.c.InitializeAuthenticationProviderBeanManagerConfigurer$InitializeAuthenticationProviderManagerConfigurer - Global AuthenticationManager configured with AuthenticationProvider bean with name authenticationProvider
2026-03-19 18:28:26,621 [main] WARN  o.s.s.c.a.a.c.InitializeUserDetailsBeanManagerConfigurer$InitializeUserDetailsManagerConfigurer - Global AuthenticationManager configured with an AuthenticationProvider bean. UserDetailsService beans will not be used by Spring Security for automatically configuring username/password login. Consider removing the AuthenticationProvider bean. Alternatively, consider using the UserDetailsService in a manually instantiated DaoAuthenticationProvider. If the current configuration is intentional, to turn off this warning, increase the logging level of 'org.springframework.security.config.annotation.authentication.configuration.InitializeUserDetailsBeanManagerConfigurer' to ERROR
2026-03-19 18:28:27,244 [main] INFO  o.s.b.a.w.s.WelcomePageHandlerMapping              - Adding welcome page: class path resource [public/index.html]
2026-03-19 18:28:28,256 [main] INFO  o.apache.coyote.http11.Http11NioProtocol           - Starting ProtocolHandler ["http-nio-22223"]
2026-03-19 18:28:28,292 [main] INFO  o.s.b.w.embedded.tomcat.TomcatWebServer            - Tomcat started on port 22223 (http) with context path '/'
2026-03-19 18:28:28,303 [main] INFO  c.e.s.java.server.JavaServerApplication            - Started JavaServerApplication in 11.44 seconds (process running for 11.933)
2026-03-19 18:28:28,309 [main] INFO  c.e.s.j.server.SystemApplicationListener           - org.springframework.boot.context.event.ApplicationReadyEvent[source=org.springframework.boot.SpringApplication@343047c]
2026-03-19 18:28:28,309 [main] INFO  c.e.s.j.server.SystemApplicationListener           - SystemInitStart
2026-03-19 18:28:28,610 [main] INFO  c.e.s.j.server.SystemApplicationListener           - systemInitEnd
2026-03-19 18:30:24,394 [http-nio-22223-exec-1] INFO  o.a.c.c.C.[Tomcat].[localhost].[/]                 - Initializing Spring DispatcherServlet 'dispatcherServlet'
2026-03-19 18:30:24,394 [http-nio-22223-exec-1] INFO  o.s.web.servlet.DispatcherServlet                  - Initializing Servlet 'dispatcherServlet'
2026-03-19 18:30:24,395 [http-nio-22223-exec-1] INFO  o.s.web.servlet.DispatcherServlet                  - Completed initialization in 1 ms
2026-03-19 18:39:18,204 [SpringApplicationShutdownHook] INFO  o.s.b.w.embedded.tomcat.GracefulShutdown           - Commencing graceful shutdown. Waiting for active requests to complete
2026-03-19 18:39:18,208 [tomcat-shutdown] INFO  o.s.b.w.embedded.tomcat.GracefulShutdown           - Graceful shutdown complete
2026-03-19 18:39:18,234 [SpringApplicationShutdownHook] INFO  o.s.o.j.LocalContainerEntityManagerFactoryBean     - Closing JPA EntityManagerFactory for persistence unit 'default'
2026-03-19 18:39:18,236 [SpringApplicationShutdownHook] INFO  com.zaxxer.hikari.HikariDataSource                 - HikariPool-1 - Shutdown initiated...
2026-03-19 18:39:18,241 [SpringApplicationShutdownHook] INFO  com.zaxxer.hikari.HikariDataSource                 - HikariPool-1 - Shutdown completed.
2026-03-19 18:39:24,151 [background-preinit] INFO  o.h.validator.internal.util.Version                - HV000001: Hibernate Validator 8.0.2.Final
2026-03-19 18:39:24,208 [main] INFO  c.e.s.java.server.JavaServerApplication            - Starting JavaServerApplication using Java 21.0.10 with PID 34248 (F:\Java_project\java-server\target\classes started by Lv Yuetong in F:\Java_project\java-server)
2026-03-19 18:39:24,209 [main] INFO  c.e.s.java.server.JavaServerApplication            - No active profile set, falling back to 1 default profile: "default"
2026-03-19 18:39:25,145 [main] INFO  o.s.d.r.c.RepositoryConfigurationDelegate          - Multiple Spring Data modules found, entering strict repository configuration mode
2026-03-19 18:39:25,146 [main] INFO  o.s.d.r.c.RepositoryConfigurationDelegate          - Bootstrapping Spring Data JPA repositories in DEFAULT mode.
2026-03-19 18:39:25,265 [main] INFO  o.s.d.r.c.RepositoryConfigurationDelegate          - Finished Spring Data repository scanning in 108 ms. Found 19 JPA repository interfaces.
2026-03-19 18:39:25,282 [main] INFO  o.s.d.r.c.RepositoryConfigurationDelegate          - Multiple Spring Data modules found, entering strict repository configuration mode
2026-03-19 18:39:25,283 [main] INFO  o.s.d.r.c.RepositoryConfigurationDelegate          - Bootstrapping Spring Data Redis repositories in DEFAULT mode.
2026-03-19 18:39:25,301 [main] INFO  o.s.d.r.c.RepositoryConfigurationExtensionSupport  - Spring Data Redis - Could not safely identify store assignment for repository candidate interface cn.edu.sdu.java.server.repositorys.CourseRepository; If you want this repository to be a Redis repository, consider annotating your entities with one of these annotations: org.springframework.data.redis.core.RedisHash (preferred), or consider extending one of the following types with your repository: org.springframework.data.keyvalue.repository.KeyValueRepository
2026-03-19 18:39:25,301 [main] INFO  o.s.d.r.c.RepositoryConfigurationExtensionSupport  - Spring Data Redis - Could not safely identify store assignment for repository candidate interface cn.edu.sdu.java.server.repositorys.DailyActivityRepository; If you want this repository to be a Redis repository, consider annotating your entities with one of these annotations: org.springframework.data.redis.core.RedisHash (preferred), or consider extending one of the following types with your repository: org.springframework.data.keyvalue.repository.KeyValueRepository
2026-03-19 18:39:25,302 [main] INFO  o.s.d.r.c.RepositoryConfigurationExtensionSupport  - Spring Data Redis - Could not safely identify store assignment for repository candidate interface cn.edu.sdu.java.server.repositorys.DictionaryInfoRepository; If you want this repository to be a Redis repository, consider annotating your entities with one of these annotations: org.springframework.data.redis.core.RedisHash (preferred), or consider extending one of the following types with your repository: org.springframework.data.keyvalue.repository.KeyValueRepository
2026-03-19 18:39:25,302 [main] INFO  o.s.d.r.c.RepositoryConfigurationExtensionSupport  - Spring Data Redis - Could not safely identify store assignment for repository candidate interface cn.edu.sdu.java.server.repositorys.FamilyMemberRepository; If you want this repository to be a Redis repository, consider annotating your entities with one of these annotations: org.springframework.data.redis.core.RedisHash (preferred), or consider extending one of the following types with your repository: org.springframework.data.keyvalue.repository.KeyValueRepository
2026-03-19 18:39:25,303 [main] INFO  o.s.d.r.c.RepositoryConfigurationExtensionSupport  - Spring Data Redis - Could not safely identify store assignment for repository candidate interface cn.edu.sdu.java.server.repositorys.FeeRepository; If you want this repository to be a Redis repository, consider annotating your entities with one of these annotations: org.springframework.data.redis.core.RedisHash (preferred), or consider extending one of the following types with your repository: org.springframework.data.keyvalue.repository.KeyValueRepository
2026-03-19 18:39:25,303 [main] INFO  o.s.d.r.c.RepositoryConfigurationExtensionSupport  - Spring Data Redis - Could not safely identify store assignment for repository candidate interface cn.edu.sdu.java.server.repositorys.HonorRepository; If you want this repository to be a Redis repository, consider annotating your entities with one of these annotations: org.springframework.data.redis.core.RedisHash (preferred), or consider extending one of the following types with your repository: org.springframework.data.keyvalue.repository.KeyValueRepository
2026-03-19 18:39:25,303 [main] INFO  o.s.d.r.c.RepositoryConfigurationExtensionSupport  - Spring Data Redis - Could not safely identify store assignment for repository candidate interface cn.edu.sdu.java.server.repositorys.InnovationProjectRepository; If you want this repository to be a Redis repository, consider annotating your entities with one of these annotations: org.springframework.data.redis.core.RedisHash (preferred), or consider extending one of the following types with your repository: org.springframework.data.keyvalue.repository.KeyValueRepository
2026-03-19 18:39:25,304 [main] INFO  o.s.d.r.c.RepositoryConfigurationExtensionSupport  - Spring Data Redis - Could not safely identify store assignment for repository candidate interface cn.edu.sdu.java.server.repositorys.MenuInfoRepository; If you want this repository to be a Redis repository, consider annotating your entities with one of these annotations: org.springframework.data.redis.core.RedisHash (preferred), or consider extending one of the following types with your repository: org.springframework.data.keyvalue.repository.KeyValueRepository
2026-03-19 18:39:25,304 [main] INFO  o.s.d.r.c.RepositoryConfigurationExtensionSupport  - Spring Data Redis - Could not safely identify store assignment for repository candidate interface cn.edu.sdu.java.server.repositorys.ModifyLogRepository; If you want this repository to be a Redis repository, consider annotating your entities with one of these annotations: org.springframework.data.redis.core.RedisHash (preferred), or consider extending one of the following types with your repository: org.springframework.data.keyvalue.repository.KeyValueRepository
2026-03-19 18:39:25,305 [main] INFO  o.s.d.r.c.RepositoryConfigurationExtensionSupport  - Spring Data Redis - Could not safely identify store assignment for repository candidate interface cn.edu.sdu.java.server.repositorys.PersonRepository; If you want this repository to be a Redis repository, consider annotating your entities with one of these annotations: org.springframework.data.redis.core.RedisHash (preferred), or consider extending one of the following types with your repository: org.springframework.data.keyvalue.repository.KeyValueRepository
2026-03-19 18:39:25,305 [main] INFO  o.s.d.r.c.RepositoryConfigurationExtensionSupport  - Spring Data Redis - Could not safely identify store assignment for repository candidate interface cn.edu.sdu.java.server.repositorys.ScoreRepository; If you want this repository to be a Redis repository, consider annotating your entities with one of these annotations: org.springframework.data.redis.core.RedisHash (preferred), or consider extending one of the following types with your repository: org.springframework.data.keyvalue.repository.KeyValueRepository
2026-03-19 18:39:25,305 [main] INFO  o.s.d.r.c.RepositoryConfigurationExtensionSupport  - Spring Data Redis - Could not safely identify store assignment for repository candidate interface cn.edu.sdu.java.server.repositorys.StatisticsDayRepository; If you want this repository to be a Redis repository, consider annotating your entities with one of these annotations: org.springframework.data.redis.core.RedisHash (preferred), or consider extending one of the following types with your repository: org.springframework.data.keyvalue.repository.KeyValueRepository
2026-03-19 18:39:25,306 [main] INFO  o.s.d.r.c.RepositoryConfigurationExtensionSupport  - Spring Data Redis - Could not safely identify store assignment for repository candidate interface cn.edu.sdu.java.server.repositorys.StudentLeaveRepository; If you want this repository to be a Redis repository, consider annotating your entities with one of these annotations: org.springframework.data.redis.core.RedisHash (preferred), or consider extending one of the following types with your repository: org.springframework.data.keyvalue.repository.KeyValueRepository
2026-03-19 18:39:25,306 [main] INFO  o.s.d.r.c.RepositoryConfigurationExtensionSupport  - Spring Data Redis - Could not safely identify store assignment for repository candidate interface cn.edu.sdu.java.server.repositorys.StudentRepository; If you want this repository to be a Redis repository, consider annotating your entities with one of these annotations: org.springframework.data.redis.core.RedisHash (preferred), or consider extending one of the following types with your repository: org.springframework.data.keyvalue.repository.KeyValueRepository
2026-03-19 18:39:25,307 [main] INFO  o.s.d.r.c.RepositoryConfigurationExtensionSupport  - Spring Data Redis - Could not safely identify store assignment for repository candidate interface cn.edu.sdu.java.server.repositorys.StudentStatisticsRepository; If you want this repository to be a Redis repository, consider annotating your entities with one of these annotations: org.springframework.data.redis.core.RedisHash (preferred), or consider extending one of the following types with your repository: org.springframework.data.keyvalue.repository.KeyValueRepository
2026-03-19 18:39:25,307 [main] INFO  o.s.d.r.c.RepositoryConfigurationExtensionSupport  - Spring Data Redis - Could not safely identify store assignment for repository candidate interface cn.edu.sdu.java.server.repositorys.SystemInfoRepository; If you want this repository to be a Redis repository, consider annotating your entities with one of these annotations: org.springframework.data.redis.core.RedisHash (preferred), or consider extending one of the following types with your repository: org.springframework.data.keyvalue.repository.KeyValueRepository
2026-03-19 18:39:25,307 [main] INFO  o.s.d.r.c.RepositoryConfigurationExtensionSupport  - Spring Data Redis - Could not safely identify store assignment for repository candidate interface cn.edu.sdu.java.server.repositorys.TeacherRepository; If you want this repository to be a Redis repository, consider annotating your entities with one of these annotations: org.springframework.data.redis.core.RedisHash (preferred), or consider extending one of the following types with your repository: org.springframework.data.keyvalue.repository.KeyValueRepository
2026-03-19 18:39:25,307 [main] INFO  o.s.d.r.c.RepositoryConfigurationExtensionSupport  - Spring Data Redis - Could not safely identify store assignment for repository candidate interface cn.edu.sdu.java.server.repositorys.UserRepository; If you want this repository to be a Redis repository, consider annotating your entities with one of these annotations: org.springframework.data.redis.core.RedisHash (preferred), or consider extending one of the following types with your repository: org.springframework.data.keyvalue.repository.KeyValueRepository
2026-03-19 18:39:25,307 [main] INFO  o.s.d.r.c.RepositoryConfigurationExtensionSupport  - Spring Data Redis - Could not safely identify store assignment for repository candidate interface cn.edu.sdu.java.server.repositorys.UserTypeRepository; If you want this repository to be a Redis repository, consider annotating your entities with one of these annotations: org.springframework.data.redis.core.RedisHash (preferred), or consider extending one of the following types with your repository: org.springframework.data.keyvalue.repository.KeyValueRepository
2026-03-19 18:39:25,308 [main] INFO  o.s.d.r.c.RepositoryConfigurationDelegate          - Finished Spring Data repository scanning in 17 ms. Found 0 Redis repository interfaces.
2026-03-19 18:39:26,039 [main] INFO  o.s.b.w.embedded.tomcat.TomcatWebServer            - Tomcat initialized with port 22223 (http)
2026-03-19 18:39:26,052 [main] INFO  o.apache.coyote.http11.Http11NioProtocol           - Initializing ProtocolHandler ["http-nio-22223"]
2026-03-19 18:39:26,054 [main] INFO  o.apache.catalina.core.StandardService             - Starting service [Tomcat]
2026-03-19 18:39:26,054 [main] INFO  org.apache.catalina.core.StandardEngine            - Starting Servlet engine: [Apache Tomcat/10.1.34]
2026-03-19 18:39:26,130 [main] INFO  o.a.c.c.C.[Tomcat].[localhost].[/]                 - Initializing Spring embedded WebApplicationContext
2026-03-19 18:39:26,130 [main] INFO  o.s.b.w.s.c.ServletWebServerApplicationContext     - Root WebApplicationContext: initialization completed in 1883 ms
2026-03-19 18:39:26,259 [main] INFO  com.zaxxer.hikari.HikariDataSource                 - HikariPool-1 - Starting...
2026-03-19 18:39:31,019 [main] INFO  com.zaxxer.hikari.pool.HikariPool                  - HikariPool-1 - Added connection com.mysql.cj.jdbc.ConnectionImpl@4044589a
2026-03-19 18:39:31,020 [main] INFO  com.zaxxer.hikari.HikariDataSource                 - HikariPool-1 - Start completed.
2026-03-19 18:39:31,061 [main] INFO  o.hibernate.jpa.internal.util.LogHelper            - HHH000204: Processing PersistenceUnitInfo [name: default]
2026-03-19 18:39:31,095 [main] INFO  org.hibernate.Version                              - HHH000412: Hibernate ORM core version 6.6.5.Final
2026-03-19 18:39:31,121 [main] INFO  o.h.c.internal.RegionFactoryInitiator              - HHH000026: Second-level cache disabled
2026-03-19 18:39:31,240 [main] INFO  o.s.o.j.p.SpringPersistenceUnitInfo                - No LoadTimeWeaver setup: ignoring JPA class transformer
2026-03-19 18:39:31,311 [main] INFO  org.hibernate.orm.connections.pooling              - HHH10001005: Database info:
	Database JDBC URL [Connecting through datasource 'HikariDataSource (HikariPool-1)']
	Database driver: undefined/unknown
	Database version: 8.0.35
	Autocommit mode: undefined/unknown
	Isolation level: undefined/unknown
	Minimum pool size: undefined/unknown
	Maximum pool size: undefined/unknown
2026-03-19 18:39:32,033 [main] INFO  o.h.e.t.j.p.i.JtaPlatformInitiator                 - HHH000489: No JTA platform available (set 'hibernate.transaction.jta.platform' to enable JTA platform integration)
2026-03-19 18:39:32,034 [main] INFO  o.s.o.j.LocalContainerEntityManagerFactoryBean     - Initialized JPA EntityManagerFactory for persistence unit 'default'
2026-03-19 18:39:32,281 [main] INFO  o.s.d.j.r.query.QueryEnhancerFactory               - Hibernate is in classpath; If applicable, HQL parser will be used.
2026-03-19 18:39:32,856 [main] WARN  o.s.b.a.o.j.JpaBaseConfiguration$JpaWebConfiguration - spring.jpa.open-in-view is enabled by default. Therefore, database queries may be performed during view rendering. Explicitly configure spring.jpa.open-in-view to disable this warning
2026-03-19 18:39:33,081 [main] INFO  o.s.s.c.a.a.c.InitializeAuthenticationProviderBeanManagerConfigurer$InitializeAuthenticationProviderManagerConfigurer - Global AuthenticationManager configured with AuthenticationProvider bean with name authenticationProvider
2026-03-19 18:39:33,082 [main] WARN  o.s.s.c.a.a.c.InitializeUserDetailsBeanManagerConfigurer$InitializeUserDetailsManagerConfigurer - Global AuthenticationManager configured with an AuthenticationProvider bean. UserDetailsService beans will not be used by Spring Security for automatically configuring username/password login. Consider removing the AuthenticationProvider bean. Alternatively, consider using the UserDetailsService in a manually instantiated DaoAuthenticationProvider. If the current configuration is intentional, to turn off this warning, increase the logging level of 'org.springframework.security.config.annotation.authentication.configuration.InitializeUserDetailsBeanManagerConfigurer' to ERROR
2026-03-19 18:39:33,671 [main] INFO  o.s.b.a.w.s.WelcomePageHandlerMapping              - Adding welcome page: class path resource [public/index.html]
2026-03-19 18:39:34,834 [main] INFO  o.apache.coyote.http11.Http11NioProtocol           - Starting ProtocolHandler ["http-nio-22223"]
2026-03-19 18:39:34,894 [main] INFO  o.s.b.w.embedded.tomcat.TomcatWebServer            - Tomcat started on port 22223 (http) with context path '/'
2026-03-19 18:39:34,916 [main] INFO  c.e.s.java.server.JavaServerApplication            - Started JavaServerApplication in 11.267 seconds (process running for 11.756)
2026-03-19 18:39:34,924 [main] INFO  c.e.s.j.server.SystemApplicationListener           - org.springframework.boot.context.event.ApplicationReadyEvent[source=org.springframework.boot.SpringApplication@72621df0]
2026-03-19 18:39:34,924 [main] INFO  c.e.s.j.server.SystemApplicationListener           - SystemInitStart
2026-03-19 18:39:35,206 [main] INFO  c.e.s.j.server.SystemApplicationListener           - systemInitEnd
2026-03-19 18:39:48,251 [http-nio-22223-exec-1] INFO  o.a.c.c.C.[Tomcat].[localhost].[/]                 - Initializing Spring DispatcherServlet 'dispatcherServlet'
2026-03-19 18:39:48,251 [http-nio-22223-exec-1] INFO  o.s.web.servlet.DispatcherServlet                  - Initializing Servlet 'dispatcherServlet'
2026-03-19 18:39:48,252 [http-nio-22223-exec-1] INFO  o.s.web.servlet.DispatcherServlet                  - Completed initialization in 1 ms
2026-03-19 18:41:29,877 [SpringApplicationShutdownHook] INFO  o.s.b.w.embedded.tomcat.GracefulShutdown           - Commencing graceful shutdown. Waiting for active requests to complete
2026-03-19 18:41:29,882 [tomcat-shutdown] INFO  o.s.b.w.embedded.tomcat.GracefulShutdown           - Graceful shutdown complete
2026-03-19 18:41:29,892 [SpringApplicationShutdownHook] INFO  o.s.o.j.LocalContainerEntityManagerFactoryBean     - Closing JPA EntityManagerFactory for persistence unit 'default'
2026-03-19 18:41:29,893 [SpringApplicationShutdownHook] INFO  com.zaxxer.hikari.HikariDataSource                 - HikariPool-1 - Shutdown initiated...
2026-03-19 18:41:29,896 [SpringApplicationShutdownHook] INFO  com.zaxxer.hikari.HikariDataSource                 - HikariPool-1 - Shutdown completed.
2026-03-19 18:45:58,245 [background-preinit] INFO  o.h.validator.internal.util.Version                - HV000001: Hibernate Validator 8.0.2.Final
2026-03-19 18:45:58,300 [main] INFO  c.e.s.java.server.JavaServerApplication            - Starting JavaServerApplication using Java 21.0.10 with PID 6276 (F:\Java_project\java-server\target\classes started by Lv Yuetong in F:\Java_project\java-server)
2026-03-19 18:45:58,300 [main] INFO  c.e.s.java.server.JavaServerApplication            - No active profile set, falling back to 1 default profile: "default"
2026-03-19 18:45:59,087 [main] INFO  o.s.d.r.c.RepositoryConfigurationDelegate          - Multiple Spring Data modules found, entering strict repository configuration mode
2026-03-19 18:45:59,089 [main] INFO  o.s.d.r.c.RepositoryConfigurationDelegate          - Bootstrapping Spring Data JPA repositories in DEFAULT mode.
2026-03-19 18:45:59,222 [main] INFO  o.s.d.r.c.RepositoryConfigurationDelegate          - Finished Spring Data repository scanning in 126 ms. Found 19 JPA repository interfaces.
2026-03-19 18:45:59,236 [main] INFO  o.s.d.r.c.RepositoryConfigurationDelegate          - Multiple Spring Data modules found, entering strict repository configuration mode
2026-03-19 18:45:59,237 [main] INFO  o.s.d.r.c.RepositoryConfigurationDelegate          - Bootstrapping Spring Data Redis repositories in DEFAULT mode.
2026-03-19 18:45:59,253 [main] INFO  o.s.d.r.c.RepositoryConfigurationExtensionSupport  - Spring Data Redis - Could not safely identify store assignment for repository candidate interface cn.edu.sdu.java.server.repositorys.CourseRepository; If you want this repository to be a Redis repository, consider annotating your entities with one of these annotations: org.springframework.data.redis.core.RedisHash (preferred), or consider extending one of the following types with your repository: org.springframework.data.keyvalue.repository.KeyValueRepository
2026-03-19 18:45:59,253 [main] INFO  o.s.d.r.c.RepositoryConfigurationExtensionSupport  - Spring Data Redis - Could not safely identify store assignment for repository candidate interface cn.edu.sdu.java.server.repositorys.DailyActivityRepository; If you want this repository to be a Redis repository, consider annotating your entities with one of these annotations: org.springframework.data.redis.core.RedisHash (preferred), or consider extending one of the following types with your repository: org.springframework.data.keyvalue.repository.KeyValueRepository
2026-03-19 18:45:59,254 [main] INFO  o.s.d.r.c.RepositoryConfigurationExtensionSupport  - Spring Data Redis - Could not safely identify store assignment for repository candidate interface cn.edu.sdu.java.server.repositorys.DictionaryInfoRepository; If you want this repository to be a Redis repository, consider annotating your entities with one of these annotations: org.springframework.data.redis.core.RedisHash (preferred), or consider extending one of the following types with your repository: org.springframework.data.keyvalue.repository.KeyValueRepository
2026-03-19 18:45:59,254 [main] INFO  o.s.d.r.c.RepositoryConfigurationExtensionSupport  - Spring Data Redis - Could not safely identify store assignment for repository candidate interface cn.edu.sdu.java.server.repositorys.FamilyMemberRepository; If you want this repository to be a Redis repository, consider annotating your entities with one of these annotations: org.springframework.data.redis.core.RedisHash (preferred), or consider extending one of the following types with your repository: org.springframework.data.keyvalue.repository.KeyValueRepository
2026-03-19 18:45:59,254 [main] INFO  o.s.d.r.c.RepositoryConfigurationExtensionSupport  - Spring Data Redis - Could not safely identify store assignment for repository candidate interface cn.edu.sdu.java.server.repositorys.FeeRepository; If you want this repository to be a Redis repository, consider annotating your entities with one of these annotations: org.springframework.data.redis.core.RedisHash (preferred), or consider extending one of the following types with your repository: org.springframework.data.keyvalue.repository.KeyValueRepository
2026-03-19 18:45:59,254 [main] INFO  o.s.d.r.c.RepositoryConfigurationExtensionSupport  - Spring Data Redis - Could not safely identify store assignment for repository candidate interface cn.edu.sdu.java.server.repositorys.HonorRepository; If you want this repository to be a Redis repository, consider annotating your entities with one of these annotations: org.springframework.data.redis.core.RedisHash (preferred), or consider extending one of the following types with your repository: org.springframework.data.keyvalue.repository.KeyValueRepository
2026-03-19 18:45:59,254 [main] INFO  o.s.d.r.c.RepositoryConfigurationExtensionSupport  - Spring Data Redis - Could not safely identify store assignment for repository candidate interface cn.edu.sdu.java.server.repositorys.InnovationProjectRepository; If you want this repository to be a Redis repository, consider annotating your entities with one of these annotations: org.springframework.data.redis.core.RedisHash (preferred), or consider extending one of the following types with your repository: org.springframework.data.keyvalue.repository.KeyValueRepository
2026-03-19 18:45:59,254 [main] INFO  o.s.d.r.c.RepositoryConfigurationExtensionSupport  - Spring Data Redis - Could not safely identify store assignment for repository candidate interface cn.edu.sdu.java.server.repositorys.MenuInfoRepository; If you want this repository to be a Redis repository, consider annotating your entities with one of these annotations: org.springframework.data.redis.core.RedisHash (preferred), or consider extending one of the following types with your repository: org.springframework.data.keyvalue.repository.KeyValueRepository
2026-03-19 18:45:59,255 [main] INFO  o.s.d.r.c.RepositoryConfigurationExtensionSupport  - Spring Data Redis - Could not safely identify store assignment for repository candidate interface cn.edu.sdu.java.server.repositorys.ModifyLogRepository; If you want this repository to be a Redis repository, consider annotating your entities with one of these annotations: org.springframework.data.redis.core.RedisHash (preferred), or consider extending one of the following types with your repository: org.springframework.data.keyvalue.repository.KeyValueRepository
2026-03-19 18:45:59,255 [main] INFO  o.s.d.r.c.RepositoryConfigurationExtensionSupport  - Spring Data Redis - Could not safely identify store assignment for repository candidate interface cn.edu.sdu.java.server.repositorys.PersonRepository; If you want this repository to be a Redis repository, consider annotating your entities with one of these annotations: org.springframework.data.redis.core.RedisHash (preferred), or consider extending one of the following types with your repository: org.springframework.data.keyvalue.repository.KeyValueRepository
2026-03-19 18:45:59,256 [main] INFO  o.s.d.r.c.RepositoryConfigurationExtensionSupport  - Spring Data Redis - Could not safely identify store assignment for repository candidate interface cn.edu.sdu.java.server.repositorys.ScoreRepository; If you want this repository to be a Redis repository, consider annotating your entities with one of these annotations: org.springframework.data.redis.core.RedisHash (preferred), or consider extending one of the following types with your repository: org.springframework.data.keyvalue.repository.KeyValueRepository
2026-03-19 18:45:59,256 [main] INFO  o.s.d.r.c.RepositoryConfigurationExtensionSupport  - Spring Data Redis - Could not safely identify store assignment for repository candidate interface cn.edu.sdu.java.server.repositorys.StatisticsDayRepository; If you want this repository to be a Redis repository, consider annotating your entities with one of these annotations: org.springframework.data.redis.core.RedisHash (preferred), or consider extending one of the following types with your repository: org.springframework.data.keyvalue.repository.KeyValueRepository
2026-03-19 18:45:59,256 [main] INFO  o.s.d.r.c.RepositoryConfigurationExtensionSupport  - Spring Data Redis - Could not safely identify store assignment for repository candidate interface cn.edu.sdu.java.server.repositorys.StudentLeaveRepository; If you want this repository to be a Redis repository, consider annotating your entities with one of these annotations: org.springframework.data.redis.core.RedisHash (preferred), or consider extending one of the following types with your repository: org.springframework.data.keyvalue.repository.KeyValueRepository
2026-03-19 18:45:59,256 [main] INFO  o.s.d.r.c.RepositoryConfigurationExtensionSupport  - Spring Data Redis - Could not safely identify store assignment for repository candidate interface cn.edu.sdu.java.server.repositorys.StudentRepository; If you want this repository to be a Redis repository, consider annotating your entities with one of these annotations: org.springframework.data.redis.core.RedisHash (preferred), or consider extending one of the following types with your repository: org.springframework.data.keyvalue.repository.KeyValueRepository
2026-03-19 18:45:59,256 [main] INFO  o.s.d.r.c.RepositoryConfigurationExtensionSupport  - Spring Data Redis - Could not safely identify store assignment for repository candidate interface cn.edu.sdu.java.server.repositorys.StudentStatisticsRepository; If you want this repository to be a Redis repository, consider annotating your entities with one of these annotations: org.springframework.data.redis.core.RedisHash (preferred), or consider extending one of the following types with your repository: org.springframework.data.keyvalue.repository.KeyValueRepository
2026-03-19 18:45:59,257 [main] INFO  o.s.d.r.c.RepositoryConfigurationExtensionSupport  - Spring Data Redis - Could not safely identify store assignment for repository candidate interface cn.edu.sdu.java.server.repositorys.SystemInfoRepository; If you want this repository to be a Redis repository, consider annotating your entities with one of these annotations: org.springframework.data.redis.core.RedisHash (preferred), or consider extending one of the following types with your repository: org.springframework.data.keyvalue.repository.KeyValueRepository
2026-03-19 18:45:59,257 [main] INFO  o.s.d.r.c.RepositoryConfigurationExtensionSupport  - Spring Data Redis - Could not safely identify store assignment for repository candidate interface cn.edu.sdu.java.server.repositorys.TeacherRepository; If you want this repository to be a Redis repository, consider annotating your entities with one of these annotations: org.springframework.data.redis.core.RedisHash (preferred), or consider extending one of the following types with your repository: org.springframework.data.keyvalue.repository.KeyValueRepository
2026-03-19 18:45:59,257 [main] INFO  o.s.d.r.c.RepositoryConfigurationExtensionSupport  - Spring Data Redis - Could not safely identify store assignment for repository candidate interface cn.edu.sdu.java.server.repositorys.UserRepository; If you want this repository to be a Redis repository, consider annotating your entities with one of these annotations: org.springframework.data.redis.core.RedisHash (preferred), or consider extending one of the following types with your repository: org.springframework.data.keyvalue.repository.KeyValueRepository
2026-03-19 18:45:59,257 [main] INFO  o.s.d.r.c.RepositoryConfigurationExtensionSupport  - Spring Data Redis - Could not safely identify store assignment for repository candidate interface cn.edu.sdu.java.server.repositorys.UserTypeRepository; If you want this repository to be a Redis repository, consider annotating your entities with one of these annotations: org.springframework.data.redis.core.RedisHash (preferred), or consider extending one of the following types with your repository: org.springframework.data.keyvalue.repository.KeyValueRepository
2026-03-19 18:45:59,257 [main] INFO  o.s.d.r.c.RepositoryConfigurationDelegate          - Finished Spring Data repository scanning in 12 ms. Found 0 Redis repository interfaces.
2026-03-19 18:46:00,032 [main] INFO  o.s.b.w.embedded.tomcat.TomcatWebServer            - Tomcat initialized with port 22223 (http)
2026-03-19 18:46:00,043 [main] INFO  o.apache.coyote.http11.Http11NioProtocol           - Initializing ProtocolHandler ["http-nio-22223"]
2026-03-19 18:46:00,046 [main] INFO  o.apache.catalina.core.StandardService             - Starting service [Tomcat]
2026-03-19 18:46:00,047 [main] INFO  org.apache.catalina.core.StandardEngine            - Starting Servlet engine: [Apache Tomcat/10.1.34]
2026-03-19 18:46:00,113 [main] INFO  o.a.c.c.C.[Tomcat].[localhost].[/]                 - Initializing Spring embedded WebApplicationContext
2026-03-19 18:46:00,113 [main] INFO  o.s.b.w.s.c.ServletWebServerApplicationContext     - Root WebApplicationContext: initialization completed in 1778 ms
2026-03-19 18:46:00,247 [main] INFO  com.zaxxer.hikari.HikariDataSource                 - HikariPool-1 - Starting...
2026-03-19 18:46:05,050 [main] INFO  com.zaxxer.hikari.pool.HikariPool                  - HikariPool-1 - Added connection com.mysql.cj.jdbc.ConnectionImpl@4756e5cc
2026-03-19 18:46:05,052 [main] INFO  com.zaxxer.hikari.HikariDataSource                 - HikariPool-1 - Start completed.
2026-03-19 18:46:05,080 [main] INFO  o.hibernate.jpa.internal.util.LogHelper            - HHH000204: Processing PersistenceUnitInfo [name: default]
2026-03-19 18:46:05,113 [main] INFO  org.hibernate.Version                              - HHH000412: Hibernate ORM core version 6.6.5.Final
2026-03-19 18:46:05,136 [main] INFO  o.h.c.internal.RegionFactoryInitiator              - HHH000026: Second-level cache disabled
2026-03-19 18:46:05,291 [main] INFO  o.s.o.j.p.SpringPersistenceUnitInfo                - No LoadTimeWeaver setup: ignoring JPA class transformer
2026-03-19 18:46:05,362 [main] INFO  org.hibernate.orm.connections.pooling              - HHH10001005: Database info:
	Database JDBC URL [Connecting through datasource 'HikariDataSource (HikariPool-1)']
	Database driver: undefined/unknown
	Database version: 8.0.35
	Autocommit mode: undefined/unknown
	Isolation level: undefined/unknown
	Minimum pool size: undefined/unknown
	Maximum pool size: undefined/unknown
2026-03-19 18:46:06,108 [main] INFO  o.h.e.t.j.p.i.JtaPlatformInitiator                 - HHH000489: No JTA platform available (set 'hibernate.transaction.jta.platform' to enable JTA platform integration)
2026-03-19 18:46:06,109 [main] INFO  o.s.o.j.LocalContainerEntityManagerFactoryBean     - Initialized JPA EntityManagerFactory for persistence unit 'default'
2026-03-19 18:46:06,346 [main] INFO  o.s.d.j.r.query.QueryEnhancerFactory               - Hibernate is in classpath; If applicable, HQL parser will be used.
2026-03-19 18:46:06,897 [main] WARN  o.s.b.a.o.j.JpaBaseConfiguration$JpaWebConfiguration - spring.jpa.open-in-view is enabled by default. Therefore, database queries may be performed during view rendering. Explicitly configure spring.jpa.open-in-view to disable this warning
2026-03-19 18:46:07,222 [main] INFO  o.s.s.c.a.a.c.InitializeAuthenticationProviderBeanManagerConfigurer$InitializeAuthenticationProviderManagerConfigurer - Global AuthenticationManager configured with AuthenticationProvider bean with name authenticationProvider
2026-03-19 18:46:07,222 [main] WARN  o.s.s.c.a.a.c.InitializeUserDetailsBeanManagerConfigurer$InitializeUserDetailsManagerConfigurer - Global AuthenticationManager configured with an AuthenticationProvider bean. UserDetailsService beans will not be used by Spring Security for automatically configuring username/password login. Consider removing the AuthenticationProvider bean. Alternatively, consider using the UserDetailsService in a manually instantiated DaoAuthenticationProvider. If the current configuration is intentional, to turn off this warning, increase the logging level of 'org.springframework.security.config.annotation.authentication.configuration.InitializeUserDetailsBeanManagerConfigurer' to ERROR
2026-03-19 18:46:07,782 [main] INFO  o.s.b.a.w.s.WelcomePageHandlerMapping              - Adding welcome page: class path resource [public/index.html]
2026-03-19 18:46:08,625 [main] INFO  o.apache.coyote.http11.Http11NioProtocol           - Starting ProtocolHandler ["http-nio-22223"]
2026-03-19 18:46:08,658 [main] INFO  o.s.b.w.embedded.tomcat.TomcatWebServer            - Tomcat started on port 22223 (http) with context path '/'
2026-03-19 18:46:08,670 [main] INFO  c.e.s.java.server.JavaServerApplication            - Started JavaServerApplication in 10.95 seconds (process running for 11.446)
2026-03-19 18:46:08,677 [main] INFO  c.e.s.j.server.SystemApplicationListener           - org.springframework.boot.context.event.ApplicationReadyEvent[source=org.springframework.boot.SpringApplication@15a4e7d8]
2026-03-19 18:46:08,677 [main] INFO  c.e.s.j.server.SystemApplicationListener           - SystemInitStart
2026-03-19 18:46:08,845 [main] INFO  c.e.s.j.server.SystemApplicationListener           - systemInitEnd
2026-03-19 18:46:15,194 [http-nio-22223-exec-1] INFO  o.a.c.c.C.[Tomcat].[localhost].[/]                 - Initializing Spring DispatcherServlet 'dispatcherServlet'
2026-03-19 18:46:15,194 [http-nio-22223-exec-1] INFO  o.s.web.servlet.DispatcherServlet                  - Initializing Servlet 'dispatcherServlet'
2026-03-19 18:46:15,195 [http-nio-22223-exec-1] INFO  o.s.web.servlet.DispatcherServlet                  - Completed initialization in 1 ms
2026-03-19 18:46:27,688 [SpringApplicationShutdownHook] INFO  o.s.b.w.embedded.tomcat.GracefulShutdown           - Commencing graceful shutdown. Waiting for active requests to complete
2026-03-19 18:46:27,696 [tomcat-shutdown] INFO  o.s.b.w.embedded.tomcat.GracefulShutdown           - Graceful shutdown complete
2026-03-19 18:46:27,718 [SpringApplicationShutdownHook] INFO  o.s.o.j.LocalContainerEntityManagerFactoryBean     - Closing JPA EntityManagerFactory for persistence unit 'default'
2026-03-19 18:46:27,720 [SpringApplicationShutdownHook] INFO  com.zaxxer.hikari.HikariDataSource                 - HikariPool-1 - Shutdown initiated...
2026-03-19 18:46:27,725 [SpringApplicationShutdownHook] INFO  com.zaxxer.hikari.HikariDataSource                 - HikariPool-1 - Shutdown completed.
2026-03-19 22:06:20,753 [background-preinit] INFO  o.h.validator.internal.util.Version                - HV000001: Hibernate Validator 8.0.2.Final
2026-03-19 22:06:20,804 [main] INFO  c.e.s.java.server.JavaServerApplication            - Starting JavaServerApplication using Java 21.0.10 with PID 30368 (F:\Java_project\java-server\target\classes started by Lv Yuetong in F:\Java_project\java-server)
2026-03-19 22:06:20,805 [main] INFO  c.e.s.java.server.JavaServerApplication            - No active profile set, falling back to 1 default profile: "default"
2026-03-19 22:06:21,697 [main] INFO  o.s.d.r.c.RepositoryConfigurationDelegate          - Multiple Spring Data modules found, entering strict repository configuration mode
2026-03-19 22:06:21,698 [main] INFO  o.s.d.r.c.RepositoryConfigurationDelegate          - Bootstrapping Spring Data JPA repositories in DEFAULT mode.
2026-03-19 22:06:21,830 [main] INFO  o.s.d.r.c.RepositoryConfigurationDelegate          - Finished Spring Data repository scanning in 124 ms. Found 19 JPA repository interfaces.
2026-03-19 22:06:21,844 [main] INFO  o.s.d.r.c.RepositoryConfigurationDelegate          - Multiple Spring Data modules found, entering strict repository configuration mode
2026-03-19 22:06:21,845 [main] INFO  o.s.d.r.c.RepositoryConfigurationDelegate          - Bootstrapping Spring Data Redis repositories in DEFAULT mode.
2026-03-19 22:06:21,860 [main] INFO  o.s.d.r.c.RepositoryConfigurationExtensionSupport  - Spring Data Redis - Could not safely identify store assignment for repository candidate interface cn.edu.sdu.java.server.repositorys.CourseRepository; If you want this repository to be a Redis repository, consider annotating your entities with one of these annotations: org.springframework.data.redis.core.RedisHash (preferred), or consider extending one of the following types with your repository: org.springframework.data.keyvalue.repository.KeyValueRepository
2026-03-19 22:06:21,860 [main] INFO  o.s.d.r.c.RepositoryConfigurationExtensionSupport  - Spring Data Redis - Could not safely identify store assignment for repository candidate interface cn.edu.sdu.java.server.repositorys.DailyActivityRepository; If you want this repository to be a Redis repository, consider annotating your entities with one of these annotations: org.springframework.data.redis.core.RedisHash (preferred), or consider extending one of the following types with your repository: org.springframework.data.keyvalue.repository.KeyValueRepository
2026-03-19 22:06:21,861 [main] INFO  o.s.d.r.c.RepositoryConfigurationExtensionSupport  - Spring Data Redis - Could not safely identify store assignment for repository candidate interface cn.edu.sdu.java.server.repositorys.DictionaryInfoRepository; If you want this repository to be a Redis repository, consider annotating your entities with one of these annotations: org.springframework.data.redis.core.RedisHash (preferred), or consider extending one of the following types with your repository: org.springframework.data.keyvalue.repository.KeyValueRepository
2026-03-19 22:06:21,861 [main] INFO  o.s.d.r.c.RepositoryConfigurationExtensionSupport  - Spring Data Redis - Could not safely identify store assignment for repository candidate interface cn.edu.sdu.java.server.repositorys.FamilyMemberRepository; If you want this repository to be a Redis repository, consider annotating your entities with one of these annotations: org.springframework.data.redis.core.RedisHash (preferred), or consider extending one of the following types with your repository: org.springframework.data.keyvalue.repository.KeyValueRepository
2026-03-19 22:06:21,861 [main] INFO  o.s.d.r.c.RepositoryConfigurationExtensionSupport  - Spring Data Redis - Could not safely identify store assignment for repository candidate interface cn.edu.sdu.java.server.repositorys.FeeRepository; If you want this repository to be a Redis repository, consider annotating your entities with one of these annotations: org.springframework.data.redis.core.RedisHash (preferred), or consider extending one of the following types with your repository: org.springframework.data.keyvalue.repository.KeyValueRepository
2026-03-19 22:06:21,861 [main] INFO  o.s.d.r.c.RepositoryConfigurationExtensionSupport  - Spring Data Redis - Could not safely identify store assignment for repository candidate interface cn.edu.sdu.java.server.repositorys.HonorRepository; If you want this repository to be a Redis repository, consider annotating your entities with one of these annotations: org.springframework.data.redis.core.RedisHash (preferred), or consider extending one of the following types with your repository: org.springframework.data.keyvalue.repository.KeyValueRepository
2026-03-19 22:06:21,861 [main] INFO  o.s.d.r.c.RepositoryConfigurationExtensionSupport  - Spring Data Redis - Could not safely identify store assignment for repository candidate interface cn.edu.sdu.java.server.repositorys.InnovationProjectRepository; If you want this repository to be a Redis repository, consider annotating your entities with one of these annotations: org.springframework.data.redis.core.RedisHash (preferred), or consider extending one of the following types with your repository: org.springframework.data.keyvalue.repository.KeyValueRepository
2026-03-19 22:06:21,861 [main] INFO  o.s.d.r.c.RepositoryConfigurationExtensionSupport  - Spring Data Redis - Could not safely identify store assignment for repository candidate interface cn.edu.sdu.java.server.repositorys.MenuInfoRepository; If you want this repository to be a Redis repository, consider annotating your entities with one of these annotations: org.springframework.data.redis.core.RedisHash (preferred), or consider extending one of the following types with your repository: org.springframework.data.keyvalue.repository.KeyValueRepository
2026-03-19 22:06:21,862 [main] INFO  o.s.d.r.c.RepositoryConfigurationExtensionSupport  - Spring Data Redis - Could not safely identify store assignment for repository candidate interface cn.edu.sdu.java.server.repositorys.ModifyLogRepository; If you want this repository to be a Redis repository, consider annotating your entities with one of these annotations: org.springframework.data.redis.core.RedisHash (preferred), or consider extending one of the following types with your repository: org.springframework.data.keyvalue.repository.KeyValueRepository
2026-03-19 22:06:21,863 [main] INFO  o.s.d.r.c.RepositoryConfigurationExtensionSupport  - Spring Data Redis - Could not safely identify store assignment for repository candidate interface cn.edu.sdu.java.server.repositorys.PersonRepository; If you want this repository to be a Redis repository, consider annotating your entities with one of these annotations: org.springframework.data.redis.core.RedisHash (preferred), or consider extending one of the following types with your repository: org.springframework.data.keyvalue.repository.KeyValueRepository
2026-03-19 22:06:21,863 [main] INFO  o.s.d.r.c.RepositoryConfigurationExtensionSupport  - Spring Data Redis - Could not safely identify store assignment for repository candidate interface cn.edu.sdu.java.server.repositorys.ScoreRepository; If you want this repository to be a Redis repository, consider annotating your entities with one of these annotations: org.springframework.data.redis.core.RedisHash (preferred), or consider extending one of the following types with your repository: org.springframework.data.keyvalue.repository.KeyValueRepository
2026-03-19 22:06:21,863 [main] INFO  o.s.d.r.c.RepositoryConfigurationExtensionSupport  - Spring Data Redis - Could not safely identify store assignment for repository candidate interface cn.edu.sdu.java.server.repositorys.StatisticsDayRepository; If you want this repository to be a Redis repository, consider annotating your entities with one of these annotations: org.springframework.data.redis.core.RedisHash (preferred), or consider extending one of the following types with your repository: org.springframework.data.keyvalue.repository.KeyValueRepository
2026-03-19 22:06:21,863 [main] INFO  o.s.d.r.c.RepositoryConfigurationExtensionSupport  - Spring Data Redis - Could not safely identify store assignment for repository candidate interface cn.edu.sdu.java.server.repositorys.StudentLeaveRepository; If you want this repository to be a Redis repository, consider annotating your entities with one of these annotations: org.springframework.data.redis.core.RedisHash (preferred), or consider extending one of the following types with your repository: org.springframework.data.keyvalue.repository.KeyValueRepository
2026-03-19 22:06:21,863 [main] INFO  o.s.d.r.c.RepositoryConfigurationExtensionSupport  - Spring Data Redis - Could not safely identify store assignment for repository candidate interface cn.edu.sdu.java.server.repositorys.StudentRepository; If you want this repository to be a Redis repository, consider annotating your entities with one of these annotations: org.springframework.data.redis.core.RedisHash (preferred), or consider extending one of the following types with your repository: org.springframework.data.keyvalue.repository.KeyValueRepository
2026-03-19 22:06:21,863 [main] INFO  o.s.d.r.c.RepositoryConfigurationExtensionSupport  - Spring Data Redis - Could not safely identify store assignment for repository candidate interface cn.edu.sdu.java.server.repositorys.StudentStatisticsRepository; If you want this repository to be a Redis repository, consider annotating your entities with one of these annotations: org.springframework.data.redis.core.RedisHash (preferred), or consider extending one of the following types with your repository: org.springframework.data.keyvalue.repository.KeyValueRepository
2026-03-19 22:06:21,863 [main] INFO  o.s.d.r.c.RepositoryConfigurationExtensionSupport  - Spring Data Redis - Could not safely identify store assignment for repository candidate interface cn.edu.sdu.java.server.repositorys.SystemInfoRepository; If you want this repository to be a Redis repository, consider annotating your entities with one of these annotations: org.springframework.data.redis.core.RedisHash (preferred), or consider extending one of the following types with your repository: org.springframework.data.keyvalue.repository.KeyValueRepository
2026-03-19 22:06:21,864 [main] INFO  o.s.d.r.c.RepositoryConfigurationExtensionSupport  - Spring Data Redis - Could not safely identify store assignment for repository candidate interface cn.edu.sdu.java.server.repositorys.TeacherRepository; If you want this repository to be a Redis repository, consider annotating your entities with one of these annotations: org.springframework.data.redis.core.RedisHash (preferred), or consider extending one of the following types with your repository: org.springframework.data.keyvalue.repository.KeyValueRepository
2026-03-19 22:06:21,864 [main] INFO  o.s.d.r.c.RepositoryConfigurationExtensionSupport  - Spring Data Redis - Could not safely identify store assignment for repository candidate interface cn.edu.sdu.java.server.repositorys.UserRepository; If you want this repository to be a Redis repository, consider annotating your entities with one of these annotations: org.springframework.data.redis.core.RedisHash (preferred), or consider extending one of the following types with your repository: org.springframework.data.keyvalue.repository.KeyValueRepository
2026-03-19 22:06:21,864 [main] INFO  o.s.d.r.c.RepositoryConfigurationExtensionSupport  - Spring Data Redis - Could not safely identify store assignment for repository candidate interface cn.edu.sdu.java.server.repositorys.UserTypeRepository; If you want this repository to be a Redis repository, consider annotating your entities with one of these annotations: org.springframework.data.redis.core.RedisHash (preferred), or consider extending one of the following types with your repository: org.springframework.data.keyvalue.repository.KeyValueRepository
2026-03-19 22:06:21,864 [main] INFO  o.s.d.r.c.RepositoryConfigurationDelegate          - Finished Spring Data repository scanning in 11 ms. Found 0 Redis repository interfaces.
2026-03-19 22:06:22,682 [main] INFO  o.s.b.w.embedded.tomcat.TomcatWebServer            - Tomcat initialized with port 22223 (http)
2026-03-19 22:06:22,695 [main] INFO  o.apache.coyote.http11.Http11NioProtocol           - Initializing ProtocolHandler ["http-nio-22223"]
2026-03-19 22:06:22,697 [main] INFO  o.apache.catalina.core.StandardService             - Starting service [Tomcat]
2026-03-19 22:06:22,697 [main] INFO  org.apache.catalina.core.StandardEngine            - Starting Servlet engine: [Apache Tomcat/10.1.34]
2026-03-19 22:06:22,786 [main] INFO  o.a.c.c.C.[Tomcat].[localhost].[/]                 - Initializing Spring embedded WebApplicationContext
2026-03-19 22:06:22,786 [main] INFO  o.s.b.w.s.c.ServletWebServerApplicationContext     - Root WebApplicationContext: initialization completed in 1947 ms
2026-03-19 22:06:22,941 [main] INFO  com.zaxxer.hikari.HikariDataSource                 - HikariPool-1 - Starting...
2026-03-19 22:06:27,748 [main] INFO  com.zaxxer.hikari.pool.HikariPool                  - HikariPool-1 - Added connection com.mysql.cj.jdbc.ConnectionImpl@6249a08d
2026-03-19 22:06:27,751 [main] INFO  com.zaxxer.hikari.HikariDataSource                 - HikariPool-1 - Start completed.
2026-03-19 22:06:27,786 [main] INFO  o.hibernate.jpa.internal.util.LogHelper            - HHH000204: Processing PersistenceUnitInfo [name: default]
2026-03-19 22:06:27,819 [main] INFO  org.hibernate.Version                              - HHH000412: Hibernate ORM core version 6.6.5.Final
2026-03-19 22:06:27,842 [main] INFO  o.h.c.internal.RegionFactoryInitiator              - HHH000026: Second-level cache disabled
2026-03-19 22:06:28,012 [main] INFO  o.s.o.j.p.SpringPersistenceUnitInfo                - No LoadTimeWeaver setup: ignoring JPA class transformer
2026-03-19 22:06:28,100 [main] INFO  org.hibernate.orm.connections.pooling              - HHH10001005: Database info:
	Database JDBC URL [Connecting through datasource 'HikariDataSource (HikariPool-1)']
	Database driver: undefined/unknown
	Database version: 8.0.35
	Autocommit mode: undefined/unknown
	Isolation level: undefined/unknown
	Minimum pool size: undefined/unknown
	Maximum pool size: undefined/unknown
2026-03-19 22:06:28,840 [main] INFO  o.h.e.t.j.p.i.JtaPlatformInitiator                 - HHH000489: No JTA platform available (set 'hibernate.transaction.jta.platform' to enable JTA platform integration)
2026-03-19 22:06:28,841 [main] INFO  o.s.o.j.LocalContainerEntityManagerFactoryBean     - Initialized JPA EntityManagerFactory for persistence unit 'default'
2026-03-19 22:06:29,074 [main] INFO  o.s.d.j.r.query.QueryEnhancerFactory               - Hibernate is in classpath; If applicable, HQL parser will be used.
2026-03-19 22:06:29,796 [main] WARN  o.s.b.a.o.j.JpaBaseConfiguration$JpaWebConfiguration - spring.jpa.open-in-view is enabled by default. Therefore, database queries may be performed during view rendering. Explicitly configure spring.jpa.open-in-view to disable this warning
2026-03-19 22:06:30,143 [main] INFO  o.s.s.c.a.a.c.InitializeAuthenticationProviderBeanManagerConfigurer$InitializeAuthenticationProviderManagerConfigurer - Global AuthenticationManager configured with AuthenticationProvider bean with name authenticationProvider
2026-03-19 22:06:30,143 [main] WARN  o.s.s.c.a.a.c.InitializeUserDetailsBeanManagerConfigurer$InitializeUserDetailsManagerConfigurer - Global AuthenticationManager configured with an AuthenticationProvider bean. UserDetailsService beans will not be used by Spring Security for automatically configuring username/password login. Consider removing the AuthenticationProvider bean. Alternatively, consider using the UserDetailsService in a manually instantiated DaoAuthenticationProvider. If the current configuration is intentional, to turn off this warning, increase the logging level of 'org.springframework.security.config.annotation.authentication.configuration.InitializeUserDetailsBeanManagerConfigurer' to ERROR
2026-03-19 22:06:30,826 [main] INFO  o.s.b.a.w.s.WelcomePageHandlerMapping              - Adding welcome page: class path resource [public/index.html]
2026-03-19 22:06:31,987 [main] INFO  o.apache.coyote.http11.Http11NioProtocol           - Starting ProtocolHandler ["http-nio-22223"]
2026-03-19 22:06:32,023 [main] INFO  o.s.b.w.embedded.tomcat.TomcatWebServer            - Tomcat started on port 22223 (http) with context path '/'
2026-03-19 22:06:32,036 [main] INFO  c.e.s.java.server.JavaServerApplication            - Started JavaServerApplication in 11.702 seconds (process running for 12.776)
2026-03-19 22:06:32,043 [main] INFO  c.e.s.j.server.SystemApplicationListener           - org.springframework.boot.context.event.ApplicationReadyEvent[source=org.springframework.boot.SpringApplication@119ec2e4]
2026-03-19 22:06:32,043 [main] INFO  c.e.s.j.server.SystemApplicationListener           - SystemInitStart
2026-03-19 22:06:32,334 [main] INFO  c.e.s.j.server.SystemApplicationListener           - systemInitEnd
2026-03-19 22:07:02,728 [http-nio-22223-exec-1] INFO  o.a.c.c.C.[Tomcat].[localhost].[/]                 - Initializing Spring DispatcherServlet 'dispatcherServlet'
2026-03-19 22:07:02,729 [http-nio-22223-exec-1] INFO  o.s.web.servlet.DispatcherServlet                  - Initializing Servlet 'dispatcherServlet'
2026-03-19 22:07:02,729 [http-nio-22223-exec-1] INFO  o.s.web.servlet.DispatcherServlet                  - Completed initialization in 0 ms
2026-03-19 22:15:58,195 [SpringApplicationShutdownHook] INFO  o.s.b.w.embedded.tomcat.GracefulShutdown           - Commencing graceful shutdown. Waiting for active requests to complete
2026-03-19 22:15:58,199 [tomcat-shutdown] INFO  o.s.b.w.embedded.tomcat.GracefulShutdown           - Graceful shutdown complete
2026-03-19 22:15:58,210 [SpringApplicationShutdownHook] INFO  o.s.o.j.LocalContainerEntityManagerFactoryBean     - Closing JPA EntityManagerFactory for persistence unit 'default'
2026-03-19 22:15:58,212 [SpringApplicationShutdownHook] INFO  com.zaxxer.hikari.HikariDataSource                 - HikariPool-1 - Shutdown initiated...
2026-03-19 22:15:58,215 [SpringApplicationShutdownHook] INFO  com.zaxxer.hikari.HikariDataSource                 - HikariPool-1 - Shutdown completed.
2026-03-19 23:15:11,865 [background-preinit] INFO  o.h.validator.internal.util.Version                - HV000001: Hibernate Validator 8.0.2.Final
2026-03-19 23:15:11,943 [main] INFO  c.e.s.java.server.JavaServerApplication            - Starting JavaServerApplication using Java 21.0.10 with PID 30040 (F:\Java_project\java-server\target\classes started by Lv Yuetong in F:\Java_project\java-server)
2026-03-19 23:15:11,944 [main] INFO  c.e.s.java.server.JavaServerApplication            - No active profile set, falling back to 1 default profile: "default"
2026-03-19 23:15:12,868 [main] INFO  o.s.d.r.c.RepositoryConfigurationDelegate          - Multiple Spring Data modules found, entering strict repository configuration mode
2026-03-19 23:15:12,869 [main] INFO  o.s.d.r.c.RepositoryConfigurationDelegate          - Bootstrapping Spring Data JPA repositories in DEFAULT mode.
2026-03-19 23:15:13,022 [main] INFO  o.s.d.r.c.RepositoryConfigurationDelegate          - Finished Spring Data repository scanning in 143 ms. Found 19 JPA repository interfaces.
2026-03-19 23:15:13,042 [main] INFO  o.s.d.r.c.RepositoryConfigurationDelegate          - Multiple Spring Data modules found, entering strict repository configuration mode
2026-03-19 23:15:13,042 [main] INFO  o.s.d.r.c.RepositoryConfigurationDelegate          - Bootstrapping Spring Data Redis repositories in DEFAULT mode.
2026-03-19 23:15:13,058 [main] INFO  o.s.d.r.c.RepositoryConfigurationExtensionSupport  - Spring Data Redis - Could not safely identify store assignment for repository candidate interface cn.edu.sdu.java.server.repositorys.CourseRepository; If you want this repository to be a Redis repository, consider annotating your entities with one of these annotations: org.springframework.data.redis.core.RedisHash (preferred), or consider extending one of the following types with your repository: org.springframework.data.keyvalue.repository.KeyValueRepository
2026-03-19 23:15:13,058 [main] INFO  o.s.d.r.c.RepositoryConfigurationExtensionSupport  - Spring Data Redis - Could not safely identify store assignment for repository candidate interface cn.edu.sdu.java.server.repositorys.DailyActivityRepository; If you want this repository to be a Redis repository, consider annotating your entities with one of these annotations: org.springframework.data.redis.core.RedisHash (preferred), or consider extending one of the following types with your repository: org.springframework.data.keyvalue.repository.KeyValueRepository
2026-03-19 23:15:13,058 [main] INFO  o.s.d.r.c.RepositoryConfigurationExtensionSupport  - Spring Data Redis - Could not safely identify store assignment for repository candidate interface cn.edu.sdu.java.server.repositorys.DictionaryInfoRepository; If you want this repository to be a Redis repository, consider annotating your entities with one of these annotations: org.springframework.data.redis.core.RedisHash (preferred), or consider extending one of the following types with your repository: org.springframework.data.keyvalue.repository.KeyValueRepository
2026-03-19 23:15:13,058 [main] INFO  o.s.d.r.c.RepositoryConfigurationExtensionSupport  - Spring Data Redis - Could not safely identify store assignment for repository candidate interface cn.edu.sdu.java.server.repositorys.FamilyMemberRepository; If you want this repository to be a Redis repository, consider annotating your entities with one of these annotations: org.springframework.data.redis.core.RedisHash (preferred), or consider extending one of the following types with your repository: org.springframework.data.keyvalue.repository.KeyValueRepository
2026-03-19 23:15:13,058 [main] INFO  o.s.d.r.c.RepositoryConfigurationExtensionSupport  - Spring Data Redis - Could not safely identify store assignment for repository candidate interface cn.edu.sdu.java.server.repositorys.FeeRepository; If you want this repository to be a Redis repository, consider annotating your entities with one of these annotations: org.springframework.data.redis.core.RedisHash (preferred), or consider extending one of the following types with your repository: org.springframework.data.keyvalue.repository.KeyValueRepository
2026-03-19 23:15:13,058 [main] INFO  o.s.d.r.c.RepositoryConfigurationExtensionSupport  - Spring Data Redis - Could not safely identify store assignment for repository candidate interface cn.edu.sdu.java.server.repositorys.HonorRepository; If you want this repository to be a Redis repository, consider annotating your entities with one of these annotations: org.springframework.data.redis.core.RedisHash (preferred), or consider extending one of the following types with your repository: org.springframework.data.keyvalue.repository.KeyValueRepository
2026-03-19 23:15:13,059 [main] INFO  o.s.d.r.c.RepositoryConfigurationExtensionSupport  - Spring Data Redis - Could not safely identify store assignment for repository candidate interface cn.edu.sdu.java.server.repositorys.InnovationProjectRepository; If you want this repository to be a Redis repository, consider annotating your entities with one of these annotations: org.springframework.data.redis.core.RedisHash (preferred), or consider extending one of the following types with your repository: org.springframework.data.keyvalue.repository.KeyValueRepository
2026-03-19 23:15:13,059 [main] INFO  o.s.d.r.c.RepositoryConfigurationExtensionSupport  - Spring Data Redis - Could not safely identify store assignment for repository candidate interface cn.edu.sdu.java.server.repositorys.MenuInfoRepository; If you want this repository to be a Redis repository, consider annotating your entities with one of these annotations: org.springframework.data.redis.core.RedisHash (preferred), or consider extending one of the following types with your repository: org.springframework.data.keyvalue.repository.KeyValueRepository
2026-03-19 23:15:13,059 [main] INFO  o.s.d.r.c.RepositoryConfigurationExtensionSupport  - Spring Data Redis - Could not safely identify store assignment for repository candidate interface cn.edu.sdu.java.server.repositorys.ModifyLogRepository; If you want this repository to be a Redis repository, consider annotating your entities with one of these annotations: org.springframework.data.redis.core.RedisHash (preferred), or consider extending one of the following types with your repository: org.springframework.data.keyvalue.repository.KeyValueRepository
2026-03-19 23:15:13,060 [main] INFO  o.s.d.r.c.RepositoryConfigurationExtensionSupport  - Spring Data Redis - Could not safely identify store assignment for repository candidate interface cn.edu.sdu.java.server.repositorys.PersonRepository; If you want this repository to be a Redis repository, consider annotating your entities with one of these annotations: org.springframework.data.redis.core.RedisHash (preferred), or consider extending one of the following types with your repository: org.springframework.data.keyvalue.repository.KeyValueRepository
2026-03-19 23:15:13,060 [main] INFO  o.s.d.r.c.RepositoryConfigurationExtensionSupport  - Spring Data Redis - Could not safely identify store assignment for repository candidate interface cn.edu.sdu.java.server.repositorys.ScoreRepository; If you want this repository to be a Redis repository, consider annotating your entities with one of these annotations: org.springframework.data.redis.core.RedisHash (preferred), or consider extending one of the following types with your repository: org.springframework.data.keyvalue.repository.KeyValueRepository
2026-03-19 23:15:13,060 [main] INFO  o.s.d.r.c.RepositoryConfigurationExtensionSupport  - Spring Data Redis - Could not safely identify store assignment for repository candidate interface cn.edu.sdu.java.server.repositorys.StatisticsDayRepository; If you want this repository to be a Redis repository, consider annotating your entities with one of these annotations: org.springframework.data.redis.core.RedisHash (preferred), or consider extending one of the following types with your repository: org.springframework.data.keyvalue.repository.KeyValueRepository
2026-03-19 23:15:13,060 [main] INFO  o.s.d.r.c.RepositoryConfigurationExtensionSupport  - Spring Data Redis - Could not safely identify store assignment for repository candidate interface cn.edu.sdu.java.server.repositorys.StudentLeaveRepository; If you want this repository to be a Redis repository, consider annotating your entities with one of these annotations: org.springframework.data.redis.core.RedisHash (preferred), or consider extending one of the following types with your repository: org.springframework.data.keyvalue.repository.KeyValueRepository
2026-03-19 23:15:13,061 [main] INFO  o.s.d.r.c.RepositoryConfigurationExtensionSupport  - Spring Data Redis - Could not safely identify store assignment for repository candidate interface cn.edu.sdu.java.server.repositorys.StudentRepository; If you want this repository to be a Redis repository, consider annotating your entities with one of these annotations: org.springframework.data.redis.core.RedisHash (preferred), or consider extending one of the following types with your repository: org.springframework.data.keyvalue.repository.KeyValueRepository
2026-03-19 23:15:13,061 [main] INFO  o.s.d.r.c.RepositoryConfigurationExtensionSupport  - Spring Data Redis - Could not safely identify store assignment for repository candidate interface cn.edu.sdu.java.server.repositorys.StudentStatisticsRepository; If you want this repository to be a Redis repository, consider annotating your entities with one of these annotations: org.springframework.data.redis.core.RedisHash (preferred), or consider extending one of the following types with your repository: org.springframework.data.keyvalue.repository.KeyValueRepository
2026-03-19 23:15:13,061 [main] INFO  o.s.d.r.c.RepositoryConfigurationExtensionSupport  - Spring Data Redis - Could not safely identify store assignment for repository candidate interface cn.edu.sdu.java.server.repositorys.SystemInfoRepository; If you want this repository to be a Redis repository, consider annotating your entities with one of these annotations: org.springframework.data.redis.core.RedisHash (preferred), or consider extending one of the following types with your repository: org.springframework.data.keyvalue.repository.KeyValueRepository
2026-03-19 23:15:13,061 [main] INFO  o.s.d.r.c.RepositoryConfigurationExtensionSupport  - Spring Data Redis - Could not safely identify store assignment for repository candidate interface cn.edu.sdu.java.server.repositorys.TeacherRepository; If you want this repository to be a Redis repository, consider annotating your entities with one of these annotations: org.springframework.data.redis.core.RedisHash (preferred), or consider extending one of the following types with your repository: org.springframework.data.keyvalue.repository.KeyValueRepository
2026-03-19 23:15:13,061 [main] INFO  o.s.d.r.c.RepositoryConfigurationExtensionSupport  - Spring Data Redis - Could not safely identify store assignment for repository candidate interface cn.edu.sdu.java.server.repositorys.UserRepository; If you want this repository to be a Redis repository, consider annotating your entities with one of these annotations: org.springframework.data.redis.core.RedisHash (preferred), or consider extending one of the following types with your repository: org.springframework.data.keyvalue.repository.KeyValueRepository
2026-03-19 23:15:13,061 [main] INFO  o.s.d.r.c.RepositoryConfigurationExtensionSupport  - Spring Data Redis - Could not safely identify store assignment for repository candidate interface cn.edu.sdu.java.server.repositorys.UserTypeRepository; If you want this repository to be a Redis repository, consider annotating your entities with one of these annotations: org.springframework.data.redis.core.RedisHash (preferred), or consider extending one of the following types with your repository: org.springframework.data.keyvalue.repository.KeyValueRepository
2026-03-19 23:15:13,061 [main] INFO  o.s.d.r.c.RepositoryConfigurationDelegate          - Finished Spring Data repository scanning in 11 ms. Found 0 Redis repository interfaces.
2026-03-19 23:15:13,972 [main] INFO  o.s.b.w.embedded.tomcat.TomcatWebServer            - Tomcat initialized with port 22223 (http)
2026-03-19 23:15:13,982 [main] INFO  o.apache.coyote.http11.Http11NioProtocol           - Initializing ProtocolHandler ["http-nio-22223"]
2026-03-19 23:15:13,984 [main] INFO  o.apache.catalina.core.StandardService             - Starting service [Tomcat]
2026-03-19 23:15:13,984 [main] INFO  org.apache.catalina.core.StandardEngine            - Starting Servlet engine: [Apache Tomcat/10.1.34]
2026-03-19 23:15:14,047 [main] INFO  o.a.c.c.C.[Tomcat].[localhost].[/]                 - Initializing Spring embedded WebApplicationContext
2026-03-19 23:15:14,048 [main] INFO  o.s.b.w.s.c.ServletWebServerApplicationContext     - Root WebApplicationContext: initialization completed in 2041 ms
2026-03-19 23:15:14,172 [main] INFO  com.zaxxer.hikari.HikariDataSource                 - HikariPool-1 - Starting...
2026-03-19 23:15:19,076 [main] INFO  com.zaxxer.hikari.pool.HikariPool                  - HikariPool-1 - Added connection com.mysql.cj.jdbc.ConnectionImpl@3dda8a2e
2026-03-19 23:15:19,080 [main] INFO  com.zaxxer.hikari.HikariDataSource                 - HikariPool-1 - Start completed.
2026-03-19 23:15:19,114 [main] INFO  o.hibernate.jpa.internal.util.LogHelper            - HHH000204: Processing PersistenceUnitInfo [name: default]
2026-03-19 23:15:19,143 [main] INFO  org.hibernate.Version                              - HHH000412: Hibernate ORM core version 6.6.5.Final
2026-03-19 23:15:19,162 [main] INFO  o.h.c.internal.RegionFactoryInitiator              - HHH000026: Second-level cache disabled
2026-03-19 23:15:19,326 [main] INFO  o.s.o.j.p.SpringPersistenceUnitInfo                - No LoadTimeWeaver setup: ignoring JPA class transformer
2026-03-19 23:15:19,410 [main] INFO  org.hibernate.orm.connections.pooling              - HHH10001005: Database info:
	Database JDBC URL [Connecting through datasource 'HikariDataSource (HikariPool-1)']
	Database driver: undefined/unknown
	Database version: 8.0.35
	Autocommit mode: undefined/unknown
	Isolation level: undefined/unknown
	Minimum pool size: undefined/unknown
	Maximum pool size: undefined/unknown
2026-03-19 23:15:20,157 [main] INFO  o.h.e.t.j.p.i.JtaPlatformInitiator                 - HHH000489: No JTA platform available (set 'hibernate.transaction.jta.platform' to enable JTA platform integration)
2026-03-19 23:15:20,159 [main] INFO  o.s.o.j.LocalContainerEntityManagerFactoryBean     - Initialized JPA EntityManagerFactory for persistence unit 'default'
2026-03-19 23:15:20,427 [main] INFO  o.s.d.j.r.query.QueryEnhancerFactory               - Hibernate is in classpath; If applicable, HQL parser will be used.
2026-03-19 23:15:21,020 [main] WARN  o.s.b.a.o.j.JpaBaseConfiguration$JpaWebConfiguration - spring.jpa.open-in-view is enabled by default. Therefore, database queries may be performed during view rendering. Explicitly configure spring.jpa.open-in-view to disable this warning
2026-03-19 23:15:21,459 [main] INFO  o.s.s.c.a.a.c.InitializeAuthenticationProviderBeanManagerConfigurer$InitializeAuthenticationProviderManagerConfigurer - Global AuthenticationManager configured with AuthenticationProvider bean with name authenticationProvider
2026-03-19 23:15:21,459 [main] WARN  o.s.s.c.a.a.c.InitializeUserDetailsBeanManagerConfigurer$InitializeUserDetailsManagerConfigurer - Global AuthenticationManager configured with an AuthenticationProvider bean. UserDetailsService beans will not be used by Spring Security for automatically configuring username/password login. Consider removing the AuthenticationProvider bean. Alternatively, consider using the UserDetailsService in a manually instantiated DaoAuthenticationProvider. If the current configuration is intentional, to turn off this warning, increase the logging level of 'org.springframework.security.config.annotation.authentication.configuration.InitializeUserDetailsBeanManagerConfigurer' to ERROR
2026-03-19 23:15:22,117 [main] INFO  o.s.b.a.w.s.WelcomePageHandlerMapping              - Adding welcome page: class path resource [public/index.html]
2026-03-19 23:15:23,168 [main] INFO  o.apache.coyote.http11.Http11NioProtocol           - Starting ProtocolHandler ["http-nio-22223"]
2026-03-19 23:15:23,206 [main] INFO  o.s.b.w.embedded.tomcat.TomcatWebServer            - Tomcat started on port 22223 (http) with context path '/'
2026-03-19 23:15:23,218 [main] INFO  c.e.s.java.server.JavaServerApplication            - Started JavaServerApplication in 11.972 seconds (process running for 12.458)
2026-03-19 23:15:23,225 [main] INFO  c.e.s.j.server.SystemApplicationListener           - org.springframework.boot.context.event.ApplicationReadyEvent[source=org.springframework.boot.SpringApplication@60bdba16]
2026-03-19 23:15:23,225 [main] INFO  c.e.s.j.server.SystemApplicationListener           - SystemInitStart
2026-03-19 23:15:23,573 [main] INFO  c.e.s.j.server.SystemApplicationListener           - systemInitEnd
2026-03-19 23:20:32,229 [http-nio-22223-exec-1] INFO  o.a.c.c.C.[Tomcat].[localhost].[/]                 - Initializing Spring DispatcherServlet 'dispatcherServlet'
2026-03-19 23:20:32,229 [http-nio-22223-exec-1] INFO  o.s.web.servlet.DispatcherServlet                  - Initializing Servlet 'dispatcherServlet'
2026-03-19 23:20:32,230 [http-nio-22223-exec-1] INFO  o.s.web.servlet.DispatcherServlet                  - Completed initialization in 1 ms
2026-03-19 23:34:47,707 [SpringApplicationShutdownHook] INFO  o.s.b.w.embedded.tomcat.GracefulShutdown           - Commencing graceful shutdown. Waiting for active requests to complete
2026-03-19 23:34:47,713 [tomcat-shutdown] INFO  o.s.b.w.embedded.tomcat.GracefulShutdown           - Graceful shutdown complete
2026-03-19 23:34:47,727 [SpringApplicationShutdownHook] INFO  o.s.o.j.LocalContainerEntityManagerFactoryBean     - Closing JPA EntityManagerFactory for persistence unit 'default'
2026-03-19 23:34:47,728 [SpringApplicationShutdownHook] INFO  com.zaxxer.hikari.HikariDataSource                 - HikariPool-1 - Shutdown initiated...
2026-03-19 23:34:47,733 [SpringApplicationShutdownHook] INFO  com.zaxxer.hikari.HikariDataSource                 - HikariPool-1 - Shutdown completed.
2026-03-19 23:34:51,827 [background-preinit] INFO  o.h.validator.internal.util.Version                - HV000001: Hibernate Validator 8.0.2.Final
2026-03-19 23:34:51,889 [main] INFO  c.e.s.java.server.JavaServerApplication            - Starting JavaServerApplication using Java 21.0.10 with PID 24460 (F:\Java_project\java-server\target\classes started by Lv Yuetong in F:\Java_project\java-server)
2026-03-19 23:34:51,891 [main] INFO  c.e.s.java.server.JavaServerApplication            - No active profile set, falling back to 1 default profile: "default"
2026-03-19 23:34:52,708 [main] INFO  o.s.d.r.c.RepositoryConfigurationDelegate          - Multiple Spring Data modules found, entering strict repository configuration mode
2026-03-19 23:34:52,710 [main] INFO  o.s.d.r.c.RepositoryConfigurationDelegate          - Bootstrapping Spring Data JPA repositories in DEFAULT mode.
2026-03-19 23:34:52,844 [main] INFO  o.s.d.r.c.RepositoryConfigurationDelegate          - Finished Spring Data repository scanning in 122 ms. Found 19 JPA repository interfaces.
2026-03-19 23:34:52,859 [main] INFO  o.s.d.r.c.RepositoryConfigurationDelegate          - Multiple Spring Data modules found, entering strict repository configuration mode
2026-03-19 23:34:52,860 [main] INFO  o.s.d.r.c.RepositoryConfigurationDelegate          - Bootstrapping Spring Data Redis repositories in DEFAULT mode.
2026-03-19 23:34:52,875 [main] INFO  o.s.d.r.c.RepositoryConfigurationExtensionSupport  - Spring Data Redis - Could not safely identify store assignment for repository candidate interface cn.edu.sdu.java.server.repositorys.CourseRepository; If you want this repository to be a Redis repository, consider annotating your entities with one of these annotations: org.springframework.data.redis.core.RedisHash (preferred), or consider extending one of the following types with your repository: org.springframework.data.keyvalue.repository.KeyValueRepository
2026-03-19 23:34:52,875 [main] INFO  o.s.d.r.c.RepositoryConfigurationExtensionSupport  - Spring Data Redis - Could not safely identify store assignment for repository candidate interface cn.edu.sdu.java.server.repositorys.DailyActivityRepository; If you want this repository to be a Redis repository, consider annotating your entities with one of these annotations: org.springframework.data.redis.core.RedisHash (preferred), or consider extending one of the following types with your repository: org.springframework.data.keyvalue.repository.KeyValueRepository
2026-03-19 23:34:52,875 [main] INFO  o.s.d.r.c.RepositoryConfigurationExtensionSupport  - Spring Data Redis - Could not safely identify store assignment for repository candidate interface cn.edu.sdu.java.server.repositorys.DictionaryInfoRepository; If you want this repository to be a Redis repository, consider annotating your entities with one of these annotations: org.springframework.data.redis.core.RedisHash (preferred), or consider extending one of the following types with your repository: org.springframework.data.keyvalue.repository.KeyValueRepository
2026-03-19 23:34:52,875 [main] INFO  o.s.d.r.c.RepositoryConfigurationExtensionSupport  - Spring Data Redis - Could not safely identify store assignment for repository candidate interface cn.edu.sdu.java.server.repositorys.FamilyMemberRepository; If you want this repository to be a Redis repository, consider annotating your entities with one of these annotations: org.springframework.data.redis.core.RedisHash (preferred), or consider extending one of the following types with your repository: org.springframework.data.keyvalue.repository.KeyValueRepository
2026-03-19 23:34:52,875 [main] INFO  o.s.d.r.c.RepositoryConfigurationExtensionSupport  - Spring Data Redis - Could not safely identify store assignment for repository candidate interface cn.edu.sdu.java.server.repositorys.FeeRepository; If you want this repository to be a Redis repository, consider annotating your entities with one of these annotations: org.springframework.data.redis.core.RedisHash (preferred), or consider extending one of the following types with your repository: org.springframework.data.keyvalue.repository.KeyValueRepository
2026-03-19 23:34:52,876 [main] INFO  o.s.d.r.c.RepositoryConfigurationExtensionSupport  - Spring Data Redis - Could not safely identify store assignment for repository candidate interface cn.edu.sdu.java.server.repositorys.HonorRepository; If you want this repository to be a Redis repository, consider annotating your entities with one of these annotations: org.springframework.data.redis.core.RedisHash (preferred), or consider extending one of the following types with your repository: org.springframework.data.keyvalue.repository.KeyValueRepository
2026-03-19 23:34:52,876 [main] INFO  o.s.d.r.c.RepositoryConfigurationExtensionSupport  - Spring Data Redis - Could not safely identify store assignment for repository candidate interface cn.edu.sdu.java.server.repositorys.InnovationProjectRepository; If you want this repository to be a Redis repository, consider annotating your entities with one of these annotations: org.springframework.data.redis.core.RedisHash (preferred), or consider extending one of the following types with your repository: org.springframework.data.keyvalue.repository.KeyValueRepository
2026-03-19 23:34:52,876 [main] INFO  o.s.d.r.c.RepositoryConfigurationExtensionSupport  - Spring Data Redis - Could not safely identify store assignment for repository candidate interface cn.edu.sdu.java.server.repositorys.MenuInfoRepository; If you want this repository to be a Redis repository, consider annotating your entities with one of these annotations: org.springframework.data.redis.core.RedisHash (preferred), or consider extending one of the following types with your repository: org.springframework.data.keyvalue.repository.KeyValueRepository
2026-03-19 23:34:52,876 [main] INFO  o.s.d.r.c.RepositoryConfigurationExtensionSupport  - Spring Data Redis - Could not safely identify store assignment for repository candidate interface cn.edu.sdu.java.server.repositorys.ModifyLogRepository; If you want this repository to be a Redis repository, consider annotating your entities with one of these annotations: org.springframework.data.redis.core.RedisHash (preferred), or consider extending one of the following types with your repository: org.springframework.data.keyvalue.repository.KeyValueRepository
2026-03-19 23:34:52,877 [main] INFO  o.s.d.r.c.RepositoryConfigurationExtensionSupport  - Spring Data Redis - Could not safely identify store assignment for repository candidate interface cn.edu.sdu.java.server.repositorys.PersonRepository; If you want this repository to be a Redis repository, consider annotating your entities with one of these annotations: org.springframework.data.redis.core.RedisHash (preferred), or consider extending one of the following types with your repository: org.springframework.data.keyvalue.repository.KeyValueRepository
2026-03-19 23:34:52,877 [main] INFO  o.s.d.r.c.RepositoryConfigurationExtensionSupport  - Spring Data Redis - Could not safely identify store assignment for repository candidate interface cn.edu.sdu.java.server.repositorys.ScoreRepository; If you want this repository to be a Redis repository, consider annotating your entities with one of these annotations: org.springframework.data.redis.core.RedisHash (preferred), or consider extending one of the following types with your repository: org.springframework.data.keyvalue.repository.KeyValueRepository
2026-03-19 23:34:52,877 [main] INFO  o.s.d.r.c.RepositoryConfigurationExtensionSupport  - Spring Data Redis - Could not safely identify store assignment for repository candidate interface cn.edu.sdu.java.server.repositorys.StatisticsDayRepository; If you want this repository to be a Redis repository, consider annotating your entities with one of these annotations: org.springframework.data.redis.core.RedisHash (preferred), or consider extending one of the following types with your repository: org.springframework.data.keyvalue.repository.KeyValueRepository
2026-03-19 23:34:52,877 [main] INFO  o.s.d.r.c.RepositoryConfigurationExtensionSupport  - Spring Data Redis - Could not safely identify store assignment for repository candidate interface cn.edu.sdu.java.server.repositorys.StudentLeaveRepository; If you want this repository to be a Redis repository, consider annotating your entities with one of these annotations: org.springframework.data.redis.core.RedisHash (preferred), or consider extending one of the following types with your repository: org.springframework.data.keyvalue.repository.KeyValueRepository
2026-03-19 23:34:52,877 [main] INFO  o.s.d.r.c.RepositoryConfigurationExtensionSupport  - Spring Data Redis - Could not safely identify store assignment for repository candidate interface cn.edu.sdu.java.server.repositorys.StudentRepository; If you want this repository to be a Redis repository, consider annotating your entities with one of these annotations: org.springframework.data.redis.core.RedisHash (preferred), or consider extending one of the following types with your repository: org.springframework.data.keyvalue.repository.KeyValueRepository
2026-03-19 23:34:52,877 [main] INFO  o.s.d.r.c.RepositoryConfigurationExtensionSupport  - Spring Data Redis - Could not safely identify store assignment for repository candidate interface cn.edu.sdu.java.server.repositorys.StudentStatisticsRepository; If you want this repository to be a Redis repository, consider annotating your entities with one of these annotations: org.springframework.data.redis.core.RedisHash (preferred), or consider extending one of the following types with your repository: org.springframework.data.keyvalue.repository.KeyValueRepository
2026-03-19 23:34:52,877 [main] INFO  o.s.d.r.c.RepositoryConfigurationExtensionSupport  - Spring Data Redis - Could not safely identify store assignment for repository candidate interface cn.edu.sdu.java.server.repositorys.SystemInfoRepository; If you want this repository to be a Redis repository, consider annotating your entities with one of these annotations: org.springframework.data.redis.core.RedisHash (preferred), or consider extending one of the following types with your repository: org.springframework.data.keyvalue.repository.KeyValueRepository
2026-03-19 23:34:52,878 [main] INFO  o.s.d.r.c.RepositoryConfigurationExtensionSupport  - Spring Data Redis - Could not safely identify store assignment for repository candidate interface cn.edu.sdu.java.server.repositorys.TeacherRepository; If you want this repository to be a Redis repository, consider annotating your entities with one of these annotations: org.springframework.data.redis.core.RedisHash (preferred), or consider extending one of the following types with your repository: org.springframework.data.keyvalue.repository.KeyValueRepository
2026-03-19 23:34:52,878 [main] INFO  o.s.d.r.c.RepositoryConfigurationExtensionSupport  - Spring Data Redis - Could not safely identify store assignment for repository candidate interface cn.edu.sdu.java.server.repositorys.UserRepository; If you want this repository to be a Redis repository, consider annotating your entities with one of these annotations: org.springframework.data.redis.core.RedisHash (preferred), or consider extending one of the following types with your repository: org.springframework.data.keyvalue.repository.KeyValueRepository
2026-03-19 23:34:52,878 [main] INFO  o.s.d.r.c.RepositoryConfigurationExtensionSupport  - Spring Data Redis - Could not safely identify store assignment for repository candidate interface cn.edu.sdu.java.server.repositorys.UserTypeRepository; If you want this repository to be a Redis repository, consider annotating your entities with one of these annotations: org.springframework.data.redis.core.RedisHash (preferred), or consider extending one of the following types with your repository: org.springframework.data.keyvalue.repository.KeyValueRepository
2026-03-19 23:34:52,878 [main] INFO  o.s.d.r.c.RepositoryConfigurationDelegate          - Finished Spring Data repository scanning in 10 ms. Found 0 Redis repository interfaces.
2026-03-19 23:34:53,709 [main] INFO  o.s.b.w.embedded.tomcat.TomcatWebServer            - Tomcat initialized with port 22223 (http)
2026-03-19 23:34:53,728 [main] INFO  o.apache.coyote.http11.Http11NioProtocol           - Initializing ProtocolHandler ["http-nio-22223"]
2026-03-19 23:34:53,730 [main] INFO  o.apache.catalina.core.StandardService             - Starting service [Tomcat]
2026-03-19 23:34:53,731 [main] INFO  org.apache.catalina.core.StandardEngine            - Starting Servlet engine: [Apache Tomcat/10.1.34]
2026-03-19 23:34:53,817 [main] INFO  o.a.c.c.C.[Tomcat].[localhost].[/]                 - Initializing Spring embedded WebApplicationContext
2026-03-19 23:34:53,818 [main] INFO  o.s.b.w.s.c.ServletWebServerApplicationContext     - Root WebApplicationContext: initialization completed in 1883 ms
2026-03-19 23:34:53,966 [main] INFO  com.zaxxer.hikari.HikariDataSource                 - HikariPool-1 - Starting...
2026-03-19 23:34:58,764 [main] INFO  com.zaxxer.hikari.pool.HikariPool                  - HikariPool-1 - Added connection com.mysql.cj.jdbc.ConnectionImpl@27438750
2026-03-19 23:34:58,765 [main] INFO  com.zaxxer.hikari.HikariDataSource                 - HikariPool-1 - Start completed.
2026-03-19 23:34:58,799 [main] INFO  o.hibernate.jpa.internal.util.LogHelper            - HHH000204: Processing PersistenceUnitInfo [name: default]
2026-03-19 23:34:58,838 [main] INFO  org.hibernate.Version                              - HHH000412: Hibernate ORM core version 6.6.5.Final
2026-03-19 23:34:58,864 [main] INFO  o.h.c.internal.RegionFactoryInitiator              - HHH000026: Second-level cache disabled
2026-03-19 23:34:59,032 [main] INFO  o.s.o.j.p.SpringPersistenceUnitInfo                - No LoadTimeWeaver setup: ignoring JPA class transformer
2026-03-19 23:34:59,114 [main] INFO  org.hibernate.orm.connections.pooling              - HHH10001005: Database info:
	Database JDBC URL [Connecting through datasource 'HikariDataSource (HikariPool-1)']
	Database driver: undefined/unknown
	Database version: 8.0.35
	Autocommit mode: undefined/unknown
	Isolation level: undefined/unknown
	Minimum pool size: undefined/unknown
	Maximum pool size: undefined/unknown
2026-03-19 23:34:59,896 [main] INFO  o.h.e.t.j.p.i.JtaPlatformInitiator                 - HHH000489: No JTA platform available (set 'hibernate.transaction.jta.platform' to enable JTA platform integration)
2026-03-19 23:34:59,898 [main] INFO  o.s.o.j.LocalContainerEntityManagerFactoryBean     - Initialized JPA EntityManagerFactory for persistence unit 'default'
2026-03-19 23:35:00,175 [main] INFO  o.s.d.j.r.query.QueryEnhancerFactory               - Hibernate is in classpath; If applicable, HQL parser will be used.
2026-03-19 23:35:00,759 [main] WARN  o.s.b.a.o.j.JpaBaseConfiguration$JpaWebConfiguration - spring.jpa.open-in-view is enabled by default. Therefore, database queries may be performed during view rendering. Explicitly configure spring.jpa.open-in-view to disable this warning
2026-03-19 23:35:01,066 [main] INFO  o.s.s.c.a.a.c.InitializeAuthenticationProviderBeanManagerConfigurer$InitializeAuthenticationProviderManagerConfigurer - Global AuthenticationManager configured with AuthenticationProvider bean with name authenticationProvider
2026-03-19 23:35:01,066 [main] WARN  o.s.s.c.a.a.c.InitializeUserDetailsBeanManagerConfigurer$InitializeUserDetailsManagerConfigurer - Global AuthenticationManager configured with an AuthenticationProvider bean. UserDetailsService beans will not be used by Spring Security for automatically configuring username/password login. Consider removing the AuthenticationProvider bean. Alternatively, consider using the UserDetailsService in a manually instantiated DaoAuthenticationProvider. If the current configuration is intentional, to turn off this warning, increase the logging level of 'org.springframework.security.config.annotation.authentication.configuration.InitializeUserDetailsBeanManagerConfigurer' to ERROR
2026-03-19 23:35:01,631 [main] INFO  o.s.b.a.w.s.WelcomePageHandlerMapping              - Adding welcome page: class path resource [public/index.html]
2026-03-19 23:35:02,575 [main] INFO  o.apache.coyote.http11.Http11NioProtocol           - Starting ProtocolHandler ["http-nio-22223"]
2026-03-19 23:35:02,610 [main] INFO  o.s.b.w.embedded.tomcat.TomcatWebServer            - Tomcat started on port 22223 (http) with context path '/'
2026-03-19 23:35:02,621 [main] INFO  c.e.s.java.server.JavaServerApplication            - Started JavaServerApplication in 11.264 seconds (process running for 11.693)
2026-03-19 23:35:02,628 [main] INFO  c.e.s.j.server.SystemApplicationListener           - org.springframework.boot.context.event.ApplicationReadyEvent[source=org.springframework.boot.SpringApplication@22c73577]
2026-03-19 23:35:02,628 [main] INFO  c.e.s.j.server.SystemApplicationListener           - SystemInitStart
2026-03-19 23:35:02,872 [main] INFO  c.e.s.j.server.SystemApplicationListener           - systemInitEnd
2026-03-19 23:35:18,367 [http-nio-22223-exec-1] INFO  o.a.c.c.C.[Tomcat].[localhost].[/]                 - Initializing Spring DispatcherServlet 'dispatcherServlet'
2026-03-19 23:35:18,368 [http-nio-22223-exec-1] INFO  o.s.web.servlet.DispatcherServlet                  - Initializing Servlet 'dispatcherServlet'
2026-03-19 23:35:18,368 [http-nio-22223-exec-1] INFO  o.s.web.servlet.DispatcherServlet                  - Completed initialization in 0 ms
2026-03-19 23:50:09,746 [SpringApplicationShutdownHook] INFO  o.s.b.w.embedded.tomcat.GracefulShutdown           - Commencing graceful shutdown. Waiting for active requests to complete
2026-03-19 23:50:09,754 [tomcat-shutdown] INFO  o.s.b.w.embedded.tomcat.GracefulShutdown           - Graceful shutdown complete
2026-03-19 23:50:09,780 [SpringApplicationShutdownHook] INFO  o.s.o.j.LocalContainerEntityManagerFactoryBean     - Closing JPA EntityManagerFactory for persistence unit 'default'
2026-03-19 23:50:09,783 [SpringApplicationShutdownHook] INFO  com.zaxxer.hikari.HikariDataSource                 - HikariPool-1 - Shutdown initiated...
2026-03-19 23:50:09,793 [SpringApplicationShutdownHook] INFO  com.zaxxer.hikari.HikariDataSource                 - HikariPool-1 - Shutdown completed.
2026-03-19 23:50:13,391 [background-preinit] INFO  o.h.validator.internal.util.Version                - HV000001: Hibernate Validator 8.0.2.Final
2026-03-19 23:50:13,452 [main] INFO  c.e.s.java.server.JavaServerApplication            - Starting JavaServerApplication using Java 21.0.10 with PID 11612 (F:\Java_project\java-server\target\classes started by Lv Yuetong in F:\Java_project\java-server)
2026-03-19 23:50:13,453 [main] INFO  c.e.s.java.server.JavaServerApplication            - No active profile set, falling back to 1 default profile: "default"
2026-03-19 23:50:14,263 [main] INFO  o.s.d.r.c.RepositoryConfigurationDelegate          - Multiple Spring Data modules found, entering strict repository configuration mode
2026-03-19 23:50:14,264 [main] INFO  o.s.d.r.c.RepositoryConfigurationDelegate          - Bootstrapping Spring Data JPA repositories in DEFAULT mode.
2026-03-19 23:50:14,404 [main] INFO  o.s.d.r.c.RepositoryConfigurationDelegate          - Finished Spring Data repository scanning in 132 ms. Found 19 JPA repository interfaces.
2026-03-19 23:50:14,418 [main] INFO  o.s.d.r.c.RepositoryConfigurationDelegate          - Multiple Spring Data modules found, entering strict repository configuration mode
2026-03-19 23:50:14,419 [main] INFO  o.s.d.r.c.RepositoryConfigurationDelegate          - Bootstrapping Spring Data Redis repositories in DEFAULT mode.
2026-03-19 23:50:14,433 [main] INFO  o.s.d.r.c.RepositoryConfigurationExtensionSupport  - Spring Data Redis - Could not safely identify store assignment for repository candidate interface cn.edu.sdu.java.server.repositorys.CourseRepository; If you want this repository to be a Redis repository, consider annotating your entities with one of these annotations: org.springframework.data.redis.core.RedisHash (preferred), or consider extending one of the following types with your repository: org.springframework.data.keyvalue.repository.KeyValueRepository
2026-03-19 23:50:14,434 [main] INFO  o.s.d.r.c.RepositoryConfigurationExtensionSupport  - Spring Data Redis - Could not safely identify store assignment for repository candidate interface cn.edu.sdu.java.server.repositorys.DailyActivityRepository; If you want this repository to be a Redis repository, consider annotating your entities with one of these annotations: org.springframework.data.redis.core.RedisHash (preferred), or consider extending one of the following types with your repository: org.springframework.data.keyvalue.repository.KeyValueRepository
2026-03-19 23:50:14,434 [main] INFO  o.s.d.r.c.RepositoryConfigurationExtensionSupport  - Spring Data Redis - Could not safely identify store assignment for repository candidate interface cn.edu.sdu.java.server.repositorys.DictionaryInfoRepository; If you want this repository to be a Redis repository, consider annotating your entities with one of these annotations: org.springframework.data.redis.core.RedisHash (preferred), or consider extending one of the following types with your repository: org.springframework.data.keyvalue.repository.KeyValueRepository
2026-03-19 23:50:14,434 [main] INFO  o.s.d.r.c.RepositoryConfigurationExtensionSupport  - Spring Data Redis - Could not safely identify store assignment for repository candidate interface cn.edu.sdu.java.server.repositorys.FamilyMemberRepository; If you want this repository to be a Redis repository, consider annotating your entities with one of these annotations: org.springframework.data.redis.core.RedisHash (preferred), or consider extending one of the following types with your repository: org.springframework.data.keyvalue.repository.KeyValueRepository
2026-03-19 23:50:14,434 [main] INFO  o.s.d.r.c.RepositoryConfigurationExtensionSupport  - Spring Data Redis - Could not safely identify store assignment for repository candidate interface cn.edu.sdu.java.server.repositorys.FeeRepository; If you want this repository to be a Redis repository, consider annotating your entities with one of these annotations: org.springframework.data.redis.core.RedisHash (preferred), or consider extending one of the following types with your repository: org.springframework.data.keyvalue.repository.KeyValueRepository
2026-03-19 23:50:14,434 [main] INFO  o.s.d.r.c.RepositoryConfigurationExtensionSupport  - Spring Data Redis - Could not safely identify store assignment for repository candidate interface cn.edu.sdu.java.server.repositorys.HonorRepository; If you want this repository to be a Redis repository, consider annotating your entities with one of these annotations: org.springframework.data.redis.core.RedisHash (preferred), or consider extending one of the following types with your repository: org.springframework.data.keyvalue.repository.KeyValueRepository
2026-03-19 23:50:14,434 [main] INFO  o.s.d.r.c.RepositoryConfigurationExtensionSupport  - Spring Data Redis - Could not safely identify store assignment for repository candidate interface cn.edu.sdu.java.server.repositorys.InnovationProjectRepository; If you want this repository to be a Redis repository, consider annotating your entities with one of these annotations: org.springframework.data.redis.core.RedisHash (preferred), or consider extending one of the following types with your repository: org.springframework.data.keyvalue.repository.KeyValueRepository
2026-03-19 23:50:14,435 [main] INFO  o.s.d.r.c.RepositoryConfigurationExtensionSupport  - Spring Data Redis - Could not safely identify store assignment for repository candidate interface cn.edu.sdu.java.server.repositorys.MenuInfoRepository; If you want this repository to be a Redis repository, consider annotating your entities with one of these annotations: org.springframework.data.redis.core.RedisHash (preferred), or consider extending one of the following types with your repository: org.springframework.data.keyvalue.repository.KeyValueRepository
2026-03-19 23:50:14,435 [main] INFO  o.s.d.r.c.RepositoryConfigurationExtensionSupport  - Spring Data Redis - Could not safely identify store assignment for repository candidate interface cn.edu.sdu.java.server.repositorys.ModifyLogRepository; If you want this repository to be a Redis repository, consider annotating your entities with one of these annotations: org.springframework.data.redis.core.RedisHash (preferred), or consider extending one of the following types with your repository: org.springframework.data.keyvalue.repository.KeyValueRepository
2026-03-19 23:50:14,436 [main] INFO  o.s.d.r.c.RepositoryConfigurationExtensionSupport  - Spring Data Redis - Could not safely identify store assignment for repository candidate interface cn.edu.sdu.java.server.repositorys.PersonRepository; If you want this repository to be a Redis repository, consider annotating your entities with one of these annotations: org.springframework.data.redis.core.RedisHash (preferred), or consider extending one of the following types with your repository: org.springframework.data.keyvalue.repository.KeyValueRepository
2026-03-19 23:50:14,436 [main] INFO  o.s.d.r.c.RepositoryConfigurationExtensionSupport  - Spring Data Redis - Could not safely identify store assignment for repository candidate interface cn.edu.sdu.java.server.repositorys.ScoreRepository; If you want this repository to be a Redis repository, consider annotating your entities with one of these annotations: org.springframework.data.redis.core.RedisHash (preferred), or consider extending one of the following types with your repository: org.springframework.data.keyvalue.repository.KeyValueRepository
2026-03-19 23:50:14,436 [main] INFO  o.s.d.r.c.RepositoryConfigurationExtensionSupport  - Spring Data Redis - Could not safely identify store assignment for repository candidate interface cn.edu.sdu.java.server.repositorys.StatisticsDayRepository; If you want this repository to be a Redis repository, consider annotating your entities with one of these annotations: org.springframework.data.redis.core.RedisHash (preferred), or consider extending one of the following types with your repository: org.springframework.data.keyvalue.repository.KeyValueRepository
2026-03-19 23:50:14,436 [main] INFO  o.s.d.r.c.RepositoryConfigurationExtensionSupport  - Spring Data Redis - Could not safely identify store assignment for repository candidate interface cn.edu.sdu.java.server.repositorys.StudentLeaveRepository; If you want this repository to be a Redis repository, consider annotating your entities with one of these annotations: org.springframework.data.redis.core.RedisHash (preferred), or consider extending one of the following types with your repository: org.springframework.data.keyvalue.repository.KeyValueRepository
2026-03-19 23:50:14,436 [main] INFO  o.s.d.r.c.RepositoryConfigurationExtensionSupport  - Spring Data Redis - Could not safely identify store assignment for repository candidate interface cn.edu.sdu.java.server.repositorys.StudentRepository; If you want this repository to be a Redis repository, consider annotating your entities with one of these annotations: org.springframework.data.redis.core.RedisHash (preferred), or consider extending one of the following types with your repository: org.springframework.data.keyvalue.repository.KeyValueRepository
2026-03-19 23:50:14,436 [main] INFO  o.s.d.r.c.RepositoryConfigurationExtensionSupport  - Spring Data Redis - Could not safely identify store assignment for repository candidate interface cn.edu.sdu.java.server.repositorys.StudentStatisticsRepository; If you want this repository to be a Redis repository, consider annotating your entities with one of these annotations: org.springframework.data.redis.core.RedisHash (preferred), or consider extending one of the following types with your repository: org.springframework.data.keyvalue.repository.KeyValueRepository
2026-03-19 23:50:14,436 [main] INFO  o.s.d.r.c.RepositoryConfigurationExtensionSupport  - Spring Data Redis - Could not safely identify store assignment for repository candidate interface cn.edu.sdu.java.server.repositorys.SystemInfoRepository; If you want this repository to be a Redis repository, consider annotating your entities with one of these annotations: org.springframework.data.redis.core.RedisHash (preferred), or consider extending one of the following types with your repository: org.springframework.data.keyvalue.repository.KeyValueRepository
2026-03-19 23:50:14,436 [main] INFO  o.s.d.r.c.RepositoryConfigurationExtensionSupport  - Spring Data Redis - Could not safely identify store assignment for repository candidate interface cn.edu.sdu.java.server.repositorys.TeacherRepository; If you want this repository to be a Redis repository, consider annotating your entities with one of these annotations: org.springframework.data.redis.core.RedisHash (preferred), or consider extending one of the following types with your repository: org.springframework.data.keyvalue.repository.KeyValueRepository
2026-03-19 23:50:14,437 [main] INFO  o.s.d.r.c.RepositoryConfigurationExtensionSupport  - Spring Data Redis - Could not safely identify store assignment for repository candidate interface cn.edu.sdu.java.server.repositorys.UserRepository; If you want this repository to be a Redis repository, consider annotating your entities with one of these annotations: org.springframework.data.redis.core.RedisHash (preferred), or consider extending one of the following types with your repository: org.springframework.data.keyvalue.repository.KeyValueRepository
2026-03-19 23:50:14,437 [main] INFO  o.s.d.r.c.RepositoryConfigurationExtensionSupport  - Spring Data Redis - Could not safely identify store assignment for repository candidate interface cn.edu.sdu.java.server.repositorys.UserTypeRepository; If you want this repository to be a Redis repository, consider annotating your entities with one of these annotations: org.springframework.data.redis.core.RedisHash (preferred), or consider extending one of the following types with your repository: org.springframework.data.keyvalue.repository.KeyValueRepository
2026-03-19 23:50:14,437 [main] INFO  o.s.d.r.c.RepositoryConfigurationDelegate          - Finished Spring Data repository scanning in 11 ms. Found 0 Redis repository interfaces.
2026-03-19 23:50:15,276 [main] INFO  o.s.b.w.embedded.tomcat.TomcatWebServer            - Tomcat initialized with port 22223 (http)
2026-03-19 23:50:15,291 [main] INFO  o.apache.coyote.http11.Http11NioProtocol           - Initializing ProtocolHandler ["http-nio-22223"]
2026-03-19 23:50:15,293 [main] INFO  o.apache.catalina.core.StandardService             - Starting service [Tomcat]
2026-03-19 23:50:15,293 [main] INFO  org.apache.catalina.core.StandardEngine            - Starting Servlet engine: [Apache Tomcat/10.1.34]
2026-03-19 23:50:15,381 [main] INFO  o.a.c.c.C.[Tomcat].[localhost].[/]                 - Initializing Spring embedded WebApplicationContext
2026-03-19 23:50:15,381 [main] INFO  o.s.b.w.s.c.ServletWebServerApplicationContext     - Root WebApplicationContext: initialization completed in 1887 ms
2026-03-19 23:50:15,535 [main] INFO  com.zaxxer.hikari.HikariDataSource                 - HikariPool-1 - Starting...
2026-03-19 23:50:20,395 [main] INFO  com.zaxxer.hikari.pool.HikariPool                  - HikariPool-1 - Added connection com.mysql.cj.jdbc.ConnectionImpl@182cc69e
2026-03-19 23:50:20,398 [main] INFO  com.zaxxer.hikari.HikariDataSource                 - HikariPool-1 - Start completed.
2026-03-19 23:50:20,435 [main] INFO  o.hibernate.jpa.internal.util.LogHelper            - HHH000204: Processing PersistenceUnitInfo [name: default]
2026-03-19 23:50:20,468 [main] INFO  org.hibernate.Version                              - HHH000412: Hibernate ORM core version 6.6.5.Final
2026-03-19 23:50:20,489 [main] INFO  o.h.c.internal.RegionFactoryInitiator              - HHH000026: Second-level cache disabled
2026-03-19 23:50:20,660 [main] INFO  o.s.o.j.p.SpringPersistenceUnitInfo                - No LoadTimeWeaver setup: ignoring JPA class transformer
2026-03-19 23:50:20,745 [main] INFO  org.hibernate.orm.connections.pooling              - HHH10001005: Database info:
	Database JDBC URL [Connecting through datasource 'HikariDataSource (HikariPool-1)']
	Database driver: undefined/unknown
	Database version: 8.0.35
	Autocommit mode: undefined/unknown
	Isolation level: undefined/unknown
	Minimum pool size: undefined/unknown
	Maximum pool size: undefined/unknown
2026-03-19 23:50:21,470 [main] INFO  o.h.e.t.j.p.i.JtaPlatformInitiator                 - HHH000489: No JTA platform available (set 'hibernate.transaction.jta.platform' to enable JTA platform integration)
2026-03-19 23:50:21,472 [main] INFO  o.s.o.j.LocalContainerEntityManagerFactoryBean     - Initialized JPA EntityManagerFactory for persistence unit 'default'
2026-03-19 23:50:21,686 [main] INFO  o.s.d.j.r.query.QueryEnhancerFactory               - Hibernate is in classpath; If applicable, HQL parser will be used.
2026-03-19 23:50:22,259 [main] WARN  o.s.b.a.o.j.JpaBaseConfiguration$JpaWebConfiguration - spring.jpa.open-in-view is enabled by default. Therefore, database queries may be performed during view rendering. Explicitly configure spring.jpa.open-in-view to disable this warning
2026-03-19 23:50:22,528 [main] INFO  o.s.s.c.a.a.c.InitializeAuthenticationProviderBeanManagerConfigurer$InitializeAuthenticationProviderManagerConfigurer - Global AuthenticationManager configured with AuthenticationProvider bean with name authenticationProvider
2026-03-19 23:50:22,528 [main] WARN  o.s.s.c.a.a.c.InitializeUserDetailsBeanManagerConfigurer$InitializeUserDetailsManagerConfigurer - Global AuthenticationManager configured with an AuthenticationProvider bean. UserDetailsService beans will not be used by Spring Security for automatically configuring username/password login. Consider removing the AuthenticationProvider bean. Alternatively, consider using the UserDetailsService in a manually instantiated DaoAuthenticationProvider. If the current configuration is intentional, to turn off this warning, increase the logging level of 'org.springframework.security.config.annotation.authentication.configuration.InitializeUserDetailsBeanManagerConfigurer' to ERROR
2026-03-19 23:50:23,168 [main] INFO  o.s.b.a.w.s.WelcomePageHandlerMapping              - Adding welcome page: class path resource [public/index.html]
2026-03-19 23:50:24,202 [main] INFO  o.apache.coyote.http11.Http11NioProtocol           - Starting ProtocolHandler ["http-nio-22223"]
2026-03-19 23:50:24,240 [main] INFO  o.s.b.w.embedded.tomcat.TomcatWebServer            - Tomcat started on port 22223 (http) with context path '/'
2026-03-19 23:50:24,252 [main] INFO  c.e.s.java.server.JavaServerApplication            - Started JavaServerApplication in 11.316 seconds (process running for 11.834)
2026-03-19 23:50:24,258 [main] INFO  c.e.s.j.server.SystemApplicationListener           - org.springframework.boot.context.event.ApplicationReadyEvent[source=org.springframework.boot.SpringApplication@5eb0f030]
2026-03-19 23:50:24,259 [main] INFO  c.e.s.j.server.SystemApplicationListener           - SystemInitStart
2026-03-19 23:50:24,594 [main] INFO  c.e.s.j.server.SystemApplicationListener           - systemInitEnd
2026-03-19 23:51:02,892 [http-nio-22223-exec-1] INFO  o.a.c.c.C.[Tomcat].[localhost].[/]                 - Initializing Spring DispatcherServlet 'dispatcherServlet'
2026-03-19 23:51:02,892 [http-nio-22223-exec-1] INFO  o.s.web.servlet.DispatcherServlet                  - Initializing Servlet 'dispatcherServlet'
2026-03-19 23:51:02,892 [http-nio-22223-exec-1] INFO  o.s.web.servlet.DispatcherServlet                  - Completed initialization in 0 ms
2026-03-19 23:52:52,844 [SpringApplicationShutdownHook] INFO  o.s.b.w.embedded.tomcat.GracefulShutdown           - Commencing graceful shutdown. Waiting for active requests to complete
2026-03-19 23:52:52,849 [tomcat-shutdown] INFO  o.s.b.w.embedded.tomcat.GracefulShutdown           - Graceful shutdown complete
2026-03-19 23:52:52,861 [SpringApplicationShutdownHook] INFO  o.s.o.j.LocalContainerEntityManagerFactoryBean     - Closing JPA EntityManagerFactory for persistence unit 'default'
2026-03-19 23:52:52,863 [SpringApplicationShutdownHook] INFO  com.zaxxer.hikari.HikariDataSource                 - HikariPool-1 - Shutdown initiated...
2026-03-19 23:52:52,866 [SpringApplicationShutdownHook] INFO  com.zaxxer.hikari.HikariDataSource                 - HikariPool-1 - Shutdown completed.
2026-03-19 23:53:44,212 [background-preinit] INFO  o.h.validator.internal.util.Version                - HV000001: Hibernate Validator 8.0.2.Final
2026-03-19 23:53:44,266 [main] INFO  c.e.s.java.server.JavaServerApplication            - Starting JavaServerApplication using Java 21.0.10 with PID 29924 (F:\Java_project\java-server\target\classes started by Lv Yuetong in F:\Java_project\java-server)
2026-03-19 23:53:44,266 [main] INFO  c.e.s.java.server.JavaServerApplication            - No active profile set, falling back to 1 default profile: "default"
2026-03-19 23:53:45,189 [main] INFO  o.s.d.r.c.RepositoryConfigurationDelegate          - Multiple Spring Data modules found, entering strict repository configuration mode
2026-03-19 23:53:45,190 [main] INFO  o.s.d.r.c.RepositoryConfigurationDelegate          - Bootstrapping Spring Data JPA repositories in DEFAULT mode.
2026-03-19 23:53:45,342 [main] INFO  o.s.d.r.c.RepositoryConfigurationDelegate          - Finished Spring Data repository scanning in 139 ms. Found 19 JPA repository interfaces.
2026-03-19 23:53:45,358 [main] INFO  o.s.d.r.c.RepositoryConfigurationDelegate          - Multiple Spring Data modules found, entering strict repository configuration mode
2026-03-19 23:53:45,358 [main] INFO  o.s.d.r.c.RepositoryConfigurationDelegate          - Bootstrapping Spring Data Redis repositories in DEFAULT mode.
2026-03-19 23:53:45,375 [main] INFO  o.s.d.r.c.RepositoryConfigurationExtensionSupport  - Spring Data Redis - Could not safely identify store assignment for repository candidate interface cn.edu.sdu.java.server.repositorys.CourseRepository; If you want this repository to be a Redis repository, consider annotating your entities with one of these annotations: org.springframework.data.redis.core.RedisHash (preferred), or consider extending one of the following types with your repository: org.springframework.data.keyvalue.repository.KeyValueRepository
2026-03-19 23:53:45,375 [main] INFO  o.s.d.r.c.RepositoryConfigurationExtensionSupport  - Spring Data Redis - Could not safely identify store assignment for repository candidate interface cn.edu.sdu.java.server.repositorys.DailyActivityRepository; If you want this repository to be a Redis repository, consider annotating your entities with one of these annotations: org.springframework.data.redis.core.RedisHash (preferred), or consider extending one of the following types with your repository: org.springframework.data.keyvalue.repository.KeyValueRepository
2026-03-19 23:53:45,375 [main] INFO  o.s.d.r.c.RepositoryConfigurationExtensionSupport  - Spring Data Redis - Could not safely identify store assignment for repository candidate interface cn.edu.sdu.java.server.repositorys.DictionaryInfoRepository; If you want this repository to be a Redis repository, consider annotating your entities with one of these annotations: org.springframework.data.redis.core.RedisHash (preferred), or consider extending one of the following types with your repository: org.springframework.data.keyvalue.repository.KeyValueRepository
2026-03-19 23:53:45,375 [main] INFO  o.s.d.r.c.RepositoryConfigurationExtensionSupport  - Spring Data Redis - Could not safely identify store assignment for repository candidate interface cn.edu.sdu.java.server.repositorys.FamilyMemberRepository; If you want this repository to be a Redis repository, consider annotating your entities with one of these annotations: org.springframework.data.redis.core.RedisHash (preferred), or consider extending one of the following types with your repository: org.springframework.data.keyvalue.repository.KeyValueRepository
2026-03-19 23:53:45,375 [main] INFO  o.s.d.r.c.RepositoryConfigurationExtensionSupport  - Spring Data Redis - Could not safely identify store assignment for repository candidate interface cn.edu.sdu.java.server.repositorys.FeeRepository; If you want this repository to be a Redis repository, consider annotating your entities with one of these annotations: org.springframework.data.redis.core.RedisHash (preferred), or consider extending one of the following types with your repository: org.springframework.data.keyvalue.repository.KeyValueRepository
2026-03-19 23:53:45,376 [main] INFO  o.s.d.r.c.RepositoryConfigurationExtensionSupport  - Spring Data Redis - Could not safely identify store assignment for repository candidate interface cn.edu.sdu.java.server.repositorys.HonorRepository; If you want this repository to be a Redis repository, consider annotating your entities with one of these annotations: org.springframework.data.redis.core.RedisHash (preferred), or consider extending one of the following types with your repository: org.springframework.data.keyvalue.repository.KeyValueRepository
2026-03-19 23:53:45,376 [main] INFO  o.s.d.r.c.RepositoryConfigurationExtensionSupport  - Spring Data Redis - Could not safely identify store assignment for repository candidate interface cn.edu.sdu.java.server.repositorys.InnovationProjectRepository; If you want this repository to be a Redis repository, consider annotating your entities with one of these annotations: org.springframework.data.redis.core.RedisHash (preferred), or consider extending one of the following types with your repository: org.springframework.data.keyvalue.repository.KeyValueRepository
2026-03-19 23:53:45,376 [main] INFO  o.s.d.r.c.RepositoryConfigurationExtensionSupport  - Spring Data Redis - Could not safely identify store assignment for repository candidate interface cn.edu.sdu.java.server.repositorys.MenuInfoRepository; If you want this repository to be a Redis repository, consider annotating your entities with one of these annotations: org.springframework.data.redis.core.RedisHash (preferred), or consider extending one of the following types with your repository: org.springframework.data.keyvalue.repository.KeyValueRepository
2026-03-19 23:53:45,376 [main] INFO  o.s.d.r.c.RepositoryConfigurationExtensionSupport  - Spring Data Redis - Could not safely identify store assignment for repository candidate interface cn.edu.sdu.java.server.repositorys.ModifyLogRepository; If you want this repository to be a Redis repository, consider annotating your entities with one of these annotations: org.springframework.data.redis.core.RedisHash (preferred), or consider extending one of the following types with your repository: org.springframework.data.keyvalue.repository.KeyValueRepository
2026-03-19 23:53:45,377 [main] INFO  o.s.d.r.c.RepositoryConfigurationExtensionSupport  - Spring Data Redis - Could not safely identify store assignment for repository candidate interface cn.edu.sdu.java.server.repositorys.PersonRepository; If you want this repository to be a Redis repository, consider annotating your entities with one of these annotations: org.springframework.data.redis.core.RedisHash (preferred), or consider extending one of the following types with your repository: org.springframework.data.keyvalue.repository.KeyValueRepository
2026-03-19 23:53:45,377 [main] INFO  o.s.d.r.c.RepositoryConfigurationExtensionSupport  - Spring Data Redis - Could not safely identify store assignment for repository candidate interface cn.edu.sdu.java.server.repositorys.ScoreRepository; If you want this repository to be a Redis repository, consider annotating your entities with one of these annotations: org.springframework.data.redis.core.RedisHash (preferred), or consider extending one of the following types with your repository: org.springframework.data.keyvalue.repository.KeyValueRepository
2026-03-19 23:53:45,377 [main] INFO  o.s.d.r.c.RepositoryConfigurationExtensionSupport  - Spring Data Redis - Could not safely identify store assignment for repository candidate interface cn.edu.sdu.java.server.repositorys.StatisticsDayRepository; If you want this repository to be a Redis repository, consider annotating your entities with one of these annotations: org.springframework.data.redis.core.RedisHash (preferred), or consider extending one of the following types with your repository: org.springframework.data.keyvalue.repository.KeyValueRepository
2026-03-19 23:53:45,378 [main] INFO  o.s.d.r.c.RepositoryConfigurationExtensionSupport  - Spring Data Redis - Could not safely identify store assignment for repository candidate interface cn.edu.sdu.java.server.repositorys.StudentLeaveRepository; If you want this repository to be a Redis repository, consider annotating your entities with one of these annotations: org.springframework.data.redis.core.RedisHash (preferred), or consider extending one of the following types with your repository: org.springframework.data.keyvalue.repository.KeyValueRepository
2026-03-19 23:53:45,378 [main] INFO  o.s.d.r.c.RepositoryConfigurationExtensionSupport  - Spring Data Redis - Could not safely identify store assignment for repository candidate interface cn.edu.sdu.java.server.repositorys.StudentRepository; If you want this repository to be a Redis repository, consider annotating your entities with one of these annotations: org.springframework.data.redis.core.RedisHash (preferred), or consider extending one of the following types with your repository: org.springframework.data.keyvalue.repository.KeyValueRepository
2026-03-19 23:53:45,378 [main] INFO  o.s.d.r.c.RepositoryConfigurationExtensionSupport  - Spring Data Redis - Could not safely identify store assignment for repository candidate interface cn.edu.sdu.java.server.repositorys.StudentStatisticsRepository; If you want this repository to be a Redis repository, consider annotating your entities with one of these annotations: org.springframework.data.redis.core.RedisHash (preferred), or consider extending one of the following types with your repository: org.springframework.data.keyvalue.repository.KeyValueRepository
2026-03-19 23:53:45,378 [main] INFO  o.s.d.r.c.RepositoryConfigurationExtensionSupport  - Spring Data Redis - Could not safely identify store assignment for repository candidate interface cn.edu.sdu.java.server.repositorys.SystemInfoRepository; If you want this repository to be a Redis repository, consider annotating your entities with one of these annotations: org.springframework.data.redis.core.RedisHash (preferred), or consider extending one of the following types with your repository: org.springframework.data.keyvalue.repository.KeyValueRepository
2026-03-19 23:53:45,378 [main] INFO  o.s.d.r.c.RepositoryConfigurationExtensionSupport  - Spring Data Redis - Could not safely identify store assignment for repository candidate interface cn.edu.sdu.java.server.repositorys.TeacherRepository; If you want this repository to be a Redis repository, consider annotating your entities with one of these annotations: org.springframework.data.redis.core.RedisHash (preferred), or consider extending one of the following types with your repository: org.springframework.data.keyvalue.repository.KeyValueRepository
2026-03-19 23:53:45,379 [main] INFO  o.s.d.r.c.RepositoryConfigurationExtensionSupport  - Spring Data Redis - Could not safely identify store assignment for repository candidate interface cn.edu.sdu.java.server.repositorys.UserRepository; If you want this repository to be a Redis repository, consider annotating your entities with one of these annotations: org.springframework.data.redis.core.RedisHash (preferred), or consider extending one of the following types with your repository: org.springframework.data.keyvalue.repository.KeyValueRepository
2026-03-19 23:53:45,379 [main] INFO  o.s.d.r.c.RepositoryConfigurationExtensionSupport  - Spring Data Redis - Could not safely identify store assignment for repository candidate interface cn.edu.sdu.java.server.repositorys.UserTypeRepository; If you want this repository to be a Redis repository, consider annotating your entities with one of these annotations: org.springframework.data.redis.core.RedisHash (preferred), or consider extending one of the following types with your repository: org.springframework.data.keyvalue.repository.KeyValueRepository
2026-03-19 23:53:45,379 [main] INFO  o.s.d.r.c.RepositoryConfigurationDelegate          - Finished Spring Data repository scanning in 13 ms. Found 0 Redis repository interfaces.
2026-03-19 23:53:46,245 [main] INFO  o.s.b.w.embedded.tomcat.TomcatWebServer            - Tomcat initialized with port 22223 (http)
2026-03-19 23:53:46,257 [main] INFO  o.apache.coyote.http11.Http11NioProtocol           - Initializing ProtocolHandler ["http-nio-22223"]
2026-03-19 23:53:46,259 [main] INFO  o.apache.catalina.core.StandardService             - Starting service [Tomcat]
2026-03-19 23:53:46,259 [main] INFO  org.apache.catalina.core.StandardEngine            - Starting Servlet engine: [Apache Tomcat/10.1.34]
2026-03-19 23:53:46,334 [main] INFO  o.a.c.c.C.[Tomcat].[localhost].[/]                 - Initializing Spring embedded WebApplicationContext
2026-03-19 23:53:46,335 [main] INFO  o.s.b.w.s.c.ServletWebServerApplicationContext     - Root WebApplicationContext: initialization completed in 2028 ms
2026-03-19 23:53:46,483 [main] INFO  com.zaxxer.hikari.HikariDataSource                 - HikariPool-1 - Starting...
2026-03-19 23:53:51,280 [main] INFO  com.zaxxer.hikari.pool.HikariPool                  - HikariPool-1 - Added connection com.mysql.cj.jdbc.ConnectionImpl@3dbb3fb7
2026-03-19 23:53:51,284 [main] INFO  com.zaxxer.hikari.HikariDataSource                 - HikariPool-1 - Start completed.
2026-03-19 23:53:51,322 [main] INFO  o.hibernate.jpa.internal.util.LogHelper            - HHH000204: Processing PersistenceUnitInfo [name: default]
2026-03-19 23:53:51,351 [main] INFO  org.hibernate.Version                              - HHH000412: Hibernate ORM core version 6.6.5.Final
2026-03-19 23:53:51,373 [main] INFO  o.h.c.internal.RegionFactoryInitiator              - HHH000026: Second-level cache disabled
2026-03-19 23:53:51,545 [main] INFO  o.s.o.j.p.SpringPersistenceUnitInfo                - No LoadTimeWeaver setup: ignoring JPA class transformer
2026-03-19 23:53:51,624 [main] INFO  org.hibernate.orm.connections.pooling              - HHH10001005: Database info:
	Database JDBC URL [Connecting through datasource 'HikariDataSource (HikariPool-1)']
	Database driver: undefined/unknown
	Database version: 8.0.35
	Autocommit mode: undefined/unknown
	Isolation level: undefined/unknown
	Minimum pool size: undefined/unknown
	Maximum pool size: undefined/unknown
2026-03-19 23:53:52,337 [main] INFO  o.h.e.t.j.p.i.JtaPlatformInitiator                 - HHH000489: No JTA platform available (set 'hibernate.transaction.jta.platform' to enable JTA platform integration)
2026-03-19 23:53:52,339 [main] INFO  o.s.o.j.LocalContainerEntityManagerFactoryBean     - Initialized JPA EntityManagerFactory for persistence unit 'default'
2026-03-19 23:53:52,590 [main] INFO  o.s.d.j.r.query.QueryEnhancerFactory               - Hibernate is in classpath; If applicable, HQL parser will be used.
2026-03-19 23:53:53,174 [main] WARN  o.s.b.a.o.j.JpaBaseConfiguration$JpaWebConfiguration - spring.jpa.open-in-view is enabled by default. Therefore, database queries may be performed during view rendering. Explicitly configure spring.jpa.open-in-view to disable this warning
2026-03-19 23:53:53,458 [main] INFO  o.s.s.c.a.a.c.InitializeAuthenticationProviderBeanManagerConfigurer$InitializeAuthenticationProviderManagerConfigurer - Global AuthenticationManager configured with AuthenticationProvider bean with name authenticationProvider
2026-03-19 23:53:53,459 [main] WARN  o.s.s.c.a.a.c.InitializeUserDetailsBeanManagerConfigurer$InitializeUserDetailsManagerConfigurer - Global AuthenticationManager configured with an AuthenticationProvider bean. UserDetailsService beans will not be used by Spring Security for automatically configuring username/password login. Consider removing the AuthenticationProvider bean. Alternatively, consider using the UserDetailsService in a manually instantiated DaoAuthenticationProvider. If the current configuration is intentional, to turn off this warning, increase the logging level of 'org.springframework.security.config.annotation.authentication.configuration.InitializeUserDetailsBeanManagerConfigurer' to ERROR
2026-03-19 23:53:54,054 [main] INFO  o.s.b.a.w.s.WelcomePageHandlerMapping              - Adding welcome page: class path resource [public/index.html]
2026-03-19 23:53:54,851 [main] INFO  o.apache.coyote.http11.Http11NioProtocol           - Starting ProtocolHandler ["http-nio-22223"]
2026-03-19 23:53:54,899 [main] INFO  o.s.b.w.embedded.tomcat.TomcatWebServer            - Tomcat started on port 22223 (http) with context path '/'
2026-03-19 23:53:54,920 [main] INFO  c.e.s.java.server.JavaServerApplication            - Started JavaServerApplication in 11.193 seconds (process running for 12.046)
2026-03-19 23:53:54,934 [main] INFO  c.e.s.j.server.SystemApplicationListener           - org.springframework.boot.context.event.ApplicationReadyEvent[source=org.springframework.boot.SpringApplication@9443150]
2026-03-19 23:53:54,934 [main] INFO  c.e.s.j.server.SystemApplicationListener           - SystemInitStart
2026-03-19 23:53:55,240 [main] INFO  c.e.s.j.server.SystemApplicationListener           - systemInitEnd
2026-03-19 23:54:25,785 [http-nio-22223-exec-1] INFO  o.a.c.c.C.[Tomcat].[localhost].[/]                 - Initializing Spring DispatcherServlet 'dispatcherServlet'
2026-03-19 23:54:25,785 [http-nio-22223-exec-1] INFO  o.s.web.servlet.DispatcherServlet                  - Initializing Servlet 'dispatcherServlet'
2026-03-19 23:54:25,786 [http-nio-22223-exec-1] INFO  o.s.web.servlet.DispatcherServlet                  - Completed initialization in 1 ms
2026-03-19 23:57:11,526 [SpringApplicationShutdownHook] INFO  o.s.b.w.embedded.tomcat.GracefulShutdown           - Commencing graceful shutdown. Waiting for active requests to complete
2026-03-19 23:57:11,530 [tomcat-shutdown] INFO  o.s.b.w.embedded.tomcat.GracefulShutdown           - Graceful shutdown complete
2026-03-19 23:57:11,541 [SpringApplicationShutdownHook] INFO  o.s.o.j.LocalContainerEntityManagerFactoryBean     - Closing JPA EntityManagerFactory for persistence unit 'default'
2026-03-19 23:57:11,542 [SpringApplicationShutdownHook] INFO  com.zaxxer.hikari.HikariDataSource                 - HikariPool-1 - Shutdown initiated...
2026-03-19 23:57:11,544 [SpringApplicationShutdownHook] INFO  com.zaxxer.hikari.HikariDataSource                 - HikariPool-1 - Shutdown completed.
2026-03-19 23:59:52,261 [background-preinit] INFO  o.h.validator.internal.util.Version                - HV000001: Hibernate Validator 8.0.2.Final
2026-03-19 23:59:52,319 [main] INFO  c.e.s.java.server.JavaServerApplication            - Starting JavaServerApplication using Java 21.0.10 with PID 13004 (F:\Java_project\java-server\target\classes started by Lv Yuetong in F:\Java_project\java-server)
2026-03-19 23:59:52,319 [main] INFO  c.e.s.java.server.JavaServerApplication            - No active profile set, falling back to 1 default profile: "default"
2026-03-19 23:59:53,113 [main] INFO  o.s.d.r.c.RepositoryConfigurationDelegate          - Multiple Spring Data modules found, entering strict repository configuration mode
2026-03-19 23:59:53,115 [main] INFO  o.s.d.r.c.RepositoryConfigurationDelegate          - Bootstrapping Spring Data JPA repositories in DEFAULT mode.
2026-03-19 23:59:53,256 [main] INFO  o.s.d.r.c.RepositoryConfigurationDelegate          - Finished Spring Data repository scanning in 133 ms. Found 19 JPA repository interfaces.
2026-03-19 23:59:53,273 [main] INFO  o.s.d.r.c.RepositoryConfigurationDelegate          - Multiple Spring Data modules found, entering strict repository configuration mode
2026-03-19 23:59:53,274 [main] INFO  o.s.d.r.c.RepositoryConfigurationDelegate          - Bootstrapping Spring Data Redis repositories in DEFAULT mode.
2026-03-19 23:59:53,289 [main] INFO  o.s.d.r.c.RepositoryConfigurationExtensionSupport  - Spring Data Redis - Could not safely identify store assignment for repository candidate interface cn.edu.sdu.java.server.repositorys.CourseRepository; If you want this repository to be a Redis repository, consider annotating your entities with one of these annotations: org.springframework.data.redis.core.RedisHash (preferred), or consider extending one of the following types with your repository: org.springframework.data.keyvalue.repository.KeyValueRepository
2026-03-19 23:59:53,289 [main] INFO  o.s.d.r.c.RepositoryConfigurationExtensionSupport  - Spring Data Redis - Could not safely identify store assignment for repository candidate interface cn.edu.sdu.java.server.repositorys.DailyActivityRepository; If you want this repository to be a Redis repository, consider annotating your entities with one of these annotations: org.springframework.data.redis.core.RedisHash (preferred), or consider extending one of the following types with your repository: org.springframework.data.keyvalue.repository.KeyValueRepository
2026-03-19 23:59:53,289 [main] INFO  o.s.d.r.c.RepositoryConfigurationExtensionSupport  - Spring Data Redis - Could not safely identify store assignment for repository candidate interface cn.edu.sdu.java.server.repositorys.DictionaryInfoRepository; If you want this repository to be a Redis repository, consider annotating your entities with one of these annotations: org.springframework.data.redis.core.RedisHash (preferred), or consider extending one of the following types with your repository: org.springframework.data.keyvalue.repository.KeyValueRepository
2026-03-19 23:59:53,290 [main] INFO  o.s.d.r.c.RepositoryConfigurationExtensionSupport  - Spring Data Redis - Could not safely identify store assignment for repository candidate interface cn.edu.sdu.java.server.repositorys.FamilyMemberRepository; If you want this repository to be a Redis repository, consider annotating your entities with one of these annotations: org.springframework.data.redis.core.RedisHash (preferred), or consider extending one of the following types with your repository: org.springframework.data.keyvalue.repository.KeyValueRepository
2026-03-19 23:59:53,290 [main] INFO  o.s.d.r.c.RepositoryConfigurationExtensionSupport  - Spring Data Redis - Could not safely identify store assignment for repository candidate interface cn.edu.sdu.java.server.repositorys.FeeRepository; If you want this repository to be a Redis repository, consider annotating your entities with one of these annotations: org.springframework.data.redis.core.RedisHash (preferred), or consider extending one of the following types with your repository: org.springframework.data.keyvalue.repository.KeyValueRepository
2026-03-19 23:59:53,290 [main] INFO  o.s.d.r.c.RepositoryConfigurationExtensionSupport  - Spring Data Redis - Could not safely identify store assignment for repository candidate interface cn.edu.sdu.java.server.repositorys.HonorRepository; If you want this repository to be a Redis repository, consider annotating your entities with one of these annotations: org.springframework.data.redis.core.RedisHash (preferred), or consider extending one of the following types with your repository: org.springframework.data.keyvalue.repository.KeyValueRepository
2026-03-19 23:59:53,290 [main] INFO  o.s.d.r.c.RepositoryConfigurationExtensionSupport  - Spring Data Redis - Could not safely identify store assignment for repository candidate interface cn.edu.sdu.java.server.repositorys.InnovationProjectRepository; If you want this repository to be a Redis repository, consider annotating your entities with one of these annotations: org.springframework.data.redis.core.RedisHash (preferred), or consider extending one of the following types with your repository: org.springframework.data.keyvalue.repository.KeyValueRepository
2026-03-19 23:59:53,290 [main] INFO  o.s.d.r.c.RepositoryConfigurationExtensionSupport  - Spring Data Redis - Could not safely identify store assignment for repository candidate interface cn.edu.sdu.java.server.repositorys.MenuInfoRepository; If you want this repository to be a Redis repository, consider annotating your entities with one of these annotations: org.springframework.data.redis.core.RedisHash (preferred), or consider extending one of the following types with your repository: org.springframework.data.keyvalue.repository.KeyValueRepository
2026-03-19 23:59:53,290 [main] INFO  o.s.d.r.c.RepositoryConfigurationExtensionSupport  - Spring Data Redis - Could not safely identify store assignment for repository candidate interface cn.edu.sdu.java.server.repositorys.ModifyLogRepository; If you want this repository to be a Redis repository, consider annotating your entities with one of these annotations: org.springframework.data.redis.core.RedisHash (preferred), or consider extending one of the following types with your repository: org.springframework.data.keyvalue.repository.KeyValueRepository
2026-03-19 23:59:53,291 [main] INFO  o.s.d.r.c.RepositoryConfigurationExtensionSupport  - Spring Data Redis - Could not safely identify store assignment for repository candidate interface cn.edu.sdu.java.server.repositorys.PersonRepository; If you want this repository to be a Redis repository, consider annotating your entities with one of these annotations: org.springframework.data.redis.core.RedisHash (preferred), or consider extending one of the following types with your repository: org.springframework.data.keyvalue.repository.KeyValueRepository
2026-03-19 23:59:53,292 [main] INFO  o.s.d.r.c.RepositoryConfigurationExtensionSupport  - Spring Data Redis - Could not safely identify store assignment for repository candidate interface cn.edu.sdu.java.server.repositorys.ScoreRepository; If you want this repository to be a Redis repository, consider annotating your entities with one of these annotations: org.springframework.data.redis.core.RedisHash (preferred), or consider extending one of the following types with your repository: org.springframework.data.keyvalue.repository.KeyValueRepository
2026-03-19 23:59:53,292 [main] INFO  o.s.d.r.c.RepositoryConfigurationExtensionSupport  - Spring Data Redis - Could not safely identify store assignment for repository candidate interface cn.edu.sdu.java.server.repositorys.StatisticsDayRepository; If you want this repository to be a Redis repository, consider annotating your entities with one of these annotations: org.springframework.data.redis.core.RedisHash (preferred), or consider extending one of the following types with your repository: org.springframework.data.keyvalue.repository.KeyValueRepository
2026-03-19 23:59:53,292 [main] INFO  o.s.d.r.c.RepositoryConfigurationExtensionSupport  - Spring Data Redis - Could not safely identify store assignment for repository candidate interface cn.edu.sdu.java.server.repositorys.StudentLeaveRepository; If you want this repository to be a Redis repository, consider annotating your entities with one of these annotations: org.springframework.data.redis.core.RedisHash (preferred), or consider extending one of the following types with your repository: org.springframework.data.keyvalue.repository.KeyValueRepository
2026-03-19 23:59:53,292 [main] INFO  o.s.d.r.c.RepositoryConfigurationExtensionSupport  - Spring Data Redis - Could not safely identify store assignment for repository candidate interface cn.edu.sdu.java.server.repositorys.StudentRepository; If you want this repository to be a Redis repository, consider annotating your entities with one of these annotations: org.springframework.data.redis.core.RedisHash (preferred), or consider extending one of the following types with your repository: org.springframework.data.keyvalue.repository.KeyValueRepository
2026-03-19 23:59:53,292 [main] INFO  o.s.d.r.c.RepositoryConfigurationExtensionSupport  - Spring Data Redis - Could not safely identify store assignment for repository candidate interface cn.edu.sdu.java.server.repositorys.StudentStatisticsRepository; If you want this repository to be a Redis repository, consider annotating your entities with one of these annotations: org.springframework.data.redis.core.RedisHash (preferred), or consider extending one of the following types with your repository: org.springframework.data.keyvalue.repository.KeyValueRepository
2026-03-19 23:59:53,292 [main] INFO  o.s.d.r.c.RepositoryConfigurationExtensionSupport  - Spring Data Redis - Could not safely identify store assignment for repository candidate interface cn.edu.sdu.java.server.repositorys.SystemInfoRepository; If you want this repository to be a Redis repository, consider annotating your entities with one of these annotations: org.springframework.data.redis.core.RedisHash (preferred), or consider extending one of the following types with your repository: org.springframework.data.keyvalue.repository.KeyValueRepository
2026-03-19 23:59:53,292 [main] INFO  o.s.d.r.c.RepositoryConfigurationExtensionSupport  - Spring Data Redis - Could not safely identify store assignment for repository candidate interface cn.edu.sdu.java.server.repositorys.TeacherRepository; If you want this repository to be a Redis repository, consider annotating your entities with one of these annotations: org.springframework.data.redis.core.RedisHash (preferred), or consider extending one of the following types with your repository: org.springframework.data.keyvalue.repository.KeyValueRepository
2026-03-19 23:59:53,292 [main] INFO  o.s.d.r.c.RepositoryConfigurationExtensionSupport  - Spring Data Redis - Could not safely identify store assignment for repository candidate interface cn.edu.sdu.java.server.repositorys.UserRepository; If you want this repository to be a Redis repository, consider annotating your entities with one of these annotations: org.springframework.data.redis.core.RedisHash (preferred), or consider extending one of the following types with your repository: org.springframework.data.keyvalue.repository.KeyValueRepository
2026-03-19 23:59:53,292 [main] INFO  o.s.d.r.c.RepositoryConfigurationExtensionSupport  - Spring Data Redis - Could not safely identify store assignment for repository candidate interface cn.edu.sdu.java.server.repositorys.UserTypeRepository; If you want this repository to be a Redis repository, consider annotating your entities with one of these annotations: org.springframework.data.redis.core.RedisHash (preferred), or consider extending one of the following types with your repository: org.springframework.data.keyvalue.repository.KeyValueRepository
2026-03-19 23:59:53,293 [main] INFO  o.s.d.r.c.RepositoryConfigurationDelegate          - Finished Spring Data repository scanning in 11 ms. Found 0 Redis repository interfaces.
2026-03-19 23:59:54,153 [main] INFO  o.s.b.w.embedded.tomcat.TomcatWebServer            - Tomcat initialized with port 22223 (http)
2026-03-19 23:59:54,170 [main] INFO  o.apache.coyote.http11.Http11NioProtocol           - Initializing ProtocolHandler ["http-nio-22223"]
2026-03-19 23:59:54,171 [main] INFO  o.apache.catalina.core.StandardService             - Starting service [Tomcat]
2026-03-19 23:59:54,172 [main] INFO  org.apache.catalina.core.StandardEngine            - Starting Servlet engine: [Apache Tomcat/10.1.34]
2026-03-19 23:59:54,248 [main] INFO  o.a.c.c.C.[Tomcat].[localhost].[/]                 - Initializing Spring embedded WebApplicationContext
2026-03-19 23:59:54,248 [main] INFO  o.s.b.w.s.c.ServletWebServerApplicationContext     - Root WebApplicationContext: initialization completed in 1893 ms
2026-03-19 23:59:54,410 [main] INFO  com.zaxxer.hikari.HikariDataSource                 - HikariPool-1 - Starting...
2026-03-19 23:59:59,279 [main] INFO  com.zaxxer.hikari.pool.HikariPool                  - HikariPool-1 - Added connection com.mysql.cj.jdbc.ConnectionImpl@6f289728
2026-03-19 23:59:59,280 [main] INFO  com.zaxxer.hikari.HikariDataSource                 - HikariPool-1 - Start completed.
2026-03-19 23:59:59,316 [main] INFO  o.hibernate.jpa.internal.util.LogHelper            - HHH000204: Processing PersistenceUnitInfo [name: default]
2026-03-19 23:59:59,358 [main] INFO  org.hibernate.Version                              - HHH000412: Hibernate ORM core version 6.6.5.Final
2026-03-19 23:59:59,383 [main] INFO  o.h.c.internal.RegionFactoryInitiator              - HHH000026: Second-level cache disabled
2026-03-19 23:59:59,583 [main] INFO  o.s.o.j.p.SpringPersistenceUnitInfo                - No LoadTimeWeaver setup: ignoring JPA class transformer
2026-03-19 23:59:59,724 [main] INFO  org.hibernate.orm.connections.pooling              - HHH10001005: Database info:
	Database JDBC URL [Connecting through datasource 'HikariDataSource (HikariPool-1)']
	Database driver: undefined/unknown
	Database version: 8.0.35
	Autocommit mode: undefined/unknown
	Isolation level: undefined/unknown
	Minimum pool size: undefined/unknown
	Maximum pool size: undefined/unknown
