2026-03-21 00:03:23,681 [background-preinit] INFO  o.h.validator.internal.util.Version                - HV000001: Hibernate Validator 8.0.2.Final
2026-03-21 00:03:23,740 [main] INFO  c.e.s.java.server.JavaServerApplication            - Starting JavaServerApplication using Java 21.0.10 with PID 14016 (F:\Java_project\java-server\target\classes started by Lv Yuetong in F:\Java_project\java-server)
2026-03-21 00:03:23,741 [main] INFO  c.e.s.java.server.JavaServerApplication            - No active profile set, falling back to 1 default profile: "default"
2026-03-21 00:03:24,483 [main] INFO  o.s.d.r.c.RepositoryConfigurationDelegate          - Multiple Spring Data modules found, entering strict repository configuration mode
2026-03-21 00:03:24,486 [main] INFO  o.s.d.r.c.RepositoryConfigurationDelegate          - Bootstrapping Spring Data JPA repositories in DEFAULT mode.
2026-03-21 00:03:24,617 [main] INFO  o.s.d.r.c.RepositoryConfigurationDelegate          - Finished Spring Data repository scanning in 123 ms. Found 19 JPA repository interfaces.
2026-03-21 00:03:24,632 [main] INFO  o.s.d.r.c.RepositoryConfigurationDelegate          - Multiple Spring Data modules found, entering strict repository configuration mode
2026-03-21 00:03:24,632 [main] INFO  o.s.d.r.c.RepositoryConfigurationDelegate          - Bootstrapping Spring Data Redis repositories in DEFAULT mode.
2026-03-21 00:03:24,645 [main] INFO  o.s.d.r.c.RepositoryConfigurationExtensionSupport  - Spring Data Redis - Could not safely identify store assignment for repository candidate interface cn.edu.sdu.java.server.repositorys.CourseRepository; If you want this repository to be a Redis repository, consider annotating your entities with one of these annotations: org.springframework.data.redis.core.RedisHash (preferred), or consider extending one of the following types with your repository: org.springframework.data.keyvalue.repository.KeyValueRepository
2026-03-21 00:03:24,645 [main] INFO  o.s.d.r.c.RepositoryConfigurationExtensionSupport  - Spring Data Redis - Could not safely identify store assignment for repository candidate interface cn.edu.sdu.java.server.repositorys.DailyActivityRepository; If you want this repository to be a Redis repository, consider annotating your entities with one of these annotations: org.springframework.data.redis.core.RedisHash (preferred), or consider extending one of the following types with your repository: org.springframework.data.keyvalue.repository.KeyValueRepository
2026-03-21 00:03:24,645 [main] INFO  o.s.d.r.c.RepositoryConfigurationExtensionSupport  - Spring Data Redis - Could not safely identify store assignment for repository candidate interface cn.edu.sdu.java.server.repositorys.DictionaryInfoRepository; If you want this repository to be a Redis repository, consider annotating your entities with one of these annotations: org.springframework.data.redis.core.RedisHash (preferred), or consider extending one of the following types with your repository: org.springframework.data.keyvalue.repository.KeyValueRepository
2026-03-21 00:03:24,646 [main] INFO  o.s.d.r.c.RepositoryConfigurationExtensionSupport  - Spring Data Redis - Could not safely identify store assignment for repository candidate interface cn.edu.sdu.java.server.repositorys.FamilyMemberRepository; If you want this repository to be a Redis repository, consider annotating your entities with one of these annotations: org.springframework.data.redis.core.RedisHash (preferred), or consider extending one of the following types with your repository: org.springframework.data.keyvalue.repository.KeyValueRepository
2026-03-21 00:03:24,646 [main] INFO  o.s.d.r.c.RepositoryConfigurationExtensionSupport  - Spring Data Redis - Could not safely identify store assignment for repository candidate interface cn.edu.sdu.java.server.repositorys.FeeRepository; If you want this repository to be a Redis repository, consider annotating your entities with one of these annotations: org.springframework.data.redis.core.RedisHash (preferred), or consider extending one of the following types with your repository: org.springframework.data.keyvalue.repository.KeyValueRepository
2026-03-21 00:03:24,646 [main] INFO  o.s.d.r.c.RepositoryConfigurationExtensionSupport  - Spring Data Redis - Could not safely identify store assignment for repository candidate interface cn.edu.sdu.java.server.repositorys.HonorRepository; If you want this repository to be a Redis repository, consider annotating your entities with one of these annotations: org.springframework.data.redis.core.RedisHash (preferred), or consider extending one of the following types with your repository: org.springframework.data.keyvalue.repository.KeyValueRepository
2026-03-21 00:03:24,646 [main] INFO  o.s.d.r.c.RepositoryConfigurationExtensionSupport  - Spring Data Redis - Could not safely identify store assignment for repository candidate interface cn.edu.sdu.java.server.repositorys.InnovationProjectRepository; If you want this repository to be a Redis repository, consider annotating your entities with one of these annotations: org.springframework.data.redis.core.RedisHash (preferred), or consider extending one of the following types with your repository: org.springframework.data.keyvalue.repository.KeyValueRepository
2026-03-21 00:03:24,646 [main] INFO  o.s.d.r.c.RepositoryConfigurationExtensionSupport  - Spring Data Redis - Could not safely identify store assignment for repository candidate interface cn.edu.sdu.java.server.repositorys.MenuInfoRepository; If you want this repository to be a Redis repository, consider annotating your entities with one of these annotations: org.springframework.data.redis.core.RedisHash (preferred), or consider extending one of the following types with your repository: org.springframework.data.keyvalue.repository.KeyValueRepository
2026-03-21 00:03:24,646 [main] INFO  o.s.d.r.c.RepositoryConfigurationExtensionSupport  - Spring Data Redis - Could not safely identify store assignment for repository candidate interface cn.edu.sdu.java.server.repositorys.ModifyLogRepository; If you want this repository to be a Redis repository, consider annotating your entities with one of these annotations: org.springframework.data.redis.core.RedisHash (preferred), or consider extending one of the following types with your repository: org.springframework.data.keyvalue.repository.KeyValueRepository
2026-03-21 00:03:24,647 [main] INFO  o.s.d.r.c.RepositoryConfigurationExtensionSupport  - Spring Data Redis - Could not safely identify store assignment for repository candidate interface cn.edu.sdu.java.server.repositorys.PersonRepository; If you want this repository to be a Redis repository, consider annotating your entities with one of these annotations: org.springframework.data.redis.core.RedisHash (preferred), or consider extending one of the following types with your repository: org.springframework.data.keyvalue.repository.KeyValueRepository
2026-03-21 00:03:24,647 [main] INFO  o.s.d.r.c.RepositoryConfigurationExtensionSupport  - Spring Data Redis - Could not safely identify store assignment for repository candidate interface cn.edu.sdu.java.server.repositorys.ScoreRepository; If you want this repository to be a Redis repository, consider annotating your entities with one of these annotations: org.springframework.data.redis.core.RedisHash (preferred), or consider extending one of the following types with your repository: org.springframework.data.keyvalue.repository.KeyValueRepository
2026-03-21 00:03:24,647 [main] INFO  o.s.d.r.c.RepositoryConfigurationExtensionSupport  - Spring Data Redis - Could not safely identify store assignment for repository candidate interface cn.edu.sdu.java.server.repositorys.StatisticsDayRepository; If you want this repository to be a Redis repository, consider annotating your entities with one of these annotations: org.springframework.data.redis.core.RedisHash (preferred), or consider extending one of the following types with your repository: org.springframework.data.keyvalue.repository.KeyValueRepository
2026-03-21 00:03:24,647 [main] INFO  o.s.d.r.c.RepositoryConfigurationExtensionSupport  - Spring Data Redis - Could not safely identify store assignment for repository candidate interface cn.edu.sdu.java.server.repositorys.StudentLeaveRepository; If you want this repository to be a Redis repository, consider annotating your entities with one of these annotations: org.springframework.data.redis.core.RedisHash (preferred), or consider extending one of the following types with your repository: org.springframework.data.keyvalue.repository.KeyValueRepository
2026-03-21 00:03:24,648 [main] INFO  o.s.d.r.c.RepositoryConfigurationExtensionSupport  - Spring Data Redis - Could not safely identify store assignment for repository candidate interface cn.edu.sdu.java.server.repositorys.StudentRepository; If you want this repository to be a Redis repository, consider annotating your entities with one of these annotations: org.springframework.data.redis.core.RedisHash (preferred), or consider extending one of the following types with your repository: org.springframework.data.keyvalue.repository.KeyValueRepository
2026-03-21 00:03:24,648 [main] INFO  o.s.d.r.c.RepositoryConfigurationExtensionSupport  - Spring Data Redis - Could not safely identify store assignment for repository candidate interface cn.edu.sdu.java.server.repositorys.StudentStatisticsRepository; If you want this repository to be a Redis repository, consider annotating your entities with one of these annotations: org.springframework.data.redis.core.RedisHash (preferred), or consider extending one of the following types with your repository: org.springframework.data.keyvalue.repository.KeyValueRepository
2026-03-21 00:03:24,648 [main] INFO  o.s.d.r.c.RepositoryConfigurationExtensionSupport  - Spring Data Redis - Could not safely identify store assignment for repository candidate interface cn.edu.sdu.java.server.repositorys.SystemInfoRepository; If you want this repository to be a Redis repository, consider annotating your entities with one of these annotations: org.springframework.data.redis.core.RedisHash (preferred), or consider extending one of the following types with your repository: org.springframework.data.keyvalue.repository.KeyValueRepository
2026-03-21 00:03:24,648 [main] INFO  o.s.d.r.c.RepositoryConfigurationExtensionSupport  - Spring Data Redis - Could not safely identify store assignment for repository candidate interface cn.edu.sdu.java.server.repositorys.TeacherRepository; If you want this repository to be a Redis repository, consider annotating your entities with one of these annotations: org.springframework.data.redis.core.RedisHash (preferred), or consider extending one of the following types with your repository: org.springframework.data.keyvalue.repository.KeyValueRepository
2026-03-21 00:03:24,648 [main] INFO  o.s.d.r.c.RepositoryConfigurationExtensionSupport  - Spring Data Redis - Could not safely identify store assignment for repository candidate interface cn.edu.sdu.java.server.repositorys.UserRepository; If you want this repository to be a Redis repository, consider annotating your entities with one of these annotations: org.springframework.data.redis.core.RedisHash (preferred), or consider extending one of the following types with your repository: org.springframework.data.keyvalue.repository.KeyValueRepository
2026-03-21 00:03:24,648 [main] INFO  o.s.d.r.c.RepositoryConfigurationExtensionSupport  - Spring Data Redis - Could not safely identify store assignment for repository candidate interface cn.edu.sdu.java.server.repositorys.UserTypeRepository; If you want this repository to be a Redis repository, consider annotating your entities with one of these annotations: org.springframework.data.redis.core.RedisHash (preferred), or consider extending one of the following types with your repository: org.springframework.data.keyvalue.repository.KeyValueRepository
2026-03-21 00:03:24,648 [main] INFO  o.s.d.r.c.RepositoryConfigurationDelegate          - Finished Spring Data repository scanning in 9 ms. Found 0 Redis repository interfaces.
2026-03-21 00:03:25,329 [main] INFO  o.s.b.w.embedded.tomcat.TomcatWebServer            - Tomcat initialized with port 22223 (http)
2026-03-21 00:03:25,342 [main] INFO  o.apache.coyote.http11.Http11NioProtocol           - Initializing ProtocolHandler ["http-nio-22223"]
2026-03-21 00:03:25,344 [main] INFO  o.apache.catalina.core.StandardService             - Starting service [Tomcat]
2026-03-21 00:03:25,344 [main] INFO  org.apache.catalina.core.StandardEngine            - Starting Servlet engine: [Apache Tomcat/10.1.34]
2026-03-21 00:03:25,420 [main] INFO  o.a.c.c.C.[Tomcat].[localhost].[/]                 - Initializing Spring embedded WebApplicationContext
2026-03-21 00:03:25,420 [main] INFO  o.s.b.w.s.c.ServletWebServerApplicationContext     - Root WebApplicationContext: initialization completed in 1644 ms
2026-03-21 00:03:25,552 [main] INFO  com.zaxxer.hikari.HikariDataSource                 - HikariPool-1 - Starting...
2026-03-21 00:03:30,373 [main] INFO  com.zaxxer.hikari.pool.HikariPool                  - HikariPool-1 - Added connection com.mysql.cj.jdbc.ConnectionImpl@c6a692e
2026-03-21 00:03:30,374 [main] INFO  com.zaxxer.hikari.HikariDataSource                 - HikariPool-1 - Start completed.
2026-03-21 00:03:30,408 [main] INFO  o.hibernate.jpa.internal.util.LogHelper            - HHH000204: Processing PersistenceUnitInfo [name: default]
2026-03-21 00:03:30,438 [main] INFO  org.hibernate.Version                              - HHH000412: Hibernate ORM core version 6.6.5.Final
2026-03-21 00:03:30,460 [main] INFO  o.h.c.internal.RegionFactoryInitiator              - HHH000026: Second-level cache disabled
2026-03-21 00:03:30,611 [main] INFO  o.s.o.j.p.SpringPersistenceUnitInfo                - No LoadTimeWeaver setup: ignoring JPA class transformer
2026-03-21 00:03:30,690 [main] INFO  org.hibernate.orm.connections.pooling              - HHH10001005: Database info:
	Database JDBC URL [Connecting through datasource 'HikariDataSource (HikariPool-1)']
	Database driver: undefined/unknown
	Database version: 8.0.35
	Autocommit mode: undefined/unknown
	Isolation level: undefined/unknown
	Minimum pool size: undefined/unknown
	Maximum pool size: undefined/unknown
2026-03-21 00:03:31,413 [main] INFO  o.h.e.t.j.p.i.JtaPlatformInitiator                 - HHH000489: No JTA platform available (set 'hibernate.transaction.jta.platform' to enable JTA platform integration)
2026-03-21 00:03:31,415 [main] INFO  o.s.o.j.LocalContainerEntityManagerFactoryBean     - Initialized JPA EntityManagerFactory for persistence unit 'default'
2026-03-21 00:03:31,599 [main] INFO  o.s.d.j.r.query.QueryEnhancerFactory               - Hibernate is in classpath; If applicable, HQL parser will be used.
2026-03-21 00:03:32,180 [main] WARN  o.s.b.a.o.j.JpaBaseConfiguration$JpaWebConfiguration - spring.jpa.open-in-view is enabled by default. Therefore, database queries may be performed during view rendering. Explicitly configure spring.jpa.open-in-view to disable this warning
2026-03-21 00:03:32,521 [main] INFO  o.s.s.c.a.a.c.InitializeAuthenticationProviderBeanManagerConfigurer$InitializeAuthenticationProviderManagerConfigurer - Global AuthenticationManager configured with AuthenticationProvider bean with name authenticationProvider
2026-03-21 00:03:32,522 [main] WARN  o.s.s.c.a.a.c.InitializeUserDetailsBeanManagerConfigurer$InitializeUserDetailsManagerConfigurer - Global AuthenticationManager configured with an AuthenticationProvider bean. UserDetailsService beans will not be used by Spring Security for automatically configuring username/password login. Consider removing the AuthenticationProvider bean. Alternatively, consider using the UserDetailsService in a manually instantiated DaoAuthenticationProvider. If the current configuration is intentional, to turn off this warning, increase the logging level of 'org.springframework.security.config.annotation.authentication.configuration.InitializeUserDetailsBeanManagerConfigurer' to ERROR
2026-03-21 00:03:32,993 [main] INFO  o.s.b.a.w.s.WelcomePageHandlerMapping              - Adding welcome page: class path resource [public/index.html]
2026-03-21 00:03:33,721 [main] INFO  o.apache.coyote.http11.Http11NioProtocol           - Starting ProtocolHandler ["http-nio-22223"]
2026-03-21 00:03:33,751 [main] INFO  o.s.b.w.embedded.tomcat.TomcatWebServer            - Tomcat started on port 22223 (http) with context path '/'
2026-03-21 00:03:33,762 [main] INFO  c.e.s.java.server.JavaServerApplication            - Started JavaServerApplication in 10.575 seconds (process running for 11.291)
2026-03-21 00:03:33,768 [main] INFO  c.e.s.j.server.SystemApplicationListener           - org.springframework.boot.context.event.ApplicationReadyEvent[source=org.springframework.boot.SpringApplication@6726245e]
2026-03-21 00:03:33,769 [main] INFO  c.e.s.j.server.SystemApplicationListener           - SystemInitStart
2026-03-21 00:03:33,951 [main] INFO  c.e.s.j.server.SystemApplicationListener           - systemInitEnd
2026-03-21 00:04:21,354 [http-nio-22223-exec-1] INFO  o.a.c.c.C.[Tomcat].[localhost].[/]                 - Initializing Spring DispatcherServlet 'dispatcherServlet'
2026-03-21 00:04:21,354 [http-nio-22223-exec-1] INFO  o.s.web.servlet.DispatcherServlet                  - Initializing Servlet 'dispatcherServlet'
2026-03-21 00:04:21,355 [http-nio-22223-exec-1] INFO  o.s.web.servlet.DispatcherServlet                  - Completed initialization in 1 ms
2026-03-21 00:04:21,803 [http-nio-22223-exec-2] INFO  c.e.s.j.s.c.JwtAuthenticationFilter                - /api/base/getDataBaseUserName,admin,2026-03-21 00:04:21,0.051
2026-03-21 00:04:22,017 [http-nio-22223-exec-3] INFO  c.e.s.j.s.c.JwtAuthenticationFilter                - /api/base/getMenuList,admin,2026-03-21 00:04:21,0.208
2026-03-21 00:04:28,460 [http-nio-22223-exec-4] INFO  c.e.s.j.s.c.JwtAuthenticationFilter                - /api/base/getMenuTreeNodeList,admin,2026-03-21 00:04:28,0.195
2026-03-21 00:04:31,693 [http-nio-22223-exec-5] INFO  c.e.s.j.s.c.JwtAuthenticationFilter                - /api/base/getDictionaryTreeNodeList,admin,2026-03-21 00:04:31,0.235
2026-03-21 00:04:34,765 [http-nio-22223-exec-10] INFO  c.e.s.j.s.c.JwtAuthenticationFilter                - /api/student/getStudentList,admin,2026-03-21 00:04:34,0.046
2026-03-21 00:04:34,822 [http-nio-22223-exec-1] INFO  c.e.s.j.s.c.JwtAuthenticationFilter                - /api/base/getDictionaryOptionItemList,admin,2026-03-21 00:04:34,0.051
2026-03-21 00:04:37,821 [http-nio-22223-exec-2] INFO  c.e.s.j.s.c.JwtAuthenticationFilter                - /api/course/getCourseList,admin,2026-03-21 00:04:37,0.036
2026-03-21 00:04:38,659 [http-nio-22223-exec-6] INFO  c.e.s.j.s.c.JwtAuthenticationFilter                - /api/score/getStudentItemOptionList,admin,2026-03-21 00:04:38,0.066
2026-03-21 00:04:38,731 [http-nio-22223-exec-7] INFO  c.e.s.j.s.c.JwtAuthenticationFilter                - /api/score/getCourseItemOptionList,admin,2026-03-21 00:04:38,0.068
2026-03-21 00:04:38,800 [http-nio-22223-exec-9] INFO  c.e.s.j.s.c.JwtAuthenticationFilter                - /api/score/getScoreList,admin,2026-03-21 00:04:38,0.06
2026-03-21 00:05:18,653 [SpringApplicationShutdownHook] INFO  o.s.b.w.embedded.tomcat.GracefulShutdown           - Commencing graceful shutdown. Waiting for active requests to complete
2026-03-21 00:05:18,656 [tomcat-shutdown] INFO  o.s.b.w.embedded.tomcat.GracefulShutdown           - Graceful shutdown complete
2026-03-21 00:05:18,667 [SpringApplicationShutdownHook] INFO  o.s.o.j.LocalContainerEntityManagerFactoryBean     - Closing JPA EntityManagerFactory for persistence unit 'default'
2026-03-21 00:05:18,669 [SpringApplicationShutdownHook] INFO  com.zaxxer.hikari.HikariDataSource                 - HikariPool-1 - Shutdown initiated...
2026-03-21 00:05:18,673 [SpringApplicationShutdownHook] INFO  com.zaxxer.hikari.HikariDataSource                 - HikariPool-1 - Shutdown completed.
2026-03-21 02:50:43,018 [background-preinit] INFO  o.h.validator.internal.util.Version                - HV000001: Hibernate Validator 8.0.2.Final
2026-03-21 02:50:43,078 [main] INFO  c.e.s.java.server.JavaServerApplication            - Starting JavaServerApplication using Java 21.0.10 with PID 10460 (F:\Java_project\java-server\target\classes started by Lv Yuetong in F:\Java_project\java-server)
2026-03-21 02:50:43,079 [main] INFO  c.e.s.java.server.JavaServerApplication            - No active profile set, falling back to 1 default profile: "default"
2026-03-21 02:50:43,287 [main] WARN  o.s.b.w.s.c.AnnotationConfigServletWebServerApplicationContext - Exception encountered during context initialization - cancelling refresh attempt: org.springframework.beans.factory.BeanDefinitionStoreException: Failed to parse configuration class [cn.edu.sdu.java.server.JavaServerApplication]
2026-03-21 02:50:43,486 [main] ERROR o.springframework.boot.SpringApplication           - Application run failed
org.springframework.beans.factory.BeanDefinitionStoreException: Failed to parse configuration class [cn.edu.sdu.java.server.JavaServerApplication]
	at org.springframework.context.annotation.ConfigurationClassParser.parse(ConfigurationClassParser.java:185)
	at org.springframework.context.annotation.ConfigurationClassPostProcessor.processConfigBeanDefinitions(ConfigurationClassPostProcessor.java:418)
	at org.springframework.context.annotation.ConfigurationClassPostProcessor.postProcessBeanDefinitionRegistry(ConfigurationClassPostProcessor.java:290)
	at org.springframework.context.support.PostProcessorRegistrationDelegate.invokeBeanDefinitionRegistryPostProcessors(PostProcessorRegistrationDelegate.java:349)
	at org.springframework.context.support.PostProcessorRegistrationDelegate.invokeBeanFactoryPostProcessors(PostProcessorRegistrationDelegate.java:118)
	at org.springframework.context.support.AbstractApplicationContext.invokeBeanFactoryPostProcessors(AbstractApplicationContext.java:791)
	at org.springframework.context.support.AbstractApplicationContext.refresh(AbstractApplicationContext.java:609)
	at org.springframework.boot.web.servlet.context.ServletWebServerApplicationContext.refresh(ServletWebServerApplicationContext.java:146)
	at org.springframework.boot.SpringApplication.refresh(SpringApplication.java:752)
	at org.springframework.boot.SpringApplication.refreshContext(SpringApplication.java:439)
	at org.springframework.boot.SpringApplication.run(SpringApplication.java:318)
	at org.springframework.boot.SpringApplication.run(SpringApplication.java:1361)
	at org.springframework.boot.SpringApplication.run(SpringApplication.java:1350)
	at cn.edu.sdu.java.server.JavaServerApplication.main(JavaServerApplication.java:10)
Caused by: org.springframework.context.annotation.ConflictingBeanDefinitionException: Annotation-specified bean name 'globalExceptionHandler' for bean class [cn.edu.sdu.java.server.exception.GlobalExceptionHandler] conflicts with existing, non-compatible bean definition of same name and class [cn.edu.sdu.java.server.configs.GlobalExceptionHandler]
	at org.springframework.context.annotation.ClassPathBeanDefinitionScanner.checkCandidate(ClassPathBeanDefinitionScanner.java:361)
	at org.springframework.context.annotation.ClassPathBeanDefinitionScanner.doScan(ClassPathBeanDefinitionScanner.java:288)
	at org.springframework.context.annotation.ComponentScanAnnotationParser.parse(ComponentScanAnnotationParser.java:128)
	at org.springframework.context.annotation.ConfigurationClassParser.doProcessConfigurationClass(ConfigurationClassParser.java:332)
	at org.springframework.context.annotation.ConfigurationClassParser.processConfigurationClass(ConfigurationClassParser.java:267)
	at org.springframework.context.annotation.ConfigurationClassParser.parse(ConfigurationClassParser.java:193)
	at org.springframework.context.annotation.ConfigurationClassParser.parse(ConfigurationClassParser.java:171)
	... 13 common frames omitted
2026-03-21 02:53:07,516 [background-preinit] INFO  o.h.validator.internal.util.Version                - HV000001: Hibernate Validator 8.0.2.Final
2026-03-21 02:53:07,596 [main] INFO  c.e.s.java.server.JavaServerApplication            - Starting JavaServerApplication using Java 21.0.10 with PID 21068 (F:\Java_project\java-server\target\classes started by Lv Yuetong in F:\Java_project\java-server)
2026-03-21 02:53:07,597 [main] INFO  c.e.s.java.server.JavaServerApplication            - No active profile set, falling back to 1 default profile: "default"
2026-03-21 02:53:07,815 [main] WARN  o.s.b.w.s.c.AnnotationConfigServletWebServerApplicationContext - Exception encountered during context initialization - cancelling refresh attempt: org.springframework.beans.factory.BeanDefinitionStoreException: Failed to parse configuration class [cn.edu.sdu.java.server.JavaServerApplication]
2026-03-21 02:53:07,948 [main] ERROR o.springframework.boot.SpringApplication           - Application run failed
org.springframework.beans.factory.BeanDefinitionStoreException: Failed to parse configuration class [cn.edu.sdu.java.server.JavaServerApplication]
	at org.springframework.context.annotation.ConfigurationClassParser.parse(ConfigurationClassParser.java:185)
	at org.springframework.context.annotation.ConfigurationClassPostProcessor.processConfigBeanDefinitions(ConfigurationClassPostProcessor.java:418)
	at org.springframework.context.annotation.ConfigurationClassPostProcessor.postProcessBeanDefinitionRegistry(ConfigurationClassPostProcessor.java:290)
	at org.springframework.context.support.PostProcessorRegistrationDelegate.invokeBeanDefinitionRegistryPostProcessors(PostProcessorRegistrationDelegate.java:349)
	at org.springframework.context.support.PostProcessorRegistrationDelegate.invokeBeanFactoryPostProcessors(PostProcessorRegistrationDelegate.java:118)
	at org.springframework.context.support.AbstractApplicationContext.invokeBeanFactoryPostProcessors(AbstractApplicationContext.java:791)
	at org.springframework.context.support.AbstractApplicationContext.refresh(AbstractApplicationContext.java:609)
	at org.springframework.boot.web.servlet.context.ServletWebServerApplicationContext.refresh(ServletWebServerApplicationContext.java:146)
	at org.springframework.boot.SpringApplication.refresh(SpringApplication.java:752)
	at org.springframework.boot.SpringApplication.refreshContext(SpringApplication.java:439)
	at org.springframework.boot.SpringApplication.run(SpringApplication.java:318)
	at org.springframework.boot.SpringApplication.run(SpringApplication.java:1361)
	at org.springframework.boot.SpringApplication.run(SpringApplication.java:1350)
	at cn.edu.sdu.java.server.JavaServerApplication.main(JavaServerApplication.java:10)
Caused by: org.springframework.context.annotation.ConflictingBeanDefinitionException: Annotation-specified bean name 'globalExceptionHandler' for bean class [cn.edu.sdu.java.server.exception.GlobalExceptionHandler] conflicts with existing, non-compatible bean definition of same name and class [cn.edu.sdu.java.server.configs.GlobalExceptionHandler]
	at org.springframework.context.annotation.ClassPathBeanDefinitionScanner.checkCandidate(ClassPathBeanDefinitionScanner.java:361)
	at org.springframework.context.annotation.ClassPathBeanDefinitionScanner.doScan(ClassPathBeanDefinitionScanner.java:288)
	at org.springframework.context.annotation.ComponentScanAnnotationParser.parse(ComponentScanAnnotationParser.java:128)
	at org.springframework.context.annotation.ConfigurationClassParser.doProcessConfigurationClass(ConfigurationClassParser.java:332)
	at org.springframework.context.annotation.ConfigurationClassParser.processConfigurationClass(ConfigurationClassParser.java:267)
	at org.springframework.context.annotation.ConfigurationClassParser.parse(ConfigurationClassParser.java:193)
	at org.springframework.context.annotation.ConfigurationClassParser.parse(ConfigurationClassParser.java:171)
	... 13 common frames omitted
2026-03-21 02:56:12,626 [background-preinit] INFO  o.h.validator.internal.util.Version                - HV000001: Hibernate Validator 8.0.2.Final
2026-03-21 02:56:12,680 [main] INFO  c.e.s.java.server.JavaServerApplication            - Starting JavaServerApplication using Java 21.0.10 with PID 4684 (F:\Java_project\java-server\target\classes started by Lv Yuetong in F:\Java_project\java-server)
2026-03-21 02:56:12,681 [main] INFO  c.e.s.java.server.JavaServerApplication            - No active profile set, falling back to 1 default profile: "default"
2026-03-21 02:56:13,382 [main] INFO  o.s.d.r.c.RepositoryConfigurationDelegate          - Multiple Spring Data modules found, entering strict repository configuration mode
2026-03-21 02:56:13,384 [main] INFO  o.s.d.r.c.RepositoryConfigurationDelegate          - Bootstrapping Spring Data JPA repositories in DEFAULT mode.
2026-03-21 02:56:13,509 [main] INFO  o.s.d.r.c.RepositoryConfigurationDelegate          - Finished Spring Data repository scanning in 118 ms. Found 19 JPA repository interfaces.
2026-03-21 02:56:13,529 [main] INFO  o.s.d.r.c.RepositoryConfigurationDelegate          - Multiple Spring Data modules found, entering strict repository configuration mode
2026-03-21 02:56:13,530 [main] INFO  o.s.d.r.c.RepositoryConfigurationDelegate          - Bootstrapping Spring Data Redis repositories in DEFAULT mode.
2026-03-21 02:56:13,544 [main] INFO  o.s.d.r.c.RepositoryConfigurationExtensionSupport  - Spring Data Redis - Could not safely identify store assignment for repository candidate interface cn.edu.sdu.java.server.repositorys.CourseRepository; If you want this repository to be a Redis repository, consider annotating your entities with one of these annotations: org.springframework.data.redis.core.RedisHash (preferred), or consider extending one of the following types with your repository: org.springframework.data.keyvalue.repository.KeyValueRepository
2026-03-21 02:56:13,544 [main] INFO  o.s.d.r.c.RepositoryConfigurationExtensionSupport  - Spring Data Redis - Could not safely identify store assignment for repository candidate interface cn.edu.sdu.java.server.repositorys.DailyActivityRepository; If you want this repository to be a Redis repository, consider annotating your entities with one of these annotations: org.springframework.data.redis.core.RedisHash (preferred), or consider extending one of the following types with your repository: org.springframework.data.keyvalue.repository.KeyValueRepository
2026-03-21 02:56:13,544 [main] INFO  o.s.d.r.c.RepositoryConfigurationExtensionSupport  - Spring Data Redis - Could not safely identify store assignment for repository candidate interface cn.edu.sdu.java.server.repositorys.DictionaryInfoRepository; If you want this repository to be a Redis repository, consider annotating your entities with one of these annotations: org.springframework.data.redis.core.RedisHash (preferred), or consider extending one of the following types with your repository: org.springframework.data.keyvalue.repository.KeyValueRepository
2026-03-21 02:56:13,545 [main] INFO  o.s.d.r.c.RepositoryConfigurationExtensionSupport  - Spring Data Redis - Could not safely identify store assignment for repository candidate interface cn.edu.sdu.java.server.repositorys.FamilyMemberRepository; If you want this repository to be a Redis repository, consider annotating your entities with one of these annotations: org.springframework.data.redis.core.RedisHash (preferred), or consider extending one of the following types with your repository: org.springframework.data.keyvalue.repository.KeyValueRepository
2026-03-21 02:56:13,545 [main] INFO  o.s.d.r.c.RepositoryConfigurationExtensionSupport  - Spring Data Redis - Could not safely identify store assignment for repository candidate interface cn.edu.sdu.java.server.repositorys.FeeRepository; If you want this repository to be a Redis repository, consider annotating your entities with one of these annotations: org.springframework.data.redis.core.RedisHash (preferred), or consider extending one of the following types with your repository: org.springframework.data.keyvalue.repository.KeyValueRepository
2026-03-21 02:56:13,545 [main] INFO  o.s.d.r.c.RepositoryConfigurationExtensionSupport  - Spring Data Redis - Could not safely identify store assignment for repository candidate interface cn.edu.sdu.java.server.repositorys.HonorRepository; If you want this repository to be a Redis repository, consider annotating your entities with one of these annotations: org.springframework.data.redis.core.RedisHash (preferred), or consider extending one of the following types with your repository: org.springframework.data.keyvalue.repository.KeyValueRepository
2026-03-21 02:56:13,545 [main] INFO  o.s.d.r.c.RepositoryConfigurationExtensionSupport  - Spring Data Redis - Could not safely identify store assignment for repository candidate interface cn.edu.sdu.java.server.repositorys.InnovationProjectRepository; If you want this repository to be a Redis repository, consider annotating your entities with one of these annotations: org.springframework.data.redis.core.RedisHash (preferred), or consider extending one of the following types with your repository: org.springframework.data.keyvalue.repository.KeyValueRepository
2026-03-21 02:56:13,545 [main] INFO  o.s.d.r.c.RepositoryConfigurationExtensionSupport  - Spring Data Redis - Could not safely identify store assignment for repository candidate interface cn.edu.sdu.java.server.repositorys.MenuInfoRepository; If you want this repository to be a Redis repository, consider annotating your entities with one of these annotations: org.springframework.data.redis.core.RedisHash (preferred), or consider extending one of the following types with your repository: org.springframework.data.keyvalue.repository.KeyValueRepository
2026-03-21 02:56:13,546 [main] INFO  o.s.d.r.c.RepositoryConfigurationExtensionSupport  - Spring Data Redis - Could not safely identify store assignment for repository candidate interface cn.edu.sdu.java.server.repositorys.ModifyLogRepository; If you want this repository to be a Redis repository, consider annotating your entities with one of these annotations: org.springframework.data.redis.core.RedisHash (preferred), or consider extending one of the following types with your repository: org.springframework.data.keyvalue.repository.KeyValueRepository
2026-03-21 02:56:13,547 [main] INFO  o.s.d.r.c.RepositoryConfigurationExtensionSupport  - Spring Data Redis - Could not safely identify store assignment for repository candidate interface cn.edu.sdu.java.server.repositorys.PersonRepository; If you want this repository to be a Redis repository, consider annotating your entities with one of these annotations: org.springframework.data.redis.core.RedisHash (preferred), or consider extending one of the following types with your repository: org.springframework.data.keyvalue.repository.KeyValueRepository
2026-03-21 02:56:13,547 [main] INFO  o.s.d.r.c.RepositoryConfigurationExtensionSupport  - Spring Data Redis - Could not safely identify store assignment for repository candidate interface cn.edu.sdu.java.server.repositorys.ScoreRepository; If you want this repository to be a Redis repository, consider annotating your entities with one of these annotations: org.springframework.data.redis.core.RedisHash (preferred), or consider extending one of the following types with your repository: org.springframework.data.keyvalue.repository.KeyValueRepository
2026-03-21 02:56:13,547 [main] INFO  o.s.d.r.c.RepositoryConfigurationExtensionSupport  - Spring Data Redis - Could not safely identify store assignment for repository candidate interface cn.edu.sdu.java.server.repositorys.StatisticsDayRepository; If you want this repository to be a Redis repository, consider annotating your entities with one of these annotations: org.springframework.data.redis.core.RedisHash (preferred), or consider extending one of the following types with your repository: org.springframework.data.keyvalue.repository.KeyValueRepository
2026-03-21 02:56:13,548 [main] INFO  o.s.d.r.c.RepositoryConfigurationExtensionSupport  - Spring Data Redis - Could not safely identify store assignment for repository candidate interface cn.edu.sdu.java.server.repositorys.StudentLeaveRepository; If you want this repository to be a Redis repository, consider annotating your entities with one of these annotations: org.springframework.data.redis.core.RedisHash (preferred), or consider extending one of the following types with your repository: org.springframework.data.keyvalue.repository.KeyValueRepository
2026-03-21 02:56:13,548 [main] INFO  o.s.d.r.c.RepositoryConfigurationExtensionSupport  - Spring Data Redis - Could not safely identify store assignment for repository candidate interface cn.edu.sdu.java.server.repositorys.StudentRepository; If you want this repository to be a Redis repository, consider annotating your entities with one of these annotations: org.springframework.data.redis.core.RedisHash (preferred), or consider extending one of the following types with your repository: org.springframework.data.keyvalue.repository.KeyValueRepository
2026-03-21 02:56:13,548 [main] INFO  o.s.d.r.c.RepositoryConfigurationExtensionSupport  - Spring Data Redis - Could not safely identify store assignment for repository candidate interface cn.edu.sdu.java.server.repositorys.StudentStatisticsRepository; If you want this repository to be a Redis repository, consider annotating your entities with one of these annotations: org.springframework.data.redis.core.RedisHash (preferred), or consider extending one of the following types with your repository: org.springframework.data.keyvalue.repository.KeyValueRepository
2026-03-21 02:56:13,548 [main] INFO  o.s.d.r.c.RepositoryConfigurationExtensionSupport  - Spring Data Redis - Could not safely identify store assignment for repository candidate interface cn.edu.sdu.java.server.repositorys.SystemInfoRepository; If you want this repository to be a Redis repository, consider annotating your entities with one of these annotations: org.springframework.data.redis.core.RedisHash (preferred), or consider extending one of the following types with your repository: org.springframework.data.keyvalue.repository.KeyValueRepository
2026-03-21 02:56:13,548 [main] INFO  o.s.d.r.c.RepositoryConfigurationExtensionSupport  - Spring Data Redis - Could not safely identify store assignment for repository candidate interface cn.edu.sdu.java.server.repositorys.TeacherRepository; If you want this repository to be a Redis repository, consider annotating your entities with one of these annotations: org.springframework.data.redis.core.RedisHash (preferred), or consider extending one of the following types with your repository: org.springframework.data.keyvalue.repository.KeyValueRepository
2026-03-21 02:56:13,548 [main] INFO  o.s.d.r.c.RepositoryConfigurationExtensionSupport  - Spring Data Redis - Could not safely identify store assignment for repository candidate interface cn.edu.sdu.java.server.repositorys.UserRepository; If you want this repository to be a Redis repository, consider annotating your entities with one of these annotations: org.springframework.data.redis.core.RedisHash (preferred), or consider extending one of the following types with your repository: org.springframework.data.keyvalue.repository.KeyValueRepository
2026-03-21 02:56:13,549 [main] INFO  o.s.d.r.c.RepositoryConfigurationExtensionSupport  - Spring Data Redis - Could not safely identify store assignment for repository candidate interface cn.edu.sdu.java.server.repositorys.UserTypeRepository; If you want this repository to be a Redis repository, consider annotating your entities with one of these annotations: org.springframework.data.redis.core.RedisHash (preferred), or consider extending one of the following types with your repository: org.springframework.data.keyvalue.repository.KeyValueRepository
2026-03-21 02:56:13,549 [main] INFO  o.s.d.r.c.RepositoryConfigurationDelegate          - Finished Spring Data repository scanning in 11 ms. Found 0 Redis repository interfaces.
2026-03-21 02:56:14,452 [main] INFO  o.s.b.w.embedded.tomcat.TomcatWebServer            - Tomcat initialized with port 22223 (http)
2026-03-21 02:56:14,473 [main] INFO  o.apache.coyote.http11.Http11NioProtocol           - Initializing ProtocolHandler ["http-nio-22223"]
2026-03-21 02:56:14,476 [main] INFO  o.apache.catalina.core.StandardService             - Starting service [Tomcat]
2026-03-21 02:56:14,476 [main] INFO  org.apache.catalina.core.StandardEngine            - Starting Servlet engine: [Apache Tomcat/10.1.34]
2026-03-21 02:56:14,561 [main] INFO  o.a.c.c.C.[Tomcat].[localhost].[/]                 - Initializing Spring embedded WebApplicationContext
2026-03-21 02:56:14,561 [main] INFO  o.s.b.w.s.c.ServletWebServerApplicationContext     - Root WebApplicationContext: initialization completed in 1841 ms
2026-03-21 02:56:14,646 [main] ERROR com.zaxxer.hikari.HikariConfig                     - Failed to load driver class com.mysql.cj.jdbc.Driver from HikariConfig class classloader jdk.internal.loader.ClassLoaders$AppClassLoader@36baf30c
2026-03-21 02:56:14,649 [main] ERROR o.s.b.web.embedded.tomcat.TomcatStarter            - Error starting Tomcat context. Exception: org.springframework.beans.factory.UnsatisfiedDependencyException. Message: Error creating bean with name 'jwtAuthenticationFilter' defined in file [F:\Java_project\java-server\target\classes\cn\edu\sdu\java\server\configs\JwtAuthenticationFilter.class]: Unsatisfied dependency expressed through constructor parameter 1: Error creating bean with name 'userDetailsServiceImpl': Unsatisfied dependency expressed through field 'userRepository': Error creating bean with name 'userRepository' defined in cn.edu.sdu.java.server.repositorys.UserRepository defined in @EnableJpaRepositories declared on JpaRepositoriesRegistrar.EnableJpaRepositoriesConfiguration: Cannot resolve reference to bean 'jpaSharedEM_entityManagerFactory' while setting bean property 'entityManager'
2026-03-21 02:56:14,699 [main] INFO  o.apache.catalina.core.StandardService             - Stopping service [Tomcat]
2026-03-21 02:56:14,714 [main] WARN  o.s.b.w.s.c.AnnotationConfigServletWebServerApplicationContext - Exception encountered during context initialization - cancelling refresh attempt: org.springframework.context.ApplicationContextException: Unable to start web server
2026-03-21 02:56:14,729 [main] INFO  o.s.b.a.l.ConditionEvaluationReportLogger          - 

Error starting ApplicationContext. To display the condition evaluation report re-run your application with 'debug' enabled.
2026-03-21 02:56:14,759 [main] ERROR o.springframework.boot.SpringApplication           - Application run failed
org.springframework.context.ApplicationContextException: Unable to start web server
	at org.springframework.boot.web.servlet.context.ServletWebServerApplicationContext.onRefresh(ServletWebServerApplicationContext.java:165)
	at org.springframework.context.support.AbstractApplicationContext.refresh(AbstractApplicationContext.java:621)
	at org.springframework.boot.web.servlet.context.ServletWebServerApplicationContext.refresh(ServletWebServerApplicationContext.java:146)
	at org.springframework.boot.SpringApplication.refresh(SpringApplication.java:752)
	at org.springframework.boot.SpringApplication.refreshContext(SpringApplication.java:439)
	at org.springframework.boot.SpringApplication.run(SpringApplication.java:318)
	at org.springframework.boot.SpringApplication.run(SpringApplication.java:1361)
	at org.springframework.boot.SpringApplication.run(SpringApplication.java:1350)
	at cn.edu.sdu.java.server.JavaServerApplication.main(JavaServerApplication.java:10)
Caused by: org.springframework.boot.web.server.WebServerException: Unable to start embedded Tomcat
	at org.springframework.boot.web.embedded.tomcat.TomcatWebServer.initialize(TomcatWebServer.java:147)
	at org.springframework.boot.web.embedded.tomcat.TomcatWebServer.<init>(TomcatWebServer.java:107)
	at org.springframework.boot.web.embedded.tomcat.TomcatServletWebServerFactory.getTomcatWebServer(TomcatServletWebServerFactory.java:516)
	at org.springframework.boot.web.embedded.tomcat.TomcatServletWebServerFactory.getWebServer(TomcatServletWebServerFactory.java:222)
	at org.springframework.boot.web.servlet.context.ServletWebServerApplicationContext.createWebServer(ServletWebServerApplicationContext.java:188)
	at org.springframework.boot.web.servlet.context.ServletWebServerApplicationContext.onRefresh(ServletWebServerApplicationContext.java:162)
	... 8 common frames omitted
Caused by: org.springframework.beans.factory.UnsatisfiedDependencyException: Error creating bean with name 'jwtAuthenticationFilter' defined in file [F:\Java_project\java-server\target\classes\cn\edu\sdu\java\server\configs\JwtAuthenticationFilter.class]: Unsatisfied dependency expressed through constructor parameter 1: Error creating bean with name 'userDetailsServiceImpl': Unsatisfied dependency expressed through field 'userRepository': Error creating bean with name 'userRepository' defined in cn.edu.sdu.java.server.repositorys.UserRepository defined in @EnableJpaRepositories declared on JpaRepositoriesRegistrar.EnableJpaRepositoriesConfiguration: Cannot resolve reference to bean 'jpaSharedEM_entityManagerFactory' while setting bean property 'entityManager'
	at org.springframework.beans.factory.support.ConstructorResolver.createArgumentArray(ConstructorResolver.java:804)
	at org.springframework.beans.factory.support.ConstructorResolver.autowireConstructor(ConstructorResolver.java:240)
	at org.springframework.beans.factory.support.AbstractAutowireCapableBeanFactory.autowireConstructor(AbstractAutowireCapableBeanFactory.java:1381)
	at org.springframework.beans.factory.support.AbstractAutowireCapableBeanFactory.createBeanInstance(AbstractAutowireCapableBeanFactory.java:1218)
	at org.springframework.beans.factory.support.AbstractAutowireCapableBeanFactory.doCreateBean(AbstractAutowireCapableBeanFactory.java:563)
	at org.springframework.beans.factory.support.AbstractAutowireCapableBeanFactory.createBean(AbstractAutowireCapableBeanFactory.java:523)
	at org.springframework.beans.factory.support.AbstractBeanFactory.lambda$doGetBean$0(AbstractBeanFactory.java:336)
	at org.springframework.beans.factory.support.DefaultSingletonBeanRegistry.getSingleton(DefaultSingletonBeanRegistry.java:307)
	at org.springframework.beans.factory.support.AbstractBeanFactory.doGetBean(AbstractBeanFactory.java:334)
	at org.springframework.beans.factory.support.AbstractBeanFactory.getBean(AbstractBeanFactory.java:204)
	at org.springframework.boot.web.servlet.ServletContextInitializerBeans.getOrderedBeansOfType(ServletContextInitializerBeans.java:211)
	at org.springframework.boot.web.servlet.ServletContextInitializerBeans.addAsRegistrationBean(ServletContextInitializerBeans.java:174)
	at org.springframework.boot.web.servlet.ServletContextInitializerBeans.addAsRegistrationBean(ServletContextInitializerBeans.java:169)
	at org.springframework.boot.web.servlet.ServletContextInitializerBeans.addAdaptableBeans(ServletContextInitializerBeans.java:154)
	at org.springframework.boot.web.servlet.ServletContextInitializerBeans.<init>(ServletContextInitializerBeans.java:87)
	at org.springframework.boot.web.servlet.context.ServletWebServerApplicationContext.getServletContextInitializerBeans(ServletWebServerApplicationContext.java:266)
	at org.springframework.boot.web.servlet.context.ServletWebServerApplicationContext.selfInitialize(ServletWebServerApplicationContext.java:240)
	at org.springframework.boot.web.embedded.tomcat.TomcatStarter.onStartup(TomcatStarter.java:52)
	at org.apache.catalina.core.StandardContext.startInternal(StandardContext.java:4426)
	at org.apache.catalina.util.LifecycleBase.start(LifecycleBase.java:164)
	at org.apache.catalina.core.ContainerBase$StartChild.call(ContainerBase.java:1203)
	at org.apache.catalina.core.ContainerBase$StartChild.call(ContainerBase.java:1193)
	at java.base/java.util.concurrent.FutureTask.run$$$capture(FutureTask.java:317)
	at java.base/java.util.concurrent.FutureTask.run(FutureTask.java)
	at org.apache.tomcat.util.threads.InlineExecutorService.execute(InlineExecutorService.java:75)
	at java.base/java.util.concurrent.AbstractExecutorService.submit(AbstractExecutorService.java:145)
	at org.apache.catalina.core.ContainerBase.startInternal(ContainerBase.java:749)
	at org.apache.catalina.core.StandardHost.startInternal(StandardHost.java:772)
	at org.apache.catalina.util.LifecycleBase.start(LifecycleBase.java:164)
	at org.apache.catalina.core.ContainerBase$StartChild.call(ContainerBase.java:1203)
	at org.apache.catalina.core.ContainerBase$StartChild.call(ContainerBase.java:1193)
	at java.base/java.util.concurrent.FutureTask.run$$$capture(FutureTask.java:317)
	at java.base/java.util.concurrent.FutureTask.run(FutureTask.java)
	at org.apache.tomcat.util.threads.InlineExecutorService.execute(InlineExecutorService.java:75)
	at java.base/java.util.concurrent.AbstractExecutorService.submit(AbstractExecutorService.java:145)
	at org.apache.catalina.core.ContainerBase.startInternal(ContainerBase.java:749)
	at org.apache.catalina.core.StandardEngine.startInternal(StandardEngine.java:203)
	at org.apache.catalina.util.LifecycleBase.start(LifecycleBase.java:164)
	at org.apache.catalina.core.StandardService.startInternal(StandardService.java:415)
	at org.apache.catalina.util.LifecycleBase.start(LifecycleBase.java:164)
	at org.apache.catalina.core.StandardServer.startInternal(StandardServer.java:870)
	at org.apache.catalina.util.LifecycleBase.start(LifecycleBase.java:164)
	at org.apache.catalina.startup.Tomcat.start(Tomcat.java:437)
	at org.springframework.boot.web.embedded.tomcat.TomcatWebServer.initialize(TomcatWebServer.java:128)
	... 13 common frames omitted
Caused by: org.springframework.beans.factory.UnsatisfiedDependencyException: Error creating bean with name 'userDetailsServiceImpl': Unsatisfied dependency expressed through field 'userRepository': Error creating bean with name 'userRepository' defined in cn.edu.sdu.java.server.repositorys.UserRepository defined in @EnableJpaRepositories declared on JpaRepositoriesRegistrar.EnableJpaRepositoriesConfiguration: Cannot resolve reference to bean 'jpaSharedEM_entityManagerFactory' while setting bean property 'entityManager'
	at org.springframework.beans.factory.annotation.AutowiredAnnotationBeanPostProcessor$AutowiredFieldElement.resolveFieldValue(AutowiredAnnotationBeanPostProcessor.java:788)
	at org.springframework.beans.factory.annotation.AutowiredAnnotationBeanPostProcessor$AutowiredFieldElement.inject(AutowiredAnnotationBeanPostProcessor.java:768)
	at org.springframework.beans.factory.annotation.InjectionMetadata.inject(InjectionMetadata.java:146)
	at org.springframework.beans.factory.annotation.AutowiredAnnotationBeanPostProcessor.postProcessProperties(AutowiredAnnotationBeanPostProcessor.java:509)
	at org.springframework.beans.factory.support.AbstractAutowireCapableBeanFactory.populateBean(AbstractAutowireCapableBeanFactory.java:1445)
	at org.springframework.beans.factory.support.AbstractAutowireCapableBeanFactory.doCreateBean(AbstractAutowireCapableBeanFactory.java:600)
	at org.springframework.beans.factory.support.AbstractAutowireCapableBeanFactory.createBean(AbstractAutowireCapableBeanFactory.java:523)
	at org.springframework.beans.factory.support.AbstractBeanFactory.lambda$doGetBean$0(AbstractBeanFactory.java:336)
	at org.springframework.beans.factory.support.DefaultSingletonBeanRegistry.getSingleton(DefaultSingletonBeanRegistry.java:307)
	at org.springframework.beans.factory.support.AbstractBeanFactory.doGetBean(AbstractBeanFactory.java:334)
	at org.springframework.beans.factory.support.AbstractBeanFactory.getBean(AbstractBeanFactory.java:199)
	at org.springframework.beans.factory.config.DependencyDescriptor.resolveCandidate(DependencyDescriptor.java:254)
	at org.springframework.beans.factory.support.DefaultListableBeanFactory.doResolveDependency(DefaultListableBeanFactory.java:1631)
	at org.springframework.beans.factory.support.DefaultListableBeanFactory.resolveDependency(DefaultListableBeanFactory.java:1519)
	at org.springframework.beans.factory.support.ConstructorResolver.resolveAutowiredArgument(ConstructorResolver.java:913)
	at org.springframework.beans.factory.support.ConstructorResolver.createArgumentArray(ConstructorResolver.java:791)
	... 56 common frames omitted
Caused by: org.springframework.beans.factory.BeanCreationException: Error creating bean with name 'userRepository' defined in cn.edu.sdu.java.server.repositorys.UserRepository defined in @EnableJpaRepositories declared on JpaRepositoriesRegistrar.EnableJpaRepositoriesConfiguration: Cannot resolve reference to bean 'jpaSharedEM_entityManagerFactory' while setting bean property 'entityManager'
	at org.springframework.beans.factory.support.BeanDefinitionValueResolver.resolveReference(BeanDefinitionValueResolver.java:377)
	at org.springframework.beans.factory.support.BeanDefinitionValueResolver.resolveValueIfNecessary(BeanDefinitionValueResolver.java:135)
	at org.springframework.beans.factory.support.AbstractAutowireCapableBeanFactory.applyPropertyValues(AbstractAutowireCapableBeanFactory.java:1711)
	at org.springframework.beans.factory.support.AbstractAutowireCapableBeanFactory.populateBean(AbstractAutowireCapableBeanFactory.java:1460)
	at org.springframework.beans.factory.support.AbstractAutowireCapableBeanFactory.doCreateBean(AbstractAutowireCapableBeanFactory.java:600)
	at org.springframework.beans.factory.support.AbstractAutowireCapableBeanFactory.createBean(AbstractAutowireCapableBeanFactory.java:523)
	at org.springframework.beans.factory.support.AbstractBeanFactory.lambda$doGetBean$0(AbstractBeanFactory.java:336)
	at org.springframework.beans.factory.support.DefaultSingletonBeanRegistry.getSingleton(DefaultSingletonBeanRegistry.java:307)
	at org.springframework.beans.factory.support.AbstractBeanFactory.doGetBean(AbstractBeanFactory.java:334)
	at org.springframework.beans.factory.support.AbstractBeanFactory.getBean(AbstractBeanFactory.java:199)
	at org.springframework.beans.factory.support.DefaultListableBeanFactory.doResolveDependency(DefaultListableBeanFactory.java:1573)
	at org.springframework.beans.factory.support.DefaultListableBeanFactory.resolveDependency(DefaultListableBeanFactory.java:1519)
	at org.springframework.beans.factory.annotation.AutowiredAnnotationBeanPostProcessor$AutowiredFieldElement.resolveFieldValue(AutowiredAnnotationBeanPostProcessor.java:785)
	... 71 common frames omitted
Caused by: org.springframework.beans.factory.BeanCreationException: Error creating bean with name 'jpaSharedEM_entityManagerFactory': Cannot resolve reference to bean 'entityManagerFactory' while setting constructor argument
	at org.springframework.beans.factory.support.BeanDefinitionValueResolver.resolveReference(BeanDefinitionValueResolver.java:377)
	at org.springframework.beans.factory.support.BeanDefinitionValueResolver.resolveValueIfNecessary(BeanDefinitionValueResolver.java:135)
	at org.springframework.beans.factory.support.ConstructorResolver.resolveConstructorArguments(ConstructorResolver.java:691)
	at org.springframework.beans.factory.support.ConstructorResolver.instantiateUsingFactoryMethod(ConstructorResolver.java:513)
	at org.springframework.beans.factory.support.AbstractAutowireCapableBeanFactory.instantiateUsingFactoryMethod(AbstractAutowireCapableBeanFactory.java:1361)
	at org.springframework.beans.factory.support.AbstractAutowireCapableBeanFactory.createBeanInstance(AbstractAutowireCapableBeanFactory.java:1191)
	at org.springframework.beans.factory.support.AbstractAutowireCapableBeanFactory.doCreateBean(AbstractAutowireCapableBeanFactory.java:563)
	at org.springframework.beans.factory.support.AbstractAutowireCapableBeanFactory.createBean(AbstractAutowireCapableBeanFactory.java:523)
	at org.springframework.beans.factory.support.AbstractBeanFactory.lambda$doGetBean$0(AbstractBeanFactory.java:336)
	at org.springframework.beans.factory.support.DefaultSingletonBeanRegistry.getSingleton(DefaultSingletonBeanRegistry.java:307)
	at org.springframework.beans.factory.support.AbstractBeanFactory.doGetBean(AbstractBeanFactory.java:334)
	at org.springframework.beans.factory.support.AbstractBeanFactory.getBean(AbstractBeanFactory.java:199)
	at org.springframework.beans.factory.support.BeanDefinitionValueResolver.resolveReference(BeanDefinitionValueResolver.java:365)
	... 83 common frames omitted
Caused by: org.springframework.beans.factory.UnsatisfiedDependencyException: Error creating bean with name 'dataSourceScriptDatabaseInitializer' defined in class path resource [org/springframework/boot/autoconfigure/sql/init/DataSourceInitializationConfiguration.class]: Unsatisfied dependency expressed through method 'dataSourceScriptDatabaseInitializer' parameter 0: Error creating bean with name 'dataSource' defined in class path resource [org/springframework/boot/autoconfigure/jdbc/DataSourceConfiguration$Hikari.class]: Failed to instantiate [com.zaxxer.hikari.HikariDataSource]: Factory method 'dataSource' threw exception with message: Failed to load driver class com.mysql.cj.jdbc.Driver in either of HikariConfig class loader or Thread context classloader
	at org.springframework.beans.factory.support.ConstructorResolver.createArgumentArray(ConstructorResolver.java:804)
	at org.springframework.beans.factory.support.ConstructorResolver.instantiateUsingFactoryMethod(ConstructorResolver.java:546)
	at org.springframework.beans.factory.support.AbstractAutowireCapableBeanFactory.instantiateUsingFactoryMethod(AbstractAutowireCapableBeanFactory.java:1361)
	at org.springframework.beans.factory.support.AbstractAutowireCapableBeanFactory.createBeanInstance(AbstractAutowireCapableBeanFactory.java:1191)
	at org.springframework.beans.factory.support.AbstractAutowireCapableBeanFactory.doCreateBean(AbstractAutowireCapableBeanFactory.java:563)
	at org.springframework.beans.factory.support.AbstractAutowireCapableBeanFactory.createBean(AbstractAutowireCapableBeanFactory.java:523)
	at org.springframework.beans.factory.support.AbstractBeanFactory.lambda$doGetBean$0(AbstractBeanFactory.java:336)
	at org.springframework.beans.factory.support.DefaultSingletonBeanRegistry.getSingleton(DefaultSingletonBeanRegistry.java:307)
	at org.springframework.beans.factory.support.AbstractBeanFactory.doGetBean(AbstractBeanFactory.java:334)
	at org.springframework.beans.factory.support.AbstractBeanFactory.getBean(AbstractBeanFactory.java:199)
	at org.springframework.beans.factory.support.AbstractBeanFactory.doGetBean(AbstractBeanFactory.java:312)
	at org.springframework.beans.factory.support.AbstractBeanFactory.getBean(AbstractBeanFactory.java:199)
	at org.springframework.beans.factory.support.BeanDefinitionValueResolver.resolveReference(BeanDefinitionValueResolver.java:365)
	... 95 common frames omitted
Caused by: org.springframework.beans.factory.BeanCreationException: Error creating bean with name 'dataSource' defined in class path resource [org/springframework/boot/autoconfigure/jdbc/DataSourceConfiguration$Hikari.class]: Failed to instantiate [com.zaxxer.hikari.HikariDataSource]: Factory method 'dataSource' threw exception with message: Failed to load driver class com.mysql.cj.jdbc.Driver in either of HikariConfig class loader or Thread context classloader
	at org.springframework.beans.factory.support.ConstructorResolver.instantiate(ConstructorResolver.java:657)
	at org.springframework.beans.factory.support.ConstructorResolver.instantiateUsingFactoryMethod(ConstructorResolver.java:645)
	at org.springframework.beans.factory.support.AbstractAutowireCapableBeanFactory.instantiateUsingFactoryMethod(AbstractAutowireCapableBeanFactory.java:1361)
	at org.springframework.beans.factory.support.AbstractAutowireCapableBeanFactory.createBeanInstance(AbstractAutowireCapableBeanFactory.java:1191)
	at org.springframework.beans.factory.support.AbstractAutowireCapableBeanFactory.doCreateBean(AbstractAutowireCapableBeanFactory.java:563)
	at org.springframework.beans.factory.support.AbstractAutowireCapableBeanFactory.createBean(AbstractAutowireCapableBeanFactory.java:523)
	at org.springframework.beans.factory.support.AbstractBeanFactory.lambda$doGetBean$0(AbstractBeanFactory.java:336)
	at org.springframework.beans.factory.support.DefaultSingletonBeanRegistry.getSingleton(DefaultSingletonBeanRegistry.java:307)
	at org.springframework.beans.factory.support.AbstractBeanFactory.doGetBean(AbstractBeanFactory.java:334)
	at org.springframework.beans.factory.support.AbstractBeanFactory.getBean(AbstractBeanFactory.java:199)
	at org.springframework.beans.factory.support.DefaultListableBeanFactory.doResolveDependency(DefaultListableBeanFactory.java:1573)
	at org.springframework.beans.factory.support.DefaultListableBeanFactory.resolveDependency(DefaultListableBeanFactory.java:1519)
	at org.springframework.beans.factory.support.ConstructorResolver.resolveAutowiredArgument(ConstructorResolver.java:913)
	at org.springframework.beans.factory.support.ConstructorResolver.createArgumentArray(ConstructorResolver.java:791)
	... 107 common frames omitted
Caused by: org.springframework.beans.BeanInstantiationException: Failed to instantiate [com.zaxxer.hikari.HikariDataSource]: Factory method 'dataSource' threw exception with message: Failed to load driver class com.mysql.cj.jdbc.Driver in either of HikariConfig class loader or Thread context classloader
	at org.springframework.beans.factory.support.SimpleInstantiationStrategy.lambda$instantiate$0(SimpleInstantiationStrategy.java:199)
	at org.springframework.beans.factory.support.SimpleInstantiationStrategy.instantiateWithFactoryMethod(SimpleInstantiationStrategy.java:88)
	at org.springframework.beans.factory.support.SimpleInstantiationStrategy.instantiate(SimpleInstantiationStrategy.java:168)
	at org.springframework.beans.factory.support.ConstructorResolver.instantiate(ConstructorResolver.java:653)
	... 120 common frames omitted
Caused by: java.lang.RuntimeException: Failed to load driver class com.mysql.cj.jdbc.Driver in either of HikariConfig class loader or Thread context classloader
	at com.zaxxer.hikari.HikariConfig.setDriverClassName(HikariConfig.java:494)
	at org.springframework.boot.jdbc.DataSourceBuilder$MappedDataSourceProperty.set(DataSourceBuilder.java:480)
	at org.springframework.boot.jdbc.DataSourceBuilder$MappedDataSourceProperties.set(DataSourceBuilder.java:374)
	at org.springframework.boot.jdbc.DataSourceBuilder.build(DataSourceBuilder.java:184)
	at org.springframework.boot.autoconfigure.jdbc.DataSourceConfiguration.createDataSource(DataSourceConfiguration.java:59)
	at org.springframework.boot.autoconfigure.jdbc.DataSourceConfiguration$Hikari.dataSource(DataSourceConfiguration.java:117)
	at java.base/jdk.internal.reflect.DirectMethodHandleAccessor.invoke(DirectMethodHandleAccessor.java:103)
	at java.base/java.lang.reflect.Method.invoke(Method.java:580)
	at org.springframework.beans.factory.support.SimpleInstantiationStrategy.lambda$instantiate$0(SimpleInstantiationStrategy.java:171)
	... 123 common frames omitted
2026-03-21 03:02:16,056 [background-preinit] INFO  o.h.validator.internal.util.Version                - HV000001: Hibernate Validator 8.0.2.Final
2026-03-21 03:02:16,087 [main] INFO  c.e.s.java.server.JavaServerApplication            - Starting JavaServerApplication using Java 21.0.10 with PID 10928 (F:\Java_project\java-server\target\classes started by Lv Yuetong in F:\Java_project\java-server)
2026-03-21 03:02:16,088 [main] INFO  c.e.s.java.server.JavaServerApplication            - No active profile set, falling back to 1 default profile: "default"
2026-03-21 03:02:16,465 [main] INFO  o.s.d.r.c.RepositoryConfigurationDelegate          - Multiple Spring Data modules found, entering strict repository configuration mode
2026-03-21 03:02:16,466 [main] INFO  o.s.d.r.c.RepositoryConfigurationDelegate          - Bootstrapping Spring Data JPA repositories in DEFAULT mode.
2026-03-21 03:02:16,557 [main] INFO  o.s.d.r.c.RepositoryConfigurationDelegate          - Finished Spring Data repository scanning in 86 ms. Found 19 JPA repository interfaces.
2026-03-21 03:02:16,567 [main] INFO  o.s.d.r.c.RepositoryConfigurationDelegate          - Multiple Spring Data modules found, entering strict repository configuration mode
2026-03-21 03:02:16,568 [main] INFO  o.s.d.r.c.RepositoryConfigurationDelegate          - Bootstrapping Spring Data Redis repositories in DEFAULT mode.
2026-03-21 03:02:16,577 [main] INFO  o.s.d.r.c.RepositoryConfigurationExtensionSupport  - Spring Data Redis - Could not safely identify store assignment for repository candidate interface cn.edu.sdu.java.server.repositorys.CourseRepository; If you want this repository to be a Redis repository, consider annotating your entities with one of these annotations: org.springframework.data.redis.core.RedisHash (preferred), or consider extending one of the following types with your repository: org.springframework.data.keyvalue.repository.KeyValueRepository
2026-03-21 03:02:16,577 [main] INFO  o.s.d.r.c.RepositoryConfigurationExtensionSupport  - Spring Data Redis - Could not safely identify store assignment for repository candidate interface cn.edu.sdu.java.server.repositorys.DailyActivityRepository; If you want this repository to be a Redis repository, consider annotating your entities with one of these annotations: org.springframework.data.redis.core.RedisHash (preferred), or consider extending one of the following types with your repository: org.springframework.data.keyvalue.repository.KeyValueRepository
2026-03-21 03:02:16,577 [main] INFO  o.s.d.r.c.RepositoryConfigurationExtensionSupport  - Spring Data Redis - Could not safely identify store assignment for repository candidate interface cn.edu.sdu.java.server.repositorys.DictionaryInfoRepository; If you want this repository to be a Redis repository, consider annotating your entities with one of these annotations: org.springframework.data.redis.core.RedisHash (preferred), or consider extending one of the following types with your repository: org.springframework.data.keyvalue.repository.KeyValueRepository
2026-03-21 03:02:16,578 [main] INFO  o.s.d.r.c.RepositoryConfigurationExtensionSupport  - Spring Data Redis - Could not safely identify store assignment for repository candidate interface cn.edu.sdu.java.server.repositorys.FamilyMemberRepository; If you want this repository to be a Redis repository, consider annotating your entities with one of these annotations: org.springframework.data.redis.core.RedisHash (preferred), or consider extending one of the following types with your repository: org.springframework.data.keyvalue.repository.KeyValueRepository
2026-03-21 03:02:16,578 [main] INFO  o.s.d.r.c.RepositoryConfigurationExtensionSupport  - Spring Data Redis - Could not safely identify store assignment for repository candidate interface cn.edu.sdu.java.server.repositorys.FeeRepository; If you want this repository to be a Redis repository, consider annotating your entities with one of these annotations: org.springframework.data.redis.core.RedisHash (preferred), or consider extending one of the following types with your repository: org.springframework.data.keyvalue.repository.KeyValueRepository
2026-03-21 03:02:16,578 [main] INFO  o.s.d.r.c.RepositoryConfigurationExtensionSupport  - Spring Data Redis - Could not safely identify store assignment for repository candidate interface cn.edu.sdu.java.server.repositorys.HonorRepository; If you want this repository to be a Redis repository, consider annotating your entities with one of these annotations: org.springframework.data.redis.core.RedisHash (preferred), or consider extending one of the following types with your repository: org.springframework.data.keyvalue.repository.KeyValueRepository
2026-03-21 03:02:16,578 [main] INFO  o.s.d.r.c.RepositoryConfigurationExtensionSupport  - Spring Data Redis - Could not safely identify store assignment for repository candidate interface cn.edu.sdu.java.server.repositorys.InnovationProjectRepository; If you want this repository to be a Redis repository, consider annotating your entities with one of these annotations: org.springframework.data.redis.core.RedisHash (preferred), or consider extending one of the following types with your repository: org.springframework.data.keyvalue.repository.KeyValueRepository
2026-03-21 03:02:16,578 [main] INFO  o.s.d.r.c.RepositoryConfigurationExtensionSupport  - Spring Data Redis - Could not safely identify store assignment for repository candidate interface cn.edu.sdu.java.server.repositorys.MenuInfoRepository; If you want this repository to be a Redis repository, consider annotating your entities with one of these annotations: org.springframework.data.redis.core.RedisHash (preferred), or consider extending one of the following types with your repository: org.springframework.data.keyvalue.repository.KeyValueRepository
2026-03-21 03:02:16,579 [main] INFO  o.s.d.r.c.RepositoryConfigurationExtensionSupport  - Spring Data Redis - Could not safely identify store assignment for repository candidate interface cn.edu.sdu.java.server.repositorys.ModifyLogRepository; If you want this repository to be a Redis repository, consider annotating your entities with one of these annotations: org.springframework.data.redis.core.RedisHash (preferred), or consider extending one of the following types with your repository: org.springframework.data.keyvalue.repository.KeyValueRepository
2026-03-21 03:02:16,579 [main] INFO  o.s.d.r.c.RepositoryConfigurationExtensionSupport  - Spring Data Redis - Could not safely identify store assignment for repository candidate interface cn.edu.sdu.java.server.repositorys.PersonRepository; If you want this repository to be a Redis repository, consider annotating your entities with one of these annotations: org.springframework.data.redis.core.RedisHash (preferred), or consider extending one of the following types with your repository: org.springframework.data.keyvalue.repository.KeyValueRepository
2026-03-21 03:02:16,579 [main] INFO  o.s.d.r.c.RepositoryConfigurationExtensionSupport  - Spring Data Redis - Could not safely identify store assignment for repository candidate interface cn.edu.sdu.java.server.repositorys.ScoreRepository; If you want this repository to be a Redis repository, consider annotating your entities with one of these annotations: org.springframework.data.redis.core.RedisHash (preferred), or consider extending one of the following types with your repository: org.springframework.data.keyvalue.repository.KeyValueRepository
2026-03-21 03:02:16,579 [main] INFO  o.s.d.r.c.RepositoryConfigurationExtensionSupport  - Spring Data Redis - Could not safely identify store assignment for repository candidate interface cn.edu.sdu.java.server.repositorys.StatisticsDayRepository; If you want this repository to be a Redis repository, consider annotating your entities with one of these annotations: org.springframework.data.redis.core.RedisHash (preferred), or consider extending one of the following types with your repository: org.springframework.data.keyvalue.repository.KeyValueRepository
2026-03-21 03:02:16,580 [main] INFO  o.s.d.r.c.RepositoryConfigurationExtensionSupport  - Spring Data Redis - Could not safely identify store assignment for repository candidate interface cn.edu.sdu.java.server.repositorys.StudentLeaveRepository; If you want this repository to be a Redis repository, consider annotating your entities with one of these annotations: org.springframework.data.redis.core.RedisHash (preferred), or consider extending one of the following types with your repository: org.springframework.data.keyvalue.repository.KeyValueRepository
2026-03-21 03:02:16,580 [main] INFO  o.s.d.r.c.RepositoryConfigurationExtensionSupport  - Spring Data Redis - Could not safely identify store assignment for repository candidate interface cn.edu.sdu.java.server.repositorys.StudentRepository; If you want this repository to be a Redis repository, consider annotating your entities with one of these annotations: org.springframework.data.redis.core.RedisHash (preferred), or consider extending one of the following types with your repository: org.springframework.data.keyvalue.repository.KeyValueRepository
2026-03-21 03:02:16,580 [main] INFO  o.s.d.r.c.RepositoryConfigurationExtensionSupport  - Spring Data Redis - Could not safely identify store assignment for repository candidate interface cn.edu.sdu.java.server.repositorys.StudentStatisticsRepository; If you want this repository to be a Redis repository, consider annotating your entities with one of these annotations: org.springframework.data.redis.core.RedisHash (preferred), or consider extending one of the following types with your repository: org.springframework.data.keyvalue.repository.KeyValueRepository
2026-03-21 03:02:16,580 [main] INFO  o.s.d.r.c.RepositoryConfigurationExtensionSupport  - Spring Data Redis - Could not safely identify store assignment for repository candidate interface cn.edu.sdu.java.server.repositorys.SystemInfoRepository; If you want this repository to be a Redis repository, consider annotating your entities with one of these annotations: org.springframework.data.redis.core.RedisHash (preferred), or consider extending one of the following types with your repository: org.springframework.data.keyvalue.repository.KeyValueRepository
2026-03-21 03:02:16,580 [main] INFO  o.s.d.r.c.RepositoryConfigurationExtensionSupport  - Spring Data Redis - Could not safely identify store assignment for repository candidate interface cn.edu.sdu.java.server.repositorys.TeacherRepository; If you want this repository to be a Redis repository, consider annotating your entities with one of these annotations: org.springframework.data.redis.core.RedisHash (preferred), or consider extending one of the following types with your repository: org.springframework.data.keyvalue.repository.KeyValueRepository
2026-03-21 03:02:16,581 [main] INFO  o.s.d.r.c.RepositoryConfigurationExtensionSupport  - Spring Data Redis - Could not safely identify store assignment for repository candidate interface cn.edu.sdu.java.server.repositorys.UserRepository; If you want this repository to be a Redis repository, consider annotating your entities with one of these annotations: org.springframework.data.redis.core.RedisHash (preferred), or consider extending one of the following types with your repository: org.springframework.data.keyvalue.repository.KeyValueRepository
2026-03-21 03:02:16,581 [main] INFO  o.s.d.r.c.RepositoryConfigurationExtensionSupport  - Spring Data Redis - Could not safely identify store assignment for repository candidate interface cn.edu.sdu.java.server.repositorys.UserTypeRepository; If you want this repository to be a Redis repository, consider annotating your entities with one of these annotations: org.springframework.data.redis.core.RedisHash (preferred), or consider extending one of the following types with your repository: org.springframework.data.keyvalue.repository.KeyValueRepository
2026-03-21 03:02:16,581 [main] INFO  o.s.d.r.c.RepositoryConfigurationDelegate          - Finished Spring Data repository scanning in 8 ms. Found 0 Redis repository interfaces.
2026-03-21 03:02:16,953 [main] INFO  o.s.b.w.embedded.tomcat.TomcatWebServer            - Tomcat initialized with port 22223 (http)
2026-03-21 03:02:16,960 [main] INFO  o.apache.coyote.http11.Http11NioProtocol           - Initializing ProtocolHandler ["http-nio-22223"]
2026-03-21 03:02:16,961 [main] INFO  o.apache.catalina.core.StandardService             - Starting service [Tomcat]
2026-03-21 03:02:16,961 [main] INFO  org.apache.catalina.core.StandardEngine            - Starting Servlet engine: [Apache Tomcat/10.1.34]
2026-03-21 03:02:17,000 [main] INFO  o.a.c.c.C.[Tomcat].[localhost].[/]                 - Initializing Spring embedded WebApplicationContext
2026-03-21 03:02:17,001 [main] INFO  o.s.b.w.s.c.ServletWebServerApplicationContext     - Root WebApplicationContext: initialization completed in 889 ms
2026-03-21 03:02:17,058 [main] INFO  com.zaxxer.hikari.HikariDataSource                 - HikariPool-1 - Starting...
2026-03-21 03:02:21,694 [main] INFO  com.zaxxer.hikari.pool.HikariPool                  - HikariPool-1 - Added connection com.mysql.cj.jdbc.ConnectionImpl@6003220a
2026-03-21 03:02:21,695 [main] INFO  com.zaxxer.hikari.HikariDataSource                 - HikariPool-1 - Start completed.
2026-03-21 03:02:21,720 [main] INFO  o.hibernate.jpa.internal.util.LogHelper            - HHH000204: Processing PersistenceUnitInfo [name: default]
2026-03-21 03:02:21,741 [main] INFO  org.hibernate.Version                              - HHH000412: Hibernate ORM core version 6.6.5.Final
2026-03-21 03:02:21,756 [main] INFO  o.h.c.internal.RegionFactoryInitiator              - HHH000026: Second-level cache disabled
2026-03-21 03:02:21,870 [main] INFO  o.s.o.j.p.SpringPersistenceUnitInfo                - No LoadTimeWeaver setup: ignoring JPA class transformer
2026-03-21 03:02:21,937 [main] INFO  org.hibernate.orm.connections.pooling              - HHH10001005: Database info:
	Database JDBC URL [Connecting through datasource 'HikariDataSource (HikariPool-1)']
	Database driver: undefined/unknown
	Database version: 8.0.35
	Autocommit mode: undefined/unknown
	Isolation level: undefined/unknown
	Minimum pool size: undefined/unknown
	Maximum pool size: undefined/unknown
2026-03-21 03:02:22,518 [main] INFO  o.h.e.t.j.p.i.JtaPlatformInitiator                 - HHH000489: No JTA platform available (set 'hibernate.transaction.jta.platform' to enable JTA platform integration)
2026-03-21 03:02:22,520 [main] INFO  o.s.o.j.LocalContainerEntityManagerFactoryBean     - Initialized JPA EntityManagerFactory for persistence unit 'default'
2026-03-21 03:02:22,673 [main] INFO  o.s.d.j.r.query.QueryEnhancerFactory               - Hibernate is in classpath; If applicable, HQL parser will be used.
2026-03-21 03:02:23,013 [main] WARN  o.s.b.a.o.j.JpaBaseConfiguration$JpaWebConfiguration - spring.jpa.open-in-view is enabled by default. Therefore, database queries may be performed during view rendering. Explicitly configure spring.jpa.open-in-view to disable this warning
2026-03-21 03:02:23,233 [main] INFO  o.s.s.c.a.a.c.InitializeAuthenticationProviderBeanManagerConfigurer$InitializeAuthenticationProviderManagerConfigurer - Global AuthenticationManager configured with AuthenticationProvider bean with name authenticationProvider
2026-03-21 03:02:23,233 [main] WARN  o.s.s.c.a.a.c.InitializeUserDetailsBeanManagerConfigurer$InitializeUserDetailsManagerConfigurer - Global AuthenticationManager configured with an AuthenticationProvider bean. UserDetailsService beans will not be used by Spring Security for automatically configuring username/password login. Consider removing the AuthenticationProvider bean. Alternatively, consider using the UserDetailsService in a manually instantiated DaoAuthenticationProvider. If the current configuration is intentional, to turn off this warning, increase the logging level of 'org.springframework.security.config.annotation.authentication.configuration.InitializeUserDetailsBeanManagerConfigurer' to ERROR
2026-03-21 03:02:23,784 [main] INFO  o.s.b.a.w.s.WelcomePageHandlerMapping              - Adding welcome page: class path resource [public/index.html]
2026-03-21 03:02:24,144 [main] INFO  o.apache.coyote.http11.Http11NioProtocol           - Starting ProtocolHandler ["http-nio-22223"]
2026-03-21 03:02:24,154 [main] INFO  o.s.b.w.embedded.tomcat.TomcatWebServer            - Tomcat started on port 22223 (http) with context path '/'
2026-03-21 03:02:24,158 [main] INFO  c.e.s.java.server.JavaServerApplication            - Started JavaServerApplication in 8.344 seconds (process running for 8.526)
2026-03-21 03:02:24,160 [main] INFO  c.e.s.j.server.SystemApplicationListener           - org.springframework.boot.context.event.ApplicationReadyEvent[source=org.springframework.boot.SpringApplication@fdc3482]
2026-03-21 03:02:24,160 [main] INFO  c.e.s.j.server.SystemApplicationListener           - SystemInitStart
2026-03-21 03:02:24,280 [main] INFO  c.e.s.j.server.SystemApplicationListener           - systemInitEnd
2026-03-21 03:03:02,563 [background-preinit] INFO  o.h.validator.internal.util.Version                - HV000001: Hibernate Validator 8.0.2.Final
2026-03-21 03:03:02,662 [main] INFO  c.e.s.java.server.JavaServerApplication            - Starting JavaServerApplication using Java 21.0.10 with PID 11112 (F:\Java_project\java-server\target\classes started by Lv Yuetong in F:\Java_project\java-server)
2026-03-21 03:03:02,663 [main] INFO  c.e.s.java.server.JavaServerApplication            - No active profile set, falling back to 1 default profile: "default"
2026-03-21 03:03:04,180 [main] INFO  o.s.d.r.c.RepositoryConfigurationDelegate          - Multiple Spring Data modules found, entering strict repository configuration mode
2026-03-21 03:03:04,183 [main] INFO  o.s.d.r.c.RepositoryConfigurationDelegate          - Bootstrapping Spring Data JPA repositories in DEFAULT mode.
2026-03-21 03:03:04,384 [main] INFO  o.s.d.r.c.RepositoryConfigurationDelegate          - Finished Spring Data repository scanning in 188 ms. Found 19 JPA repository interfaces.
2026-03-21 03:03:04,406 [main] INFO  o.s.d.r.c.RepositoryConfigurationDelegate          - Multiple Spring Data modules found, entering strict repository configuration mode
2026-03-21 03:03:04,408 [main] INFO  o.s.d.r.c.RepositoryConfigurationDelegate          - Bootstrapping Spring Data Redis repositories in DEFAULT mode.
2026-03-21 03:03:04,424 [main] INFO  o.s.d.r.c.RepositoryConfigurationExtensionSupport  - Spring Data Redis - Could not safely identify store assignment for repository candidate interface cn.edu.sdu.java.server.repositorys.CourseRepository; If you want this repository to be a Redis repository, consider annotating your entities with one of these annotations: org.springframework.data.redis.core.RedisHash (preferred), or consider extending one of the following types with your repository: org.springframework.data.keyvalue.repository.KeyValueRepository
2026-03-21 03:03:04,425 [main] INFO  o.s.d.r.c.RepositoryConfigurationExtensionSupport  - Spring Data Redis - Could not safely identify store assignment for repository candidate interface cn.edu.sdu.java.server.repositorys.DailyActivityRepository; If you want this repository to be a Redis repository, consider annotating your entities with one of these annotations: org.springframework.data.redis.core.RedisHash (preferred), or consider extending one of the following types with your repository: org.springframework.data.keyvalue.repository.KeyValueRepository
2026-03-21 03:03:04,425 [main] INFO  o.s.d.r.c.RepositoryConfigurationExtensionSupport  - Spring Data Redis - Could not safely identify store assignment for repository candidate interface cn.edu.sdu.java.server.repositorys.DictionaryInfoRepository; If you want this repository to be a Redis repository, consider annotating your entities with one of these annotations: org.springframework.data.redis.core.RedisHash (preferred), or consider extending one of the following types with your repository: org.springframework.data.keyvalue.repository.KeyValueRepository
2026-03-21 03:03:04,425 [main] INFO  o.s.d.r.c.RepositoryConfigurationExtensionSupport  - Spring Data Redis - Could not safely identify store assignment for repository candidate interface cn.edu.sdu.java.server.repositorys.FamilyMemberRepository; If you want this repository to be a Redis repository, consider annotating your entities with one of these annotations: org.springframework.data.redis.core.RedisHash (preferred), or consider extending one of the following types with your repository: org.springframework.data.keyvalue.repository.KeyValueRepository
2026-03-21 03:03:04,425 [main] INFO  o.s.d.r.c.RepositoryConfigurationExtensionSupport  - Spring Data Redis - Could not safely identify store assignment for repository candidate interface cn.edu.sdu.java.server.repositorys.FeeRepository; If you want this repository to be a Redis repository, consider annotating your entities with one of these annotations: org.springframework.data.redis.core.RedisHash (preferred), or consider extending one of the following types with your repository: org.springframework.data.keyvalue.repository.KeyValueRepository
2026-03-21 03:03:04,425 [main] INFO  o.s.d.r.c.RepositoryConfigurationExtensionSupport  - Spring Data Redis - Could not safely identify store assignment for repository candidate interface cn.edu.sdu.java.server.repositorys.HonorRepository; If you want this repository to be a Redis repository, consider annotating your entities with one of these annotations: org.springframework.data.redis.core.RedisHash (preferred), or consider extending one of the following types with your repository: org.springframework.data.keyvalue.repository.KeyValueRepository
2026-03-21 03:03:04,425 [main] INFO  o.s.d.r.c.RepositoryConfigurationExtensionSupport  - Spring Data Redis - Could not safely identify store assignment for repository candidate interface cn.edu.sdu.java.server.repositorys.InnovationProjectRepository; If you want this repository to be a Redis repository, consider annotating your entities with one of these annotations: org.springframework.data.redis.core.RedisHash (preferred), or consider extending one of the following types with your repository: org.springframework.data.keyvalue.repository.KeyValueRepository
2026-03-21 03:03:04,425 [main] INFO  o.s.d.r.c.RepositoryConfigurationExtensionSupport  - Spring Data Redis - Could not safely identify store assignment for repository candidate interface cn.edu.sdu.java.server.repositorys.MenuInfoRepository; If you want this repository to be a Redis repository, consider annotating your entities with one of these annotations: org.springframework.data.redis.core.RedisHash (preferred), or consider extending one of the following types with your repository: org.springframework.data.keyvalue.repository.KeyValueRepository
2026-03-21 03:03:04,425 [main] INFO  o.s.d.r.c.RepositoryConfigurationExtensionSupport  - Spring Data Redis - Could not safely identify store assignment for repository candidate interface cn.edu.sdu.java.server.repositorys.ModifyLogRepository; If you want this repository to be a Redis repository, consider annotating your entities with one of these annotations: org.springframework.data.redis.core.RedisHash (preferred), or consider extending one of the following types with your repository: org.springframework.data.keyvalue.repository.KeyValueRepository
2026-03-21 03:03:04,427 [main] INFO  o.s.d.r.c.RepositoryConfigurationExtensionSupport  - Spring Data Redis - Could not safely identify store assignment for repository candidate interface cn.edu.sdu.java.server.repositorys.PersonRepository; If you want this repository to be a Redis repository, consider annotating your entities with one of these annotations: org.springframework.data.redis.core.RedisHash (preferred), or consider extending one of the following types with your repository: org.springframework.data.keyvalue.repository.KeyValueRepository
2026-03-21 03:03:04,427 [main] INFO  o.s.d.r.c.RepositoryConfigurationExtensionSupport  - Spring Data Redis - Could not safely identify store assignment for repository candidate interface cn.edu.sdu.java.server.repositorys.ScoreRepository; If you want this repository to be a Redis repository, consider annotating your entities with one of these annotations: org.springframework.data.redis.core.RedisHash (preferred), or consider extending one of the following types with your repository: org.springframework.data.keyvalue.repository.KeyValueRepository
2026-03-21 03:03:04,427 [main] INFO  o.s.d.r.c.RepositoryConfigurationExtensionSupport  - Spring Data Redis - Could not safely identify store assignment for repository candidate interface cn.edu.sdu.java.server.repositorys.StatisticsDayRepository; If you want this repository to be a Redis repository, consider annotating your entities with one of these annotations: org.springframework.data.redis.core.RedisHash (preferred), or consider extending one of the following types with your repository: org.springframework.data.keyvalue.repository.KeyValueRepository
2026-03-21 03:03:04,428 [main] INFO  o.s.d.r.c.RepositoryConfigurationExtensionSupport  - Spring Data Redis - Could not safely identify store assignment for repository candidate interface cn.edu.sdu.java.server.repositorys.StudentLeaveRepository; If you want this repository to be a Redis repository, consider annotating your entities with one of these annotations: org.springframework.data.redis.core.RedisHash (preferred), or consider extending one of the following types with your repository: org.springframework.data.keyvalue.repository.KeyValueRepository
2026-03-21 03:03:04,428 [main] INFO  o.s.d.r.c.RepositoryConfigurationExtensionSupport  - Spring Data Redis - Could not safely identify store assignment for repository candidate interface cn.edu.sdu.java.server.repositorys.StudentRepository; If you want this repository to be a Redis repository, consider annotating your entities with one of these annotations: org.springframework.data.redis.core.RedisHash (preferred), or consider extending one of the following types with your repository: org.springframework.data.keyvalue.repository.KeyValueRepository
2026-03-21 03:03:04,428 [main] INFO  o.s.d.r.c.RepositoryConfigurationExtensionSupport  - Spring Data Redis - Could not safely identify store assignment for repository candidate interface cn.edu.sdu.java.server.repositorys.StudentStatisticsRepository; If you want this repository to be a Redis repository, consider annotating your entities with one of these annotations: org.springframework.data.redis.core.RedisHash (preferred), or consider extending one of the following types with your repository: org.springframework.data.keyvalue.repository.KeyValueRepository
2026-03-21 03:03:04,428 [main] INFO  o.s.d.r.c.RepositoryConfigurationExtensionSupport  - Spring Data Redis - Could not safely identify store assignment for repository candidate interface cn.edu.sdu.java.server.repositorys.SystemInfoRepository; If you want this repository to be a Redis repository, consider annotating your entities with one of these annotations: org.springframework.data.redis.core.RedisHash (preferred), or consider extending one of the following types with your repository: org.springframework.data.keyvalue.repository.KeyValueRepository
2026-03-21 03:03:04,428 [main] INFO  o.s.d.r.c.RepositoryConfigurationExtensionSupport  - Spring Data Redis - Could not safely identify store assignment for repository candidate interface cn.edu.sdu.java.server.repositorys.TeacherRepository; If you want this repository to be a Redis repository, consider annotating your entities with one of these annotations: org.springframework.data.redis.core.RedisHash (preferred), or consider extending one of the following types with your repository: org.springframework.data.keyvalue.repository.KeyValueRepository
2026-03-21 03:03:04,429 [main] INFO  o.s.d.r.c.RepositoryConfigurationExtensionSupport  - Spring Data Redis - Could not safely identify store assignment for repository candidate interface cn.edu.sdu.java.server.repositorys.UserRepository; If you want this repository to be a Redis repository, consider annotating your entities with one of these annotations: org.springframework.data.redis.core.RedisHash (preferred), or consider extending one of the following types with your repository: org.springframework.data.keyvalue.repository.KeyValueRepository
2026-03-21 03:03:04,429 [main] INFO  o.s.d.r.c.RepositoryConfigurationExtensionSupport  - Spring Data Redis - Could not safely identify store assignment for repository candidate interface cn.edu.sdu.java.server.repositorys.UserTypeRepository; If you want this repository to be a Redis repository, consider annotating your entities with one of these annotations: org.springframework.data.redis.core.RedisHash (preferred), or consider extending one of the following types with your repository: org.springframework.data.keyvalue.repository.KeyValueRepository
2026-03-21 03:03:04,429 [main] INFO  o.s.d.r.c.RepositoryConfigurationDelegate          - Finished Spring Data repository scanning in 13 ms. Found 0 Redis repository interfaces.
2026-03-21 03:03:05,887 [main] INFO  o.s.b.w.embedded.tomcat.TomcatWebServer            - Tomcat initialized with port 22223 (http)
2026-03-21 03:03:05,910 [main] INFO  o.apache.coyote.http11.Http11NioProtocol           - Initializing ProtocolHandler ["http-nio-22223"]
2026-03-21 03:03:05,914 [main] INFO  o.apache.catalina.core.StandardService             - Starting service [Tomcat]
2026-03-21 03:03:05,914 [main] INFO  org.apache.catalina.core.StandardEngine            - Starting Servlet engine: [Apache Tomcat/10.1.34]
2026-03-21 03:03:06,011 [main] INFO  o.a.c.c.C.[Tomcat].[localhost].[/]                 - Initializing Spring embedded WebApplicationContext
2026-03-21 03:03:06,011 [main] INFO  o.s.b.w.s.c.ServletWebServerApplicationContext     - Root WebApplicationContext: initialization completed in 3275 ms
2026-03-21 03:03:06,115 [main] ERROR com.zaxxer.hikari.HikariConfig                     - Failed to load driver class com.mysql.cj.jdbc.Driver from HikariConfig class classloader jdk.internal.loader.ClassLoaders$AppClassLoader@36baf30c
2026-03-21 03:03:06,120 [main] ERROR o.s.b.web.embedded.tomcat.TomcatStarter            - Error starting Tomcat context. Exception: org.springframework.beans.factory.UnsatisfiedDependencyException. Message: Error creating bean with name 'jwtAuthenticationFilter' defined in file [F:\Java_project\java-server\target\classes\cn\edu\sdu\java\server\configs\JwtAuthenticationFilter.class]: Unsatisfied dependency expressed through constructor parameter 1: Error creating bean with name 'userDetailsServiceImpl': Unsatisfied dependency expressed through field 'userRepository': Error creating bean with name 'userRepository' defined in cn.edu.sdu.java.server.repositorys.UserRepository defined in @EnableJpaRepositories declared on JpaRepositoriesRegistrar.EnableJpaRepositoriesConfiguration: Cannot resolve reference to bean 'jpaSharedEM_entityManagerFactory' while setting bean property 'entityManager'
2026-03-21 03:03:06,175 [main] INFO  o.apache.catalina.core.StandardService             - Stopping service [Tomcat]
2026-03-21 03:03:06,187 [main] WARN  o.s.b.w.s.c.AnnotationConfigServletWebServerApplicationContext - Exception encountered during context initialization - cancelling refresh attempt: org.springframework.context.ApplicationContextException: Unable to start web server
2026-03-21 03:03:06,201 [main] INFO  o.s.b.a.l.ConditionEvaluationReportLogger          - 

Error starting ApplicationContext. To display the condition evaluation report re-run your application with 'debug' enabled.
2026-03-21 03:03:06,229 [main] ERROR o.springframework.boot.SpringApplication           - Application run failed
org.springframework.context.ApplicationContextException: Unable to start web server
	at org.springframework.boot.web.servlet.context.ServletWebServerApplicationContext.onRefresh(ServletWebServerApplicationContext.java:165)
	at org.springframework.context.support.AbstractApplicationContext.refresh(AbstractApplicationContext.java:621)
	at org.springframework.boot.web.servlet.context.ServletWebServerApplicationContext.refresh(ServletWebServerApplicationContext.java:146)
	at org.springframework.boot.SpringApplication.refresh(SpringApplication.java:752)
	at org.springframework.boot.SpringApplication.refreshContext(SpringApplication.java:439)
	at org.springframework.boot.SpringApplication.run(SpringApplication.java:318)
	at org.springframework.boot.SpringApplication.run(SpringApplication.java:1361)
	at org.springframework.boot.SpringApplication.run(SpringApplication.java:1350)
	at cn.edu.sdu.java.server.JavaServerApplication.main(JavaServerApplication.java:10)
Caused by: org.springframework.boot.web.server.WebServerException: Unable to start embedded Tomcat
	at org.springframework.boot.web.embedded.tomcat.TomcatWebServer.initialize(TomcatWebServer.java:147)
	at org.springframework.boot.web.embedded.tomcat.TomcatWebServer.<init>(TomcatWebServer.java:107)
	at org.springframework.boot.web.embedded.tomcat.TomcatServletWebServerFactory.getTomcatWebServer(TomcatServletWebServerFactory.java:516)
	at org.springframework.boot.web.embedded.tomcat.TomcatServletWebServerFactory.getWebServer(TomcatServletWebServerFactory.java:222)
	at org.springframework.boot.web.servlet.context.ServletWebServerApplicationContext.createWebServer(ServletWebServerApplicationContext.java:188)
	at org.springframework.boot.web.servlet.context.ServletWebServerApplicationContext.onRefresh(ServletWebServerApplicationContext.java:162)
	... 8 common frames omitted
Caused by: org.springframework.beans.factory.UnsatisfiedDependencyException: Error creating bean with name 'jwtAuthenticationFilter' defined in file [F:\Java_project\java-server\target\classes\cn\edu\sdu\java\server\configs\JwtAuthenticationFilter.class]: Unsatisfied dependency expressed through constructor parameter 1: Error creating bean with name 'userDetailsServiceImpl': Unsatisfied dependency expressed through field 'userRepository': Error creating bean with name 'userRepository' defined in cn.edu.sdu.java.server.repositorys.UserRepository defined in @EnableJpaRepositories declared on JpaRepositoriesRegistrar.EnableJpaRepositoriesConfiguration: Cannot resolve reference to bean 'jpaSharedEM_entityManagerFactory' while setting bean property 'entityManager'
	at org.springframework.beans.factory.support.ConstructorResolver.createArgumentArray(ConstructorResolver.java:804)
	at org.springframework.beans.factory.support.ConstructorResolver.autowireConstructor(ConstructorResolver.java:240)
	at org.springframework.beans.factory.support.AbstractAutowireCapableBeanFactory.autowireConstructor(AbstractAutowireCapableBeanFactory.java:1381)
	at org.springframework.beans.factory.support.AbstractAutowireCapableBeanFactory.createBeanInstance(AbstractAutowireCapableBeanFactory.java:1218)
	at org.springframework.beans.factory.support.AbstractAutowireCapableBeanFactory.doCreateBean(AbstractAutowireCapableBeanFactory.java:563)
	at org.springframework.beans.factory.support.AbstractAutowireCapableBeanFactory.createBean(AbstractAutowireCapableBeanFactory.java:523)
	at org.springframework.beans.factory.support.AbstractBeanFactory.lambda$doGetBean$0(AbstractBeanFactory.java:336)
	at org.springframework.beans.factory.support.DefaultSingletonBeanRegistry.getSingleton(DefaultSingletonBeanRegistry.java:307)
	at org.springframework.beans.factory.support.AbstractBeanFactory.doGetBean(AbstractBeanFactory.java:334)
	at org.springframework.beans.factory.support.AbstractBeanFactory.getBean(AbstractBeanFactory.java:204)
	at org.springframework.boot.web.servlet.ServletContextInitializerBeans.getOrderedBeansOfType(ServletContextInitializerBeans.java:211)
	at org.springframework.boot.web.servlet.ServletContextInitializerBeans.addAsRegistrationBean(ServletContextInitializerBeans.java:174)
	at org.springframework.boot.web.servlet.ServletContextInitializerBeans.addAsRegistrationBean(ServletContextInitializerBeans.java:169)
	at org.springframework.boot.web.servlet.ServletContextInitializerBeans.addAdaptableBeans(ServletContextInitializerBeans.java:154)
	at org.springframework.boot.web.servlet.ServletContextInitializerBeans.<init>(ServletContextInitializerBeans.java:87)
	at org.springframework.boot.web.servlet.context.ServletWebServerApplicationContext.getServletContextInitializerBeans(ServletWebServerApplicationContext.java:266)
	at org.springframework.boot.web.servlet.context.ServletWebServerApplicationContext.selfInitialize(ServletWebServerApplicationContext.java:240)
	at org.springframework.boot.web.embedded.tomcat.TomcatStarter.onStartup(TomcatStarter.java:52)
	at org.apache.catalina.core.StandardContext.startInternal(StandardContext.java:4426)
	at org.apache.catalina.util.LifecycleBase.start(LifecycleBase.java:164)
	at org.apache.catalina.core.ContainerBase$StartChild.call(ContainerBase.java:1203)
	at org.apache.catalina.core.ContainerBase$StartChild.call(ContainerBase.java:1193)
	at java.base/java.util.concurrent.FutureTask.run$$$capture(FutureTask.java:317)
	at java.base/java.util.concurrent.FutureTask.run(FutureTask.java)
	at org.apache.tomcat.util.threads.InlineExecutorService.execute(InlineExecutorService.java:75)
	at java.base/java.util.concurrent.AbstractExecutorService.submit(AbstractExecutorService.java:145)
	at org.apache.catalina.core.ContainerBase.startInternal(ContainerBase.java:749)
	at org.apache.catalina.core.StandardHost.startInternal(StandardHost.java:772)
	at org.apache.catalina.util.LifecycleBase.start(LifecycleBase.java:164)
	at org.apache.catalina.core.ContainerBase$StartChild.call(ContainerBase.java:1203)
	at org.apache.catalina.core.ContainerBase$StartChild.call(ContainerBase.java:1193)
	at java.base/java.util.concurrent.FutureTask.run$$$capture(FutureTask.java:317)
	at java.base/java.util.concurrent.FutureTask.run(FutureTask.java)
	at org.apache.tomcat.util.threads.InlineExecutorService.execute(InlineExecutorService.java:75)
	at java.base/java.util.concurrent.AbstractExecutorService.submit(AbstractExecutorService.java:145)
	at org.apache.catalina.core.ContainerBase.startInternal(ContainerBase.java:749)
	at org.apache.catalina.core.StandardEngine.startInternal(StandardEngine.java:203)
	at org.apache.catalina.util.LifecycleBase.start(LifecycleBase.java:164)
	at org.apache.catalina.core.StandardService.startInternal(StandardService.java:415)
	at org.apache.catalina.util.LifecycleBase.start(LifecycleBase.java:164)
	at org.apache.catalina.core.StandardServer.startInternal(StandardServer.java:870)
	at org.apache.catalina.util.LifecycleBase.start(LifecycleBase.java:164)
	at org.apache.catalina.startup.Tomcat.start(Tomcat.java:437)
	at org.springframework.boot.web.embedded.tomcat.TomcatWebServer.initialize(TomcatWebServer.java:128)
	... 13 common frames omitted
Caused by: org.springframework.beans.factory.UnsatisfiedDependencyException: Error creating bean with name 'userDetailsServiceImpl': Unsatisfied dependency expressed through field 'userRepository': Error creating bean with name 'userRepository' defined in cn.edu.sdu.java.server.repositorys.UserRepository defined in @EnableJpaRepositories declared on JpaRepositoriesRegistrar.EnableJpaRepositoriesConfiguration: Cannot resolve reference to bean 'jpaSharedEM_entityManagerFactory' while setting bean property 'entityManager'
	at org.springframework.beans.factory.annotation.AutowiredAnnotationBeanPostProcessor$AutowiredFieldElement.resolveFieldValue(AutowiredAnnotationBeanPostProcessor.java:788)
	at org.springframework.beans.factory.annotation.AutowiredAnnotationBeanPostProcessor$AutowiredFieldElement.inject(AutowiredAnnotationBeanPostProcessor.java:768)
	at org.springframework.beans.factory.annotation.InjectionMetadata.inject(InjectionMetadata.java:146)
	at org.springframework.beans.factory.annotation.AutowiredAnnotationBeanPostProcessor.postProcessProperties(AutowiredAnnotationBeanPostProcessor.java:509)
	at org.springframework.beans.factory.support.AbstractAutowireCapableBeanFactory.populateBean(AbstractAutowireCapableBeanFactory.java:1445)
	at org.springframework.beans.factory.support.AbstractAutowireCapableBeanFactory.doCreateBean(AbstractAutowireCapableBeanFactory.java:600)
	at org.springframework.beans.factory.support.AbstractAutowireCapableBeanFactory.createBean(AbstractAutowireCapableBeanFactory.java:523)
	at org.springframework.beans.factory.support.AbstractBeanFactory.lambda$doGetBean$0(AbstractBeanFactory.java:336)
	at org.springframework.beans.factory.support.DefaultSingletonBeanRegistry.getSingleton(DefaultSingletonBeanRegistry.java:307)
	at org.springframework.beans.factory.support.AbstractBeanFactory.doGetBean(AbstractBeanFactory.java:334)
	at org.springframework.beans.factory.support.AbstractBeanFactory.getBean(AbstractBeanFactory.java:199)
	at org.springframework.beans.factory.config.DependencyDescriptor.resolveCandidate(DependencyDescriptor.java:254)
	at org.springframework.beans.factory.support.DefaultListableBeanFactory.doResolveDependency(DefaultListableBeanFactory.java:1631)
	at org.springframework.beans.factory.support.DefaultListableBeanFactory.resolveDependency(DefaultListableBeanFactory.java:1519)
	at org.springframework.beans.factory.support.ConstructorResolver.resolveAutowiredArgument(ConstructorResolver.java:913)
	at org.springframework.beans.factory.support.ConstructorResolver.createArgumentArray(ConstructorResolver.java:791)
	... 56 common frames omitted
Caused by: org.springframework.beans.factory.BeanCreationException: Error creating bean with name 'userRepository' defined in cn.edu.sdu.java.server.repositorys.UserRepository defined in @EnableJpaRepositories declared on JpaRepositoriesRegistrar.EnableJpaRepositoriesConfiguration: Cannot resolve reference to bean 'jpaSharedEM_entityManagerFactory' while setting bean property 'entityManager'
	at org.springframework.beans.factory.support.BeanDefinitionValueResolver.resolveReference(BeanDefinitionValueResolver.java:377)
	at org.springframework.beans.factory.support.BeanDefinitionValueResolver.resolveValueIfNecessary(BeanDefinitionValueResolver.java:135)
	at org.springframework.beans.factory.support.AbstractAutowireCapableBeanFactory.applyPropertyValues(AbstractAutowireCapableBeanFactory.java:1711)
	at org.springframework.beans.factory.support.AbstractAutowireCapableBeanFactory.populateBean(AbstractAutowireCapableBeanFactory.java:1460)
	at org.springframework.beans.factory.support.AbstractAutowireCapableBeanFactory.doCreateBean(AbstractAutowireCapableBeanFactory.java:600)
	at org.springframework.beans.factory.support.AbstractAutowireCapableBeanFactory.createBean(AbstractAutowireCapableBeanFactory.java:523)
	at org.springframework.beans.factory.support.AbstractBeanFactory.lambda$doGetBean$0(AbstractBeanFactory.java:336)
	at org.springframework.beans.factory.support.DefaultSingletonBeanRegistry.getSingleton(DefaultSingletonBeanRegistry.java:307)
	at org.springframework.beans.factory.support.AbstractBeanFactory.doGetBean(AbstractBeanFactory.java:334)
	at org.springframework.beans.factory.support.AbstractBeanFactory.getBean(AbstractBeanFactory.java:199)
	at org.springframework.beans.factory.support.DefaultListableBeanFactory.doResolveDependency(DefaultListableBeanFactory.java:1573)
	at org.springframework.beans.factory.support.DefaultListableBeanFactory.resolveDependency(DefaultListableBeanFactory.java:1519)
	at org.springframework.beans.factory.annotation.AutowiredAnnotationBeanPostProcessor$AutowiredFieldElement.resolveFieldValue(AutowiredAnnotationBeanPostProcessor.java:785)
	... 71 common frames omitted
Caused by: org.springframework.beans.factory.BeanCreationException: Error creating bean with name 'jpaSharedEM_entityManagerFactory': Cannot resolve reference to bean 'entityManagerFactory' while setting constructor argument
	at org.springframework.beans.factory.support.BeanDefinitionValueResolver.resolveReference(BeanDefinitionValueResolver.java:377)
	at org.springframework.beans.factory.support.BeanDefinitionValueResolver.resolveValueIfNecessary(BeanDefinitionValueResolver.java:135)
	at org.springframework.beans.factory.support.ConstructorResolver.resolveConstructorArguments(ConstructorResolver.java:691)
	at org.springframework.beans.factory.support.ConstructorResolver.instantiateUsingFactoryMethod(ConstructorResolver.java:513)
	at org.springframework.beans.factory.support.AbstractAutowireCapableBeanFactory.instantiateUsingFactoryMethod(AbstractAutowireCapableBeanFactory.java:1361)
	at org.springframework.beans.factory.support.AbstractAutowireCapableBeanFactory.createBeanInstance(AbstractAutowireCapableBeanFactory.java:1191)
	at org.springframework.beans.factory.support.AbstractAutowireCapableBeanFactory.doCreateBean(AbstractAutowireCapableBeanFactory.java:563)
	at org.springframework.beans.factory.support.AbstractAutowireCapableBeanFactory.createBean(AbstractAutowireCapableBeanFactory.java:523)
	at org.springframework.beans.factory.support.AbstractBeanFactory.lambda$doGetBean$0(AbstractBeanFactory.java:336)
	at org.springframework.beans.factory.support.DefaultSingletonBeanRegistry.getSingleton(DefaultSingletonBeanRegistry.java:307)
	at org.springframework.beans.factory.support.AbstractBeanFactory.doGetBean(AbstractBeanFactory.java:334)
	at org.springframework.beans.factory.support.AbstractBeanFactory.getBean(AbstractBeanFactory.java:199)
	at org.springframework.beans.factory.support.BeanDefinitionValueResolver.resolveReference(BeanDefinitionValueResolver.java:365)
	... 83 common frames omitted
Caused by: org.springframework.beans.factory.UnsatisfiedDependencyException: Error creating bean with name 'dataSourceScriptDatabaseInitializer' defined in class path resource [org/springframework/boot/autoconfigure/sql/init/DataSourceInitializationConfiguration.class]: Unsatisfied dependency expressed through method 'dataSourceScriptDatabaseInitializer' parameter 0: Error creating bean with name 'dataSource' defined in class path resource [org/springframework/boot/autoconfigure/jdbc/DataSourceConfiguration$Hikari.class]: Failed to instantiate [com.zaxxer.hikari.HikariDataSource]: Factory method 'dataSource' threw exception with message: Failed to load driver class com.mysql.cj.jdbc.Driver in either of HikariConfig class loader or Thread context classloader
	at org.springframework.beans.factory.support.ConstructorResolver.createArgumentArray(ConstructorResolver.java:804)
	at org.springframework.beans.factory.support.ConstructorResolver.instantiateUsingFactoryMethod(ConstructorResolver.java:546)
	at org.springframework.beans.factory.support.AbstractAutowireCapableBeanFactory.instantiateUsingFactoryMethod(AbstractAutowireCapableBeanFactory.java:1361)
	at org.springframework.beans.factory.support.AbstractAutowireCapableBeanFactory.createBeanInstance(AbstractAutowireCapableBeanFactory.java:1191)
	at org.springframework.beans.factory.support.AbstractAutowireCapableBeanFactory.doCreateBean(AbstractAutowireCapableBeanFactory.java:563)
	at org.springframework.beans.factory.support.AbstractAutowireCapableBeanFactory.createBean(AbstractAutowireCapableBeanFactory.java:523)
	at org.springframework.beans.factory.support.AbstractBeanFactory.lambda$doGetBean$0(AbstractBeanFactory.java:336)
	at org.springframework.beans.factory.support.DefaultSingletonBeanRegistry.getSingleton(DefaultSingletonBeanRegistry.java:307)
	at org.springframework.beans.factory.support.AbstractBeanFactory.doGetBean(AbstractBeanFactory.java:334)
	at org.springframework.beans.factory.support.AbstractBeanFactory.getBean(AbstractBeanFactory.java:199)
	at org.springframework.beans.factory.support.AbstractBeanFactory.doGetBean(AbstractBeanFactory.java:312)
	at org.springframework.beans.factory.support.AbstractBeanFactory.getBean(AbstractBeanFactory.java:199)
	at org.springframework.beans.factory.support.BeanDefinitionValueResolver.resolveReference(BeanDefinitionValueResolver.java:365)
	... 95 common frames omitted
Caused by: org.springframework.beans.factory.BeanCreationException: Error creating bean with name 'dataSource' defined in class path resource [org/springframework/boot/autoconfigure/jdbc/DataSourceConfiguration$Hikari.class]: Failed to instantiate [com.zaxxer.hikari.HikariDataSource]: Factory method 'dataSource' threw exception with message: Failed to load driver class com.mysql.cj.jdbc.Driver in either of HikariConfig class loader or Thread context classloader
	at org.springframework.beans.factory.support.ConstructorResolver.instantiate(ConstructorResolver.java:657)
	at org.springframework.beans.factory.support.ConstructorResolver.instantiateUsingFactoryMethod(ConstructorResolver.java:645)
	at org.springframework.beans.factory.support.AbstractAutowireCapableBeanFactory.instantiateUsingFactoryMethod(AbstractAutowireCapableBeanFactory.java:1361)
	at org.springframework.beans.factory.support.AbstractAutowireCapableBeanFactory.createBeanInstance(AbstractAutowireCapableBeanFactory.java:1191)
	at org.springframework.beans.factory.support.AbstractAutowireCapableBeanFactory.doCreateBean(AbstractAutowireCapableBeanFactory.java:563)
	at org.springframework.beans.factory.support.AbstractAutowireCapableBeanFactory.createBean(AbstractAutowireCapableBeanFactory.java:523)
	at org.springframework.beans.factory.support.AbstractBeanFactory.lambda$doGetBean$0(AbstractBeanFactory.java:336)
	at org.springframework.beans.factory.support.DefaultSingletonBeanRegistry.getSingleton(DefaultSingletonBeanRegistry.java:307)
	at org.springframework.beans.factory.support.AbstractBeanFactory.doGetBean(AbstractBeanFactory.java:334)
	at org.springframework.beans.factory.support.AbstractBeanFactory.getBean(AbstractBeanFactory.java:199)
	at org.springframework.beans.factory.support.DefaultListableBeanFactory.doResolveDependency(DefaultListableBeanFactory.java:1573)
	at org.springframework.beans.factory.support.DefaultListableBeanFactory.resolveDependency(DefaultListableBeanFactory.java:1519)
	at org.springframework.beans.factory.support.ConstructorResolver.resolveAutowiredArgument(ConstructorResolver.java:913)
	at org.springframework.beans.factory.support.ConstructorResolver.createArgumentArray(ConstructorResolver.java:791)
	... 107 common frames omitted
Caused by: org.springframework.beans.BeanInstantiationException: Failed to instantiate [com.zaxxer.hikari.HikariDataSource]: Factory method 'dataSource' threw exception with message: Failed to load driver class com.mysql.cj.jdbc.Driver in either of HikariConfig class loader or Thread context classloader
	at org.springframework.beans.factory.support.SimpleInstantiationStrategy.lambda$instantiate$0(SimpleInstantiationStrategy.java:199)
	at org.springframework.beans.factory.support.SimpleInstantiationStrategy.instantiateWithFactoryMethod(SimpleInstantiationStrategy.java:88)
	at org.springframework.beans.factory.support.SimpleInstantiationStrategy.instantiate(SimpleInstantiationStrategy.java:168)
	at org.springframework.beans.factory.support.ConstructorResolver.instantiate(ConstructorResolver.java:653)
	... 120 common frames omitted
Caused by: java.lang.RuntimeException: Failed to load driver class com.mysql.cj.jdbc.Driver in either of HikariConfig class loader or Thread context classloader
	at com.zaxxer.hikari.HikariConfig.setDriverClassName(HikariConfig.java:494)
	at org.springframework.boot.jdbc.DataSourceBuilder$MappedDataSourceProperty.set(DataSourceBuilder.java:480)
	at org.springframework.boot.jdbc.DataSourceBuilder$MappedDataSourceProperties.set(DataSourceBuilder.java:374)
	at org.springframework.boot.jdbc.DataSourceBuilder.build(DataSourceBuilder.java:184)
	at org.springframework.boot.autoconfigure.jdbc.DataSourceConfiguration.createDataSource(DataSourceConfiguration.java:59)
	at org.springframework.boot.autoconfigure.jdbc.DataSourceConfiguration$Hikari.dataSource(DataSourceConfiguration.java:117)
	at java.base/jdk.internal.reflect.DirectMethodHandleAccessor.invoke(DirectMethodHandleAccessor.java:103)
	at java.base/java.lang.reflect.Method.invoke(Method.java:580)
	at org.springframework.beans.factory.support.SimpleInstantiationStrategy.lambda$instantiate$0(SimpleInstantiationStrategy.java:171)
	... 123 common frames omitted
2026-03-21 03:08:52,585 [background-preinit] INFO  o.h.validator.internal.util.Version                - HV000001: Hibernate Validator 8.0.2.Final
2026-03-21 03:08:52,646 [main] INFO  c.e.s.java.server.JavaServerApplication            - Starting JavaServerApplication using Java 21.0.10 with PID 21680 (F:\Java_project\java-server\target\classes started by Lv Yuetong in F:\Java_project\java-server)
2026-03-21 03:08:52,647 [main] INFO  c.e.s.java.server.JavaServerApplication            - No active profile set, falling back to 1 default profile: "default"
2026-03-21 03:08:53,422 [main] INFO  o.s.d.r.c.RepositoryConfigurationDelegate          - Multiple Spring Data modules found, entering strict repository configuration mode
2026-03-21 03:08:53,423 [main] INFO  o.s.d.r.c.RepositoryConfigurationDelegate          - Bootstrapping Spring Data JPA repositories in DEFAULT mode.
2026-03-21 03:08:53,554 [main] INFO  o.s.d.r.c.RepositoryConfigurationDelegate          - Finished Spring Data repository scanning in 121 ms. Found 19 JPA repository interfaces.
2026-03-21 03:08:53,570 [main] INFO  o.s.d.r.c.RepositoryConfigurationDelegate          - Multiple Spring Data modules found, entering strict repository configuration mode
2026-03-21 03:08:53,571 [main] INFO  o.s.d.r.c.RepositoryConfigurationDelegate          - Bootstrapping Spring Data Redis repositories in DEFAULT mode.
2026-03-21 03:08:53,587 [main] INFO  o.s.d.r.c.RepositoryConfigurationExtensionSupport  - Spring Data Redis - Could not safely identify store assignment for repository candidate interface cn.edu.sdu.java.server.repositorys.CourseRepository; If you want this repository to be a Redis repository, consider annotating your entities with one of these annotations: org.springframework.data.redis.core.RedisHash (preferred), or consider extending one of the following types with your repository: org.springframework.data.keyvalue.repository.KeyValueRepository
2026-03-21 03:08:53,587 [main] INFO  o.s.d.r.c.RepositoryConfigurationExtensionSupport  - Spring Data Redis - Could not safely identify store assignment for repository candidate interface cn.edu.sdu.java.server.repositorys.DailyActivityRepository; If you want this repository to be a Redis repository, consider annotating your entities with one of these annotations: org.springframework.data.redis.core.RedisHash (preferred), or consider extending one of the following types with your repository: org.springframework.data.keyvalue.repository.KeyValueRepository
2026-03-21 03:08:53,587 [main] INFO  o.s.d.r.c.RepositoryConfigurationExtensionSupport  - Spring Data Redis - Could not safely identify store assignment for repository candidate interface cn.edu.sdu.java.server.repositorys.DictionaryInfoRepository; If you want this repository to be a Redis repository, consider annotating your entities with one of these annotations: org.springframework.data.redis.core.RedisHash (preferred), or consider extending one of the following types with your repository: org.springframework.data.keyvalue.repository.KeyValueRepository
2026-03-21 03:08:53,587 [main] INFO  o.s.d.r.c.RepositoryConfigurationExtensionSupport  - Spring Data Redis - Could not safely identify store assignment for repository candidate interface cn.edu.sdu.java.server.repositorys.FamilyMemberRepository; If you want this repository to be a Redis repository, consider annotating your entities with one of these annotations: org.springframework.data.redis.core.RedisHash (preferred), or consider extending one of the following types with your repository: org.springframework.data.keyvalue.repository.KeyValueRepository
2026-03-21 03:08:53,588 [main] INFO  o.s.d.r.c.RepositoryConfigurationExtensionSupport  - Spring Data Redis - Could not safely identify store assignment for repository candidate interface cn.edu.sdu.java.server.repositorys.FeeRepository; If you want this repository to be a Redis repository, consider annotating your entities with one of these annotations: org.springframework.data.redis.core.RedisHash (preferred), or consider extending one of the following types with your repository: org.springframework.data.keyvalue.repository.KeyValueRepository
2026-03-21 03:08:53,588 [main] INFO  o.s.d.r.c.RepositoryConfigurationExtensionSupport  - Spring Data Redis - Could not safely identify store assignment for repository candidate interface cn.edu.sdu.java.server.repositorys.HonorRepository; If you want this repository to be a Redis repository, consider annotating your entities with one of these annotations: org.springframework.data.redis.core.RedisHash (preferred), or consider extending one of the following types with your repository: org.springframework.data.keyvalue.repository.KeyValueRepository
2026-03-21 03:08:53,588 [main] INFO  o.s.d.r.c.RepositoryConfigurationExtensionSupport  - Spring Data Redis - Could not safely identify store assignment for repository candidate interface cn.edu.sdu.java.server.repositorys.InnovationProjectRepository; If you want this repository to be a Redis repository, consider annotating your entities with one of these annotations: org.springframework.data.redis.core.RedisHash (preferred), or consider extending one of the following types with your repository: org.springframework.data.keyvalue.repository.KeyValueRepository
2026-03-21 03:08:53,588 [main] INFO  o.s.d.r.c.RepositoryConfigurationExtensionSupport  - Spring Data Redis - Could not safely identify store assignment for repository candidate interface cn.edu.sdu.java.server.repositorys.MenuInfoRepository; If you want this repository to be a Redis repository, consider annotating your entities with one of these annotations: org.springframework.data.redis.core.RedisHash (preferred), or consider extending one of the following types with your repository: org.springframework.data.keyvalue.repository.KeyValueRepository
2026-03-21 03:08:53,588 [main] INFO  o.s.d.r.c.RepositoryConfigurationExtensionSupport  - Spring Data Redis - Could not safely identify store assignment for repository candidate interface cn.edu.sdu.java.server.repositorys.ModifyLogRepository; If you want this repository to be a Redis repository, consider annotating your entities with one of these annotations: org.springframework.data.redis.core.RedisHash (preferred), or consider extending one of the following types with your repository: org.springframework.data.keyvalue.repository.KeyValueRepository
2026-03-21 03:08:53,589 [main] INFO  o.s.d.r.c.RepositoryConfigurationExtensionSupport  - Spring Data Redis - Could not safely identify store assignment for repository candidate interface cn.edu.sdu.java.server.repositorys.PersonRepository; If you want this repository to be a Redis repository, consider annotating your entities with one of these annotations: org.springframework.data.redis.core.RedisHash (preferred), or consider extending one of the following types with your repository: org.springframework.data.keyvalue.repository.KeyValueRepository
2026-03-21 03:08:53,589 [main] INFO  o.s.d.r.c.RepositoryConfigurationExtensionSupport  - Spring Data Redis - Could not safely identify store assignment for repository candidate interface cn.edu.sdu.java.server.repositorys.ScoreRepository; If you want this repository to be a Redis repository, consider annotating your entities with one of these annotations: org.springframework.data.redis.core.RedisHash (preferred), or consider extending one of the following types with your repository: org.springframework.data.keyvalue.repository.KeyValueRepository
2026-03-21 03:08:53,589 [main] INFO  o.s.d.r.c.RepositoryConfigurationExtensionSupport  - Spring Data Redis - Could not safely identify store assignment for repository candidate interface cn.edu.sdu.java.server.repositorys.StatisticsDayRepository; If you want this repository to be a Redis repository, consider annotating your entities with one of these annotations: org.springframework.data.redis.core.RedisHash (preferred), or consider extending one of the following types with your repository: org.springframework.data.keyvalue.repository.KeyValueRepository
2026-03-21 03:08:53,589 [main] INFO  o.s.d.r.c.RepositoryConfigurationExtensionSupport  - Spring Data Redis - Could not safely identify store assignment for repository candidate interface cn.edu.sdu.java.server.repositorys.StudentLeaveRepository; If you want this repository to be a Redis repository, consider annotating your entities with one of these annotations: org.springframework.data.redis.core.RedisHash (preferred), or consider extending one of the following types with your repository: org.springframework.data.keyvalue.repository.KeyValueRepository
2026-03-21 03:08:53,590 [main] INFO  o.s.d.r.c.RepositoryConfigurationExtensionSupport  - Spring Data Redis - Could not safely identify store assignment for repository candidate interface cn.edu.sdu.java.server.repositorys.StudentRepository; If you want this repository to be a Redis repository, consider annotating your entities with one of these annotations: org.springframework.data.redis.core.RedisHash (preferred), or consider extending one of the following types with your repository: org.springframework.data.keyvalue.repository.KeyValueRepository
2026-03-21 03:08:53,590 [main] INFO  o.s.d.r.c.RepositoryConfigurationExtensionSupport  - Spring Data Redis - Could not safely identify store assignment for repository candidate interface cn.edu.sdu.java.server.repositorys.StudentStatisticsRepository; If you want this repository to be a Redis repository, consider annotating your entities with one of these annotations: org.springframework.data.redis.core.RedisHash (preferred), or consider extending one of the following types with your repository: org.springframework.data.keyvalue.repository.KeyValueRepository
2026-03-21 03:08:53,590 [main] INFO  o.s.d.r.c.RepositoryConfigurationExtensionSupport  - Spring Data Redis - Could not safely identify store assignment for repository candidate interface cn.edu.sdu.java.server.repositorys.SystemInfoRepository; If you want this repository to be a Redis repository, consider annotating your entities with one of these annotations: org.springframework.data.redis.core.RedisHash (preferred), or consider extending one of the following types with your repository: org.springframework.data.keyvalue.repository.KeyValueRepository
2026-03-21 03:08:53,590 [main] INFO  o.s.d.r.c.RepositoryConfigurationExtensionSupport  - Spring Data Redis - Could not safely identify store assignment for repository candidate interface cn.edu.sdu.java.server.repositorys.TeacherRepository; If you want this repository to be a Redis repository, consider annotating your entities with one of these annotations: org.springframework.data.redis.core.RedisHash (preferred), or consider extending one of the following types with your repository: org.springframework.data.keyvalue.repository.KeyValueRepository
2026-03-21 03:08:53,590 [main] INFO  o.s.d.r.c.RepositoryConfigurationExtensionSupport  - Spring Data Redis - Could not safely identify store assignment for repository candidate interface cn.edu.sdu.java.server.repositorys.UserRepository; If you want this repository to be a Redis repository, consider annotating your entities with one of these annotations: org.springframework.data.redis.core.RedisHash (preferred), or consider extending one of the following types with your repository: org.springframework.data.keyvalue.repository.KeyValueRepository
2026-03-21 03:08:53,590 [main] INFO  o.s.d.r.c.RepositoryConfigurationExtensionSupport  - Spring Data Redis - Could not safely identify store assignment for repository candidate interface cn.edu.sdu.java.server.repositorys.UserTypeRepository; If you want this repository to be a Redis repository, consider annotating your entities with one of these annotations: org.springframework.data.redis.core.RedisHash (preferred), or consider extending one of the following types with your repository: org.springframework.data.keyvalue.repository.KeyValueRepository
2026-03-21 03:08:53,591 [main] INFO  o.s.d.r.c.RepositoryConfigurationDelegate          - Finished Spring Data repository scanning in 11 ms. Found 0 Redis repository interfaces.
2026-03-21 03:08:54,634 [main] INFO  o.s.b.w.embedded.tomcat.TomcatWebServer            - Tomcat initialized with port 22223 (http)
2026-03-21 03:08:54,657 [main] INFO  o.apache.coyote.http11.Http11NioProtocol           - Initializing ProtocolHandler ["http-nio-22223"]
2026-03-21 03:08:54,661 [main] INFO  o.apache.catalina.core.StandardService             - Starting service [Tomcat]
2026-03-21 03:08:54,661 [main] INFO  org.apache.catalina.core.StandardEngine            - Starting Servlet engine: [Apache Tomcat/10.1.34]
2026-03-21 03:08:54,745 [main] INFO  o.a.c.c.C.[Tomcat].[localhost].[/]                 - Initializing Spring embedded WebApplicationContext
2026-03-21 03:08:54,745 [main] INFO  o.s.b.w.s.c.ServletWebServerApplicationContext     - Root WebApplicationContext: initialization completed in 2058 ms
2026-03-21 03:08:54,934 [main] INFO  com.zaxxer.hikari.HikariDataSource                 - HikariPool-1 - Starting...
2026-03-21 03:08:59,806 [main] INFO  com.zaxxer.hikari.pool.HikariPool                  - HikariPool-1 - Added connection com.mysql.cj.jdbc.ConnectionImpl@16e07bae
2026-03-21 03:08:59,807 [main] INFO  com.zaxxer.hikari.HikariDataSource                 - HikariPool-1 - Start completed.
2026-03-21 03:08:59,839 [main] INFO  o.hibernate.jpa.internal.util.LogHelper            - HHH000204: Processing PersistenceUnitInfo [name: default]
2026-03-21 03:08:59,867 [main] INFO  org.hibernate.Version                              - HHH000412: Hibernate ORM core version 6.6.5.Final
2026-03-21 03:08:59,895 [main] INFO  o.h.c.internal.RegionFactoryInitiator              - HHH000026: Second-level cache disabled
2026-03-21 03:09:00,099 [main] INFO  o.s.o.j.p.SpringPersistenceUnitInfo                - No LoadTimeWeaver setup: ignoring JPA class transformer
2026-03-21 03:09:00,181 [main] INFO  org.hibernate.orm.connections.pooling              - HHH10001005: Database info:
	Database JDBC URL [Connecting through datasource 'HikariDataSource (HikariPool-1)']
	Database driver: undefined/unknown
	Database version: 8.0.35
	Autocommit mode: undefined/unknown
	Isolation level: undefined/unknown
	Minimum pool size: undefined/unknown
	Maximum pool size: undefined/unknown
2026-03-21 03:09:00,922 [main] INFO  o.h.e.t.j.p.i.JtaPlatformInitiator                 - HHH000489: No JTA platform available (set 'hibernate.transaction.jta.platform' to enable JTA platform integration)
2026-03-21 03:09:00,925 [main] INFO  o.s.o.j.LocalContainerEntityManagerFactoryBean     - Initialized JPA EntityManagerFactory for persistence unit 'default'
2026-03-21 03:09:01,369 [main] INFO  o.s.d.j.r.query.QueryEnhancerFactory               - Hibernate is in classpath; If applicable, HQL parser will be used.
2026-03-21 03:09:02,188 [main] WARN  o.s.b.a.o.j.JpaBaseConfiguration$JpaWebConfiguration - spring.jpa.open-in-view is enabled by default. Therefore, database queries may be performed during view rendering. Explicitly configure spring.jpa.open-in-view to disable this warning
2026-03-21 03:09:02,684 [main] INFO  o.s.s.c.a.a.c.InitializeAuthenticationProviderBeanManagerConfigurer$InitializeAuthenticationProviderManagerConfigurer - Global AuthenticationManager configured with AuthenticationProvider bean with name authenticationProvider
2026-03-21 03:09:02,684 [main] WARN  o.s.s.c.a.a.c.InitializeUserDetailsBeanManagerConfigurer$InitializeUserDetailsManagerConfigurer - Global AuthenticationManager configured with an AuthenticationProvider bean. UserDetailsService beans will not be used by Spring Security for automatically configuring username/password login. Consider removing the AuthenticationProvider bean. Alternatively, consider using the UserDetailsService in a manually instantiated DaoAuthenticationProvider. If the current configuration is intentional, to turn off this warning, increase the logging level of 'org.springframework.security.config.annotation.authentication.configuration.InitializeUserDetailsBeanManagerConfigurer' to ERROR
2026-03-21 03:09:03,462 [main] INFO  o.s.b.a.w.s.WelcomePageHandlerMapping              - Adding welcome page: class path resource [public/index.html]
2026-03-21 03:09:04,599 [main] INFO  o.apache.coyote.http11.Http11NioProtocol           - Starting ProtocolHandler ["http-nio-22223"]
2026-03-21 03:09:04,622 [main] WARN  o.s.b.w.s.c.AnnotationConfigServletWebServerApplicationContext - Exception encountered during context initialization - cancelling refresh attempt: org.springframework.context.ApplicationContextException: Failed to start bean 'webServerStartStop'
2026-03-21 03:09:04,641 [main] INFO  o.s.o.j.LocalContainerEntityManagerFactoryBean     - Closing JPA EntityManagerFactory for persistence unit 'default'
2026-03-21 03:09:04,644 [main] INFO  com.zaxxer.hikari.HikariDataSource                 - HikariPool-1 - Shutdown initiated...
2026-03-21 03:09:04,652 [main] INFO  com.zaxxer.hikari.HikariDataSource                 - HikariPool-1 - Shutdown completed.
2026-03-21 03:09:04,671 [main] INFO  o.s.b.a.l.ConditionEvaluationReportLogger          - 

Error starting ApplicationContext. To display the condition evaluation report re-run your application with 'debug' enabled.
2026-03-21 03:09:04,698 [main] ERROR o.s.b.d.LoggingFailureAnalysisReporter             - 

***************************
APPLICATION FAILED TO START
***************************

Description:

Web server failed to start. Port 22223 was already in use.

Action:

Identify and stop the process that's listening on port 22223 or configure this application to listen on another port.

2026-03-21 03:10:19,268 [background-preinit] INFO  o.h.validator.internal.util.Version                - HV000001: Hibernate Validator 8.0.2.Final
2026-03-21 03:10:19,362 [main] INFO  c.e.s.java.server.JavaServerApplication            - Starting JavaServerApplication using Java 21.0.10 with PID 5492 (F:\Java_project\java-server\target\classes started by Lv Yuetong in F:\Java_project\java-server)
2026-03-21 03:10:19,364 [main] INFO  c.e.s.java.server.JavaServerApplication            - No active profile set, falling back to 1 default profile: "default"
2026-03-21 03:10:20,207 [main] INFO  o.s.d.r.c.RepositoryConfigurationDelegate          - Multiple Spring Data modules found, entering strict repository configuration mode
2026-03-21 03:10:20,208 [main] INFO  o.s.d.r.c.RepositoryConfigurationDelegate          - Bootstrapping Spring Data JPA repositories in DEFAULT mode.
2026-03-21 03:10:20,338 [main] INFO  o.s.d.r.c.RepositoryConfigurationDelegate          - Finished Spring Data repository scanning in 122 ms. Found 19 JPA repository interfaces.
2026-03-21 03:10:20,356 [main] INFO  o.s.d.r.c.RepositoryConfigurationDelegate          - Multiple Spring Data modules found, entering strict repository configuration mode
2026-03-21 03:10:20,357 [main] INFO  o.s.d.r.c.RepositoryConfigurationDelegate          - Bootstrapping Spring Data Redis repositories in DEFAULT mode.
2026-03-21 03:10:20,374 [main] INFO  o.s.d.r.c.RepositoryConfigurationExtensionSupport  - Spring Data Redis - Could not safely identify store assignment for repository candidate interface cn.edu.sdu.java.server.repositorys.CourseRepository; If you want this repository to be a Redis repository, consider annotating your entities with one of these annotations: org.springframework.data.redis.core.RedisHash (preferred), or consider extending one of the following types with your repository: org.springframework.data.keyvalue.repository.KeyValueRepository
2026-03-21 03:10:20,374 [main] INFO  o.s.d.r.c.RepositoryConfigurationExtensionSupport  - Spring Data Redis - Could not safely identify store assignment for repository candidate interface cn.edu.sdu.java.server.repositorys.DailyActivityRepository; If you want this repository to be a Redis repository, consider annotating your entities with one of these annotations: org.springframework.data.redis.core.RedisHash (preferred), or consider extending one of the following types with your repository: org.springframework.data.keyvalue.repository.KeyValueRepository
2026-03-21 03:10:20,375 [main] INFO  o.s.d.r.c.RepositoryConfigurationExtensionSupport  - Spring Data Redis - Could not safely identify store assignment for repository candidate interface cn.edu.sdu.java.server.repositorys.DictionaryInfoRepository; If you want this repository to be a Redis repository, consider annotating your entities with one of these annotations: org.springframework.data.redis.core.RedisHash (preferred), or consider extending one of the following types with your repository: org.springframework.data.keyvalue.repository.KeyValueRepository
2026-03-21 03:10:20,375 [main] INFO  o.s.d.r.c.RepositoryConfigurationExtensionSupport  - Spring Data Redis - Could not safely identify store assignment for repository candidate interface cn.edu.sdu.java.server.repositorys.FamilyMemberRepository; If you want this repository to be a Redis repository, consider annotating your entities with one of these annotations: org.springframework.data.redis.core.RedisHash (preferred), or consider extending one of the following types with your repository: org.springframework.data.keyvalue.repository.KeyValueRepository
2026-03-21 03:10:20,375 [main] INFO  o.s.d.r.c.RepositoryConfigurationExtensionSupport  - Spring Data Redis - Could not safely identify store assignment for repository candidate interface cn.edu.sdu.java.server.repositorys.FeeRepository; If you want this repository to be a Redis repository, consider annotating your entities with one of these annotations: org.springframework.data.redis.core.RedisHash (preferred), or consider extending one of the following types with your repository: org.springframework.data.keyvalue.repository.KeyValueRepository
2026-03-21 03:10:20,375 [main] INFO  o.s.d.r.c.RepositoryConfigurationExtensionSupport  - Spring Data Redis - Could not safely identify store assignment for repository candidate interface cn.edu.sdu.java.server.repositorys.HonorRepository; If you want this repository to be a Redis repository, consider annotating your entities with one of these annotations: org.springframework.data.redis.core.RedisHash (preferred), or consider extending one of the following types with your repository: org.springframework.data.keyvalue.repository.KeyValueRepository
2026-03-21 03:10:20,375 [main] INFO  o.s.d.r.c.RepositoryConfigurationExtensionSupport  - Spring Data Redis - Could not safely identify store assignment for repository candidate interface cn.edu.sdu.java.server.repositorys.InnovationProjectRepository; If you want this repository to be a Redis repository, consider annotating your entities with one of these annotations: org.springframework.data.redis.core.RedisHash (preferred), or consider extending one of the following types with your repository: org.springframework.data.keyvalue.repository.KeyValueRepository
2026-03-21 03:10:20,375 [main] INFO  o.s.d.r.c.RepositoryConfigurationExtensionSupport  - Spring Data Redis - Could not safely identify store assignment for repository candidate interface cn.edu.sdu.java.server.repositorys.MenuInfoRepository; If you want this repository to be a Redis repository, consider annotating your entities with one of these annotations: org.springframework.data.redis.core.RedisHash (preferred), or consider extending one of the following types with your repository: org.springframework.data.keyvalue.repository.KeyValueRepository
2026-03-21 03:10:20,376 [main] INFO  o.s.d.r.c.RepositoryConfigurationExtensionSupport  - Spring Data Redis - Could not safely identify store assignment for repository candidate interface cn.edu.sdu.java.server.repositorys.ModifyLogRepository; If you want this repository to be a Redis repository, consider annotating your entities with one of these annotations: org.springframework.data.redis.core.RedisHash (preferred), or consider extending one of the following types with your repository: org.springframework.data.keyvalue.repository.KeyValueRepository
2026-03-21 03:10:20,377 [main] INFO  o.s.d.r.c.RepositoryConfigurationExtensionSupport  - Spring Data Redis - Could not safely identify store assignment for repository candidate interface cn.edu.sdu.java.server.repositorys.PersonRepository; If you want this repository to be a Redis repository, consider annotating your entities with one of these annotations: org.springframework.data.redis.core.RedisHash (preferred), or consider extending one of the following types with your repository: org.springframework.data.keyvalue.repository.KeyValueRepository
2026-03-21 03:10:20,377 [main] INFO  o.s.d.r.c.RepositoryConfigurationExtensionSupport  - Spring Data Redis - Could not safely identify store assignment for repository candidate interface cn.edu.sdu.java.server.repositorys.ScoreRepository; If you want this repository to be a Redis repository, consider annotating your entities with one of these annotations: org.springframework.data.redis.core.RedisHash (preferred), or consider extending one of the following types with your repository: org.springframework.data.keyvalue.repository.KeyValueRepository
2026-03-21 03:10:20,377 [main] INFO  o.s.d.r.c.RepositoryConfigurationExtensionSupport  - Spring Data Redis - Could not safely identify store assignment for repository candidate interface cn.edu.sdu.java.server.repositorys.StatisticsDayRepository; If you want this repository to be a Redis repository, consider annotating your entities with one of these annotations: org.springframework.data.redis.core.RedisHash (preferred), or consider extending one of the following types with your repository: org.springframework.data.keyvalue.repository.KeyValueRepository
2026-03-21 03:10:20,377 [main] INFO  o.s.d.r.c.RepositoryConfigurationExtensionSupport  - Spring Data Redis - Could not safely identify store assignment for repository candidate interface cn.edu.sdu.java.server.repositorys.StudentLeaveRepository; If you want this repository to be a Redis repository, consider annotating your entities with one of these annotations: org.springframework.data.redis.core.RedisHash (preferred), or consider extending one of the following types with your repository: org.springframework.data.keyvalue.repository.KeyValueRepository
2026-03-21 03:10:20,377 [main] INFO  o.s.d.r.c.RepositoryConfigurationExtensionSupport  - Spring Data Redis - Could not safely identify store assignment for repository candidate interface cn.edu.sdu.java.server.repositorys.StudentRepository; If you want this repository to be a Redis repository, consider annotating your entities with one of these annotations: org.springframework.data.redis.core.RedisHash (preferred), or consider extending one of the following types with your repository: org.springframework.data.keyvalue.repository.KeyValueRepository
2026-03-21 03:10:20,378 [main] INFO  o.s.d.r.c.RepositoryConfigurationExtensionSupport  - Spring Data Redis - Could not safely identify store assignment for repository candidate interface cn.edu.sdu.java.server.repositorys.StudentStatisticsRepository; If you want this repository to be a Redis repository, consider annotating your entities with one of these annotations: org.springframework.data.redis.core.RedisHash (preferred), or consider extending one of the following types with your repository: org.springframework.data.keyvalue.repository.KeyValueRepository
2026-03-21 03:10:20,378 [main] INFO  o.s.d.r.c.RepositoryConfigurationExtensionSupport  - Spring Data Redis - Could not safely identify store assignment for repository candidate interface cn.edu.sdu.java.server.repositorys.SystemInfoRepository; If you want this repository to be a Redis repository, consider annotating your entities with one of these annotations: org.springframework.data.redis.core.RedisHash (preferred), or consider extending one of the following types with your repository: org.springframework.data.keyvalue.repository.KeyValueRepository
2026-03-21 03:10:20,378 [main] INFO  o.s.d.r.c.RepositoryConfigurationExtensionSupport  - Spring Data Redis - Could not safely identify store assignment for repository candidate interface cn.edu.sdu.java.server.repositorys.TeacherRepository; If you want this repository to be a Redis repository, consider annotating your entities with one of these annotations: org.springframework.data.redis.core.RedisHash (preferred), or consider extending one of the following types with your repository: org.springframework.data.keyvalue.repository.KeyValueRepository
2026-03-21 03:10:20,378 [main] INFO  o.s.d.r.c.RepositoryConfigurationExtensionSupport  - Spring Data Redis - Could not safely identify store assignment for repository candidate interface cn.edu.sdu.java.server.repositorys.UserRepository; If you want this repository to be a Redis repository, consider annotating your entities with one of these annotations: org.springframework.data.redis.core.RedisHash (preferred), or consider extending one of the following types with your repository: org.springframework.data.keyvalue.repository.KeyValueRepository
2026-03-21 03:10:20,378 [main] INFO  o.s.d.r.c.RepositoryConfigurationExtensionSupport  - Spring Data Redis - Could not safely identify store assignment for repository candidate interface cn.edu.sdu.java.server.repositorys.UserTypeRepository; If you want this repository to be a Redis repository, consider annotating your entities with one of these annotations: org.springframework.data.redis.core.RedisHash (preferred), or consider extending one of the following types with your repository: org.springframework.data.keyvalue.repository.KeyValueRepository
2026-03-21 03:10:20,379 [main] INFO  o.s.d.r.c.RepositoryConfigurationDelegate          - Finished Spring Data repository scanning in 14 ms. Found 0 Redis repository interfaces.
2026-03-21 03:10:21,459 [main] INFO  o.s.b.w.embedded.tomcat.TomcatWebServer            - Tomcat initialized with port 22223 (http)
2026-03-21 03:10:21,482 [main] INFO  o.apache.coyote.http11.Http11NioProtocol           - Initializing ProtocolHandler ["http-nio-22223"]
2026-03-21 03:10:21,485 [main] INFO  o.apache.catalina.core.StandardService             - Starting service [Tomcat]
2026-03-21 03:10:21,486 [main] INFO  org.apache.catalina.core.StandardEngine            - Starting Servlet engine: [Apache Tomcat/10.1.34]
2026-03-21 03:10:21,564 [main] INFO  o.a.c.c.C.[Tomcat].[localhost].[/]                 - Initializing Spring embedded WebApplicationContext
2026-03-21 03:10:21,564 [main] INFO  o.s.b.w.s.c.ServletWebServerApplicationContext     - Root WebApplicationContext: initialization completed in 2109 ms
2026-03-21 03:10:21,757 [main] INFO  com.zaxxer.hikari.HikariDataSource                 - HikariPool-1 - Starting...
2026-03-21 03:10:26,648 [main] INFO  com.zaxxer.hikari.pool.HikariPool                  - HikariPool-1 - Added connection com.mysql.cj.jdbc.ConnectionImpl@596afb2f
2026-03-21 03:10:26,649 [main] INFO  com.zaxxer.hikari.HikariDataSource                 - HikariPool-1 - Start completed.
2026-03-21 03:10:26,679 [main] INFO  o.hibernate.jpa.internal.util.LogHelper            - HHH000204: Processing PersistenceUnitInfo [name: default]
2026-03-21 03:10:26,714 [main] INFO  org.hibernate.Version                              - HHH000412: Hibernate ORM core version 6.6.5.Final
2026-03-21 03:10:26,734 [main] INFO  o.h.c.internal.RegionFactoryInitiator              - HHH000026: Second-level cache disabled
2026-03-21 03:10:26,896 [main] INFO  o.s.o.j.p.SpringPersistenceUnitInfo                - No LoadTimeWeaver setup: ignoring JPA class transformer
2026-03-21 03:10:27,059 [main] INFO  org.hibernate.orm.connections.pooling              - HHH10001005: Database info:
	Database JDBC URL [Connecting through datasource 'HikariDataSource (HikariPool-1)']
	Database driver: undefined/unknown
	Database version: 8.0.35
	Autocommit mode: undefined/unknown
	Isolation level: undefined/unknown
	Minimum pool size: undefined/unknown
	Maximum pool size: undefined/unknown
2026-03-21 03:10:27,770 [main] INFO  o.h.e.t.j.p.i.JtaPlatformInitiator                 - HHH000489: No JTA platform available (set 'hibernate.transaction.jta.platform' to enable JTA platform integration)
2026-03-21 03:10:27,772 [main] INFO  o.s.o.j.LocalContainerEntityManagerFactoryBean     - Initialized JPA EntityManagerFactory for persistence unit 'default'
2026-03-21 03:10:28,197 [main] INFO  o.s.d.j.r.query.QueryEnhancerFactory               - Hibernate is in classpath; If applicable, HQL parser will be used.
2026-03-21 03:10:28,885 [main] WARN  o.s.b.a.o.j.JpaBaseConfiguration$JpaWebConfiguration - spring.jpa.open-in-view is enabled by default. Therefore, database queries may be performed during view rendering. Explicitly configure spring.jpa.open-in-view to disable this warning
2026-03-21 03:10:29,342 [main] INFO  o.s.s.c.a.a.c.InitializeAuthenticationProviderBeanManagerConfigurer$InitializeAuthenticationProviderManagerConfigurer - Global AuthenticationManager configured with AuthenticationProvider bean with name authenticationProvider
2026-03-21 03:10:29,342 [main] WARN  o.s.s.c.a.a.c.InitializeUserDetailsBeanManagerConfigurer$InitializeUserDetailsManagerConfigurer - Global AuthenticationManager configured with an AuthenticationProvider bean. UserDetailsService beans will not be used by Spring Security for automatically configuring username/password login. Consider removing the AuthenticationProvider bean. Alternatively, consider using the UserDetailsService in a manually instantiated DaoAuthenticationProvider. If the current configuration is intentional, to turn off this warning, increase the logging level of 'org.springframework.security.config.annotation.authentication.configuration.InitializeUserDetailsBeanManagerConfigurer' to ERROR
2026-03-21 03:10:30,245 [main] INFO  o.s.b.a.w.s.WelcomePageHandlerMapping              - Adding welcome page: class path resource [public/index.html]
2026-03-21 03:10:31,321 [main] INFO  o.apache.coyote.http11.Http11NioProtocol           - Starting ProtocolHandler ["http-nio-22223"]
2026-03-21 03:10:31,342 [main] WARN  o.s.b.w.s.c.AnnotationConfigServletWebServerApplicationContext - Exception encountered during context initialization - cancelling refresh attempt: org.springframework.context.ApplicationContextException: Failed to start bean 'webServerStartStop'
2026-03-21 03:10:31,359 [main] INFO  o.s.o.j.LocalContainerEntityManagerFactoryBean     - Closing JPA EntityManagerFactory for persistence unit 'default'
2026-03-21 03:10:31,361 [main] INFO  com.zaxxer.hikari.HikariDataSource                 - HikariPool-1 - Shutdown initiated...
2026-03-21 03:10:31,368 [main] INFO  com.zaxxer.hikari.HikariDataSource                 - HikariPool-1 - Shutdown completed.
2026-03-21 03:10:31,384 [main] INFO  o.s.b.a.l.ConditionEvaluationReportLogger          - 

Error starting ApplicationContext. To display the condition evaluation report re-run your application with 'debug' enabled.
2026-03-21 03:10:31,409 [main] ERROR o.s.b.d.LoggingFailureAnalysisReporter             - 

***************************
APPLICATION FAILED TO START
***************************

Description:

Web server failed to start. Port 22223 was already in use.

Action:

Identify and stop the process that's listening on port 22223 or configure this application to listen on another port.

2026-03-21 03:13:13,067 [background-preinit] INFO  o.h.validator.internal.util.Version                - HV000001: Hibernate Validator 8.0.2.Final
2026-03-21 03:13:13,133 [main] INFO  c.e.s.java.server.JavaServerApplication            - Starting JavaServerApplication using Java 21.0.10 with PID 6972 (F:\Java_project\java-server\target\classes started by Lv Yuetong in F:\Java_project\java-server)
2026-03-21 03:13:13,134 [main] INFO  c.e.s.java.server.JavaServerApplication            - No active profile set, falling back to 1 default profile: "default"
2026-03-21 03:13:13,844 [main] INFO  o.s.d.r.c.RepositoryConfigurationDelegate          - Multiple Spring Data modules found, entering strict repository configuration mode
2026-03-21 03:13:13,845 [main] INFO  o.s.d.r.c.RepositoryConfigurationDelegate          - Bootstrapping Spring Data JPA repositories in DEFAULT mode.
2026-03-21 03:13:13,971 [main] INFO  o.s.d.r.c.RepositoryConfigurationDelegate          - Finished Spring Data repository scanning in 118 ms. Found 19 JPA repository interfaces.
2026-03-21 03:13:13,987 [main] INFO  o.s.d.r.c.RepositoryConfigurationDelegate          - Multiple Spring Data modules found, entering strict repository configuration mode
2026-03-21 03:13:13,988 [main] INFO  o.s.d.r.c.RepositoryConfigurationDelegate          - Bootstrapping Spring Data Redis repositories in DEFAULT mode.
2026-03-21 03:13:14,006 [main] INFO  o.s.d.r.c.RepositoryConfigurationExtensionSupport  - Spring Data Redis - Could not safely identify store assignment for repository candidate interface cn.edu.sdu.java.server.repositorys.CourseRepository; If you want this repository to be a Redis repository, consider annotating your entities with one of these annotations: org.springframework.data.redis.core.RedisHash (preferred), or consider extending one of the following types with your repository: org.springframework.data.keyvalue.repository.KeyValueRepository
2026-03-21 03:13:14,006 [main] INFO  o.s.d.r.c.RepositoryConfigurationExtensionSupport  - Spring Data Redis - Could not safely identify store assignment for repository candidate interface cn.edu.sdu.java.server.repositorys.DailyActivityRepository; If you want this repository to be a Redis repository, consider annotating your entities with one of these annotations: org.springframework.data.redis.core.RedisHash (preferred), or consider extending one of the following types with your repository: org.springframework.data.keyvalue.repository.KeyValueRepository
2026-03-21 03:13:14,006 [main] INFO  o.s.d.r.c.RepositoryConfigurationExtensionSupport  - Spring Data Redis - Could not safely identify store assignment for repository candidate interface cn.edu.sdu.java.server.repositorys.DictionaryInfoRepository; If you want this repository to be a Redis repository, consider annotating your entities with one of these annotations: org.springframework.data.redis.core.RedisHash (preferred), or consider extending one of the following types with your repository: org.springframework.data.keyvalue.repository.KeyValueRepository
2026-03-21 03:13:14,006 [main] INFO  o.s.d.r.c.RepositoryConfigurationExtensionSupport  - Spring Data Redis - Could not safely identify store assignment for repository candidate interface cn.edu.sdu.java.server.repositorys.FamilyMemberRepository; If you want this repository to be a Redis repository, consider annotating your entities with one of these annotations: org.springframework.data.redis.core.RedisHash (preferred), or consider extending one of the following types with your repository: org.springframework.data.keyvalue.repository.KeyValueRepository
2026-03-21 03:13:14,007 [main] INFO  o.s.d.r.c.RepositoryConfigurationExtensionSupport  - Spring Data Redis - Could not safely identify store assignment for repository candidate interface cn.edu.sdu.java.server.repositorys.FeeRepository; If you want this repository to be a Redis repository, consider annotating your entities with one of these annotations: org.springframework.data.redis.core.RedisHash (preferred), or consider extending one of the following types with your repository: org.springframework.data.keyvalue.repository.KeyValueRepository
2026-03-21 03:13:14,007 [main] INFO  o.s.d.r.c.RepositoryConfigurationExtensionSupport  - Spring Data Redis - Could not safely identify store assignment for repository candidate interface cn.edu.sdu.java.server.repositorys.HonorRepository; If you want this repository to be a Redis repository, consider annotating your entities with one of these annotations: org.springframework.data.redis.core.RedisHash (preferred), or consider extending one of the following types with your repository: org.springframework.data.keyvalue.repository.KeyValueRepository
2026-03-21 03:13:14,007 [main] INFO  o.s.d.r.c.RepositoryConfigurationExtensionSupport  - Spring Data Redis - Could not safely identify store assignment for repository candidate interface cn.edu.sdu.java.server.repositorys.InnovationProjectRepository; If you want this repository to be a Redis repository, consider annotating your entities with one of these annotations: org.springframework.data.redis.core.RedisHash (preferred), or consider extending one of the following types with your repository: org.springframework.data.keyvalue.repository.KeyValueRepository
2026-03-21 03:13:14,007 [main] INFO  o.s.d.r.c.RepositoryConfigurationExtensionSupport  - Spring Data Redis - Could not safely identify store assignment for repository candidate interface cn.edu.sdu.java.server.repositorys.MenuInfoRepository; If you want this repository to be a Redis repository, consider annotating your entities with one of these annotations: org.springframework.data.redis.core.RedisHash (preferred), or consider extending one of the following types with your repository: org.springframework.data.keyvalue.repository.KeyValueRepository
2026-03-21 03:13:14,007 [main] INFO  o.s.d.r.c.RepositoryConfigurationExtensionSupport  - Spring Data Redis - Could not safely identify store assignment for repository candidate interface cn.edu.sdu.java.server.repositorys.ModifyLogRepository; If you want this repository to be a Redis repository, consider annotating your entities with one of these annotations: org.springframework.data.redis.core.RedisHash (preferred), or consider extending one of the following types with your repository: org.springframework.data.keyvalue.repository.KeyValueRepository
2026-03-21 03:13:14,008 [main] INFO  o.s.d.r.c.RepositoryConfigurationExtensionSupport  - Spring Data Redis - Could not safely identify store assignment for repository candidate interface cn.edu.sdu.java.server.repositorys.PersonRepository; If you want this repository to be a Redis repository, consider annotating your entities with one of these annotations: org.springframework.data.redis.core.RedisHash (preferred), or consider extending one of the following types with your repository: org.springframework.data.keyvalue.repository.KeyValueRepository
2026-03-21 03:13:14,008 [main] INFO  o.s.d.r.c.RepositoryConfigurationExtensionSupport  - Spring Data Redis - Could not safely identify store assignment for repository candidate interface cn.edu.sdu.java.server.repositorys.ScoreRepository; If you want this repository to be a Redis repository, consider annotating your entities with one of these annotations: org.springframework.data.redis.core.RedisHash (preferred), or consider extending one of the following types with your repository: org.springframework.data.keyvalue.repository.KeyValueRepository
2026-03-21 03:13:14,009 [main] INFO  o.s.d.r.c.RepositoryConfigurationExtensionSupport  - Spring Data Redis - Could not safely identify store assignment for repository candidate interface cn.edu.sdu.java.server.repositorys.StatisticsDayRepository; If you want this repository to be a Redis repository, consider annotating your entities with one of these annotations: org.springframework.data.redis.core.RedisHash (preferred), or consider extending one of the following types with your repository: org.springframework.data.keyvalue.repository.KeyValueRepository
2026-03-21 03:13:14,009 [main] INFO  o.s.d.r.c.RepositoryConfigurationExtensionSupport  - Spring Data Redis - Could not safely identify store assignment for repository candidate interface cn.edu.sdu.java.server.repositorys.StudentLeaveRepository; If you want this repository to be a Redis repository, consider annotating your entities with one of these annotations: org.springframework.data.redis.core.RedisHash (preferred), or consider extending one of the following types with your repository: org.springframework.data.keyvalue.repository.KeyValueRepository
2026-03-21 03:13:14,009 [main] INFO  o.s.d.r.c.RepositoryConfigurationExtensionSupport  - Spring Data Redis - Could not safely identify store assignment for repository candidate interface cn.edu.sdu.java.server.repositorys.StudentRepository; If you want this repository to be a Redis repository, consider annotating your entities with one of these annotations: org.springframework.data.redis.core.RedisHash (preferred), or consider extending one of the following types with your repository: org.springframework.data.keyvalue.repository.KeyValueRepository
2026-03-21 03:13:14,009 [main] INFO  o.s.d.r.c.RepositoryConfigurationExtensionSupport  - Spring Data Redis - Could not safely identify store assignment for repository candidate interface cn.edu.sdu.java.server.repositorys.StudentStatisticsRepository; If you want this repository to be a Redis repository, consider annotating your entities with one of these annotations: org.springframework.data.redis.core.RedisHash (preferred), or consider extending one of the following types with your repository: org.springframework.data.keyvalue.repository.KeyValueRepository
2026-03-21 03:13:14,009 [main] INFO  o.s.d.r.c.RepositoryConfigurationExtensionSupport  - Spring Data Redis - Could not safely identify store assignment for repository candidate interface cn.edu.sdu.java.server.repositorys.SystemInfoRepository; If you want this repository to be a Redis repository, consider annotating your entities with one of these annotations: org.springframework.data.redis.core.RedisHash (preferred), or consider extending one of the following types with your repository: org.springframework.data.keyvalue.repository.KeyValueRepository
2026-03-21 03:13:14,009 [main] INFO  o.s.d.r.c.RepositoryConfigurationExtensionSupport  - Spring Data Redis - Could not safely identify store assignment for repository candidate interface cn.edu.sdu.java.server.repositorys.TeacherRepository; If you want this repository to be a Redis repository, consider annotating your entities with one of these annotations: org.springframework.data.redis.core.RedisHash (preferred), or consider extending one of the following types with your repository: org.springframework.data.keyvalue.repository.KeyValueRepository
2026-03-21 03:13:14,010 [main] INFO  o.s.d.r.c.RepositoryConfigurationExtensionSupport  - Spring Data Redis - Could not safely identify store assignment for repository candidate interface cn.edu.sdu.java.server.repositorys.UserRepository; If you want this repository to be a Redis repository, consider annotating your entities with one of these annotations: org.springframework.data.redis.core.RedisHash (preferred), or consider extending one of the following types with your repository: org.springframework.data.keyvalue.repository.KeyValueRepository
2026-03-21 03:13:14,010 [main] INFO  o.s.d.r.c.RepositoryConfigurationExtensionSupport  - Spring Data Redis - Could not safely identify store assignment for repository candidate interface cn.edu.sdu.java.server.repositorys.UserTypeRepository; If you want this repository to be a Redis repository, consider annotating your entities with one of these annotations: org.springframework.data.redis.core.RedisHash (preferred), or consider extending one of the following types with your repository: org.springframework.data.keyvalue.repository.KeyValueRepository
2026-03-21 03:13:14,010 [main] INFO  o.s.d.r.c.RepositoryConfigurationDelegate          - Finished Spring Data repository scanning in 13 ms. Found 0 Redis repository interfaces.
2026-03-21 03:13:14,958 [main] INFO  o.s.b.w.embedded.tomcat.TomcatWebServer            - Tomcat initialized with port 22223 (http)
2026-03-21 03:13:14,975 [main] INFO  o.apache.coyote.http11.Http11NioProtocol           - Initializing ProtocolHandler ["http-nio-22223"]
2026-03-21 03:13:14,977 [main] INFO  o.apache.catalina.core.StandardService             - Starting service [Tomcat]
2026-03-21 03:13:14,977 [main] INFO  org.apache.catalina.core.StandardEngine            - Starting Servlet engine: [Apache Tomcat/10.1.34]
2026-03-21 03:13:15,037 [main] INFO  o.a.c.c.C.[Tomcat].[localhost].[/]                 - Initializing Spring embedded WebApplicationContext
2026-03-21 03:13:15,037 [main] INFO  o.s.b.w.s.c.ServletWebServerApplicationContext     - Root WebApplicationContext: initialization completed in 1863 ms
2026-03-21 03:13:15,201 [main] INFO  com.zaxxer.hikari.HikariDataSource                 - HikariPool-1 - Starting...
2026-03-21 03:13:20,014 [main] INFO  com.zaxxer.hikari.pool.HikariPool                  - HikariPool-1 - Added connection com.mysql.cj.jdbc.ConnectionImpl@3386ed8
2026-03-21 03:13:20,015 [main] INFO  com.zaxxer.hikari.HikariDataSource                 - HikariPool-1 - Start completed.
2026-03-21 03:13:20,049 [main] INFO  o.hibernate.jpa.internal.util.LogHelper            - HHH000204: Processing PersistenceUnitInfo [name: default]
2026-03-21 03:13:20,080 [main] INFO  org.hibernate.Version                              - HHH000412: Hibernate ORM core version 6.6.5.Final
2026-03-21 03:13:20,100 [main] INFO  o.h.c.internal.RegionFactoryInitiator              - HHH000026: Second-level cache disabled
2026-03-21 03:13:20,273 [main] INFO  o.s.o.j.p.SpringPersistenceUnitInfo                - No LoadTimeWeaver setup: ignoring JPA class transformer
2026-03-21 03:13:20,341 [main] INFO  org.hibernate.orm.connections.pooling              - HHH10001005: Database info:
	Database JDBC URL [Connecting through datasource 'HikariDataSource (HikariPool-1)']
	Database driver: undefined/unknown
	Database version: 8.0.35
	Autocommit mode: undefined/unknown
	Isolation level: undefined/unknown
	Minimum pool size: undefined/unknown
	Maximum pool size: undefined/unknown
2026-03-21 03:13:21,061 [main] INFO  o.h.e.t.j.p.i.JtaPlatformInitiator                 - HHH000489: No JTA platform available (set 'hibernate.transaction.jta.platform' to enable JTA platform integration)
2026-03-21 03:13:21,062 [main] INFO  o.s.o.j.LocalContainerEntityManagerFactoryBean     - Initialized JPA EntityManagerFactory for persistence unit 'default'
2026-03-21 03:13:21,503 [main] INFO  o.s.d.j.r.query.QueryEnhancerFactory               - Hibernate is in classpath; If applicable, HQL parser will be used.
2026-03-21 03:13:22,175 [main] WARN  o.s.b.a.o.j.JpaBaseConfiguration$JpaWebConfiguration - spring.jpa.open-in-view is enabled by default. Therefore, database queries may be performed during view rendering. Explicitly configure spring.jpa.open-in-view to disable this warning
2026-03-21 03:13:22,632 [main] INFO  o.s.s.c.a.a.c.InitializeAuthenticationProviderBeanManagerConfigurer$InitializeAuthenticationProviderManagerConfigurer - Global AuthenticationManager configured with AuthenticationProvider bean with name authenticationProvider
2026-03-21 03:13:22,632 [main] WARN  o.s.s.c.a.a.c.InitializeUserDetailsBeanManagerConfigurer$InitializeUserDetailsManagerConfigurer - Global AuthenticationManager configured with an AuthenticationProvider bean. UserDetailsService beans will not be used by Spring Security for automatically configuring username/password login. Consider removing the AuthenticationProvider bean. Alternatively, consider using the UserDetailsService in a manually instantiated DaoAuthenticationProvider. If the current configuration is intentional, to turn off this warning, increase the logging level of 'org.springframework.security.config.annotation.authentication.configuration.InitializeUserDetailsBeanManagerConfigurer' to ERROR
2026-03-21 03:13:23,417 [main] INFO  o.s.b.a.w.s.WelcomePageHandlerMapping              - Adding welcome page: class path resource [public/index.html]
2026-03-21 03:13:24,563 [main] INFO  o.apache.coyote.http11.Http11NioProtocol           - Starting ProtocolHandler ["http-nio-22223"]
2026-03-21 03:13:24,601 [main] INFO  o.s.b.w.embedded.tomcat.TomcatWebServer            - Tomcat started on port 22223 (http) with context path '/'
2026-03-21 03:13:24,612 [main] INFO  c.e.s.java.server.JavaServerApplication            - Started JavaServerApplication in 12.018 seconds (process running for 12.471)
2026-03-21 03:13:24,619 [main] INFO  c.e.s.j.server.SystemApplicationListener           - org.springframework.boot.context.event.ApplicationReadyEvent[source=org.springframework.boot.SpringApplication@45213ba0]
2026-03-21 03:13:24,619 [main] INFO  c.e.s.j.server.SystemApplicationListener           - SystemInitStart
2026-03-21 03:13:24,893 [main] INFO  c.e.s.j.server.SystemApplicationListener           - systemInitEnd
2026-03-21 03:24:30,133 [http-nio-22223-exec-1] INFO  o.a.c.c.C.[Tomcat].[localhost].[/]                 - Initializing Spring DispatcherServlet 'dispatcherServlet'
2026-03-21 03:24:30,133 [http-nio-22223-exec-1] INFO  o.s.web.servlet.DispatcherServlet                  - Initializing Servlet 'dispatcherServlet'
2026-03-21 03:24:30,134 [http-nio-22223-exec-1] INFO  o.s.web.servlet.DispatcherServlet                  - Completed initialization in 1 ms
2026-03-21 03:24:30,969 [http-nio-22223-exec-2] INFO  c.e.s.j.s.c.JwtAuthenticationFilter                - /api/base/getDataBaseUserName,admin,2026-03-21 03:24:30,0.29
2026-03-21 03:24:31,246 [http-nio-22223-exec-3] INFO  c.e.s.j.s.c.JwtAuthenticationFilter                - /api/base/getMenuList,admin,2026-03-21 03:24:30,0.273
2026-03-21 03:24:34,090 [http-nio-22223-exec-4] INFO  c.e.s.j.s.c.JwtAuthenticationFilter                - /api/base/getMenuTreeNodeList,admin,2026-03-21 03:24:33,0.235
2026-03-21 03:24:35,298 [http-nio-22223-exec-5] INFO  c.e.s.j.s.c.JwtAuthenticationFilter                - /api/base/getDictionaryTreeNodeList,admin,2026-03-21 03:24:35,0.138
2026-03-21 03:24:37,677 [http-nio-22223-exec-10] INFO  c.e.s.j.s.c.JwtAuthenticationFilter                - /api/student/getStudentList,admin,2026-03-21 03:24:37,0.16
2026-03-21 03:24:37,867 [http-nio-22223-exec-1] INFO  c.e.s.j.s.c.JwtAuthenticationFilter                - /api/base/getDictionaryOptionItemList,admin,2026-03-21 03:24:37,0.186
2026-03-21 03:24:40,311 [http-nio-22223-exec-2] INFO  c.e.s.j.s.c.JwtAuthenticationFilter                - /api/course/getCourseList,admin,2026-03-21 03:24:40,0.148
2026-03-21 03:24:41,692 [http-nio-22223-exec-8] INFO  c.e.s.j.s.c.JwtAuthenticationFilter                - /api/score/getStudentItemOptionList,admin,2026-03-21 03:24:41,0.151
2026-03-21 03:24:42,046 [http-nio-22223-exec-6] INFO  c.e.s.j.s.c.JwtAuthenticationFilter                - /api/score/getCourseItemOptionList,admin,2026-03-21 03:24:41,0.349
2026-03-21 03:24:42,309 [http-nio-22223-exec-9] INFO  c.e.s.j.s.c.JwtAuthenticationFilter                - /api/score/getScoreList,admin,2026-03-21 03:24:42,0.257
2026-03-21 03:25:07,485 [http-nio-22223-exec-3] INFO  c.e.s.j.s.c.JwtAuthenticationFilter                - /api/base/getDataBaseUserName,2022030001,2026-03-21 03:25:07,0.16
2026-03-21 03:25:07,731 [http-nio-22223-exec-5] INFO  c.e.s.j.s.c.JwtAuthenticationFilter                - /api/base/getMenuList,2022030001,2026-03-21 03:25:07,0.242
2026-03-21 03:25:56,180 [SpringApplicationShutdownHook] INFO  o.s.b.w.embedded.tomcat.GracefulShutdown           - Commencing graceful shutdown. Waiting for active requests to complete
2026-03-21 03:25:56,184 [tomcat-shutdown] INFO  o.s.b.w.embedded.tomcat.GracefulShutdown           - Graceful shutdown complete
2026-03-21 03:25:56,195 [SpringApplicationShutdownHook] INFO  o.s.o.j.LocalContainerEntityManagerFactoryBean     - Closing JPA EntityManagerFactory for persistence unit 'default'
2026-03-21 03:25:56,196 [SpringApplicationShutdownHook] INFO  com.zaxxer.hikari.HikariDataSource                 - HikariPool-1 - Shutdown initiated...
2026-03-21 03:25:56,199 [SpringApplicationShutdownHook] INFO  com.zaxxer.hikari.HikariDataSource                 - HikariPool-1 - Shutdown completed.
2026-03-21 03:53:55,050 [background-preinit] INFO  o.h.validator.internal.util.Version                - HV000001: Hibernate Validator 8.0.2.Final
2026-03-21 03:53:55,116 [main] INFO  c.e.s.java.server.JavaServerApplication            - Starting JavaServerApplication using Java 21.0.10 with PID 23984 (F:\Java_project\java-server\target\classes started by Lv Yuetong in F:\Java_project\java-server)
2026-03-21 03:53:55,117 [main] INFO  c.e.s.java.server.JavaServerApplication            - No active profile set, falling back to 1 default profile: "default"
2026-03-21 03:53:55,925 [main] INFO  o.s.d.r.c.RepositoryConfigurationDelegate          - Multiple Spring Data modules found, entering strict repository configuration mode
2026-03-21 03:53:55,926 [main] INFO  o.s.d.r.c.RepositoryConfigurationDelegate          - Bootstrapping Spring Data JPA repositories in DEFAULT mode.
2026-03-21 03:53:56,055 [main] INFO  o.s.d.r.c.RepositoryConfigurationDelegate          - Finished Spring Data repository scanning in 122 ms. Found 19 JPA repository interfaces.
2026-03-21 03:53:56,071 [main] INFO  o.s.d.r.c.RepositoryConfigurationDelegate          - Multiple Spring Data modules found, entering strict repository configuration mode
2026-03-21 03:53:56,073 [main] INFO  o.s.d.r.c.RepositoryConfigurationDelegate          - Bootstrapping Spring Data Redis repositories in DEFAULT mode.
2026-03-21 03:53:56,090 [main] INFO  o.s.d.r.c.RepositoryConfigurationExtensionSupport  - Spring Data Redis - Could not safely identify store assignment for repository candidate interface cn.edu.sdu.java.server.repositorys.CourseRepository; If you want this repository to be a Redis repository, consider annotating your entities with one of these annotations: org.springframework.data.redis.core.RedisHash (preferred), or consider extending one of the following types with your repository: org.springframework.data.keyvalue.repository.KeyValueRepository
2026-03-21 03:53:56,091 [main] INFO  o.s.d.r.c.RepositoryConfigurationExtensionSupport  - Spring Data Redis - Could not safely identify store assignment for repository candidate interface cn.edu.sdu.java.server.repositorys.DailyActivityRepository; If you want this repository to be a Redis repository, consider annotating your entities with one of these annotations: org.springframework.data.redis.core.RedisHash (preferred), or consider extending one of the following types with your repository: org.springframework.data.keyvalue.repository.KeyValueRepository
2026-03-21 03:53:56,091 [main] INFO  o.s.d.r.c.RepositoryConfigurationExtensionSupport  - Spring Data Redis - Could not safely identify store assignment for repository candidate interface cn.edu.sdu.java.server.repositorys.DictionaryInfoRepository; If you want this repository to be a Redis repository, consider annotating your entities with one of these annotations: org.springframework.data.redis.core.RedisHash (preferred), or consider extending one of the following types with your repository: org.springframework.data.keyvalue.repository.KeyValueRepository
2026-03-21 03:53:56,091 [main] INFO  o.s.d.r.c.RepositoryConfigurationExtensionSupport  - Spring Data Redis - Could not safely identify store assignment for repository candidate interface cn.edu.sdu.java.server.repositorys.FamilyMemberRepository; If you want this repository to be a Redis repository, consider annotating your entities with one of these annotations: org.springframework.data.redis.core.RedisHash (preferred), or consider extending one of the following types with your repository: org.springframework.data.keyvalue.repository.KeyValueRepository
2026-03-21 03:53:56,091 [main] INFO  o.s.d.r.c.RepositoryConfigurationExtensionSupport  - Spring Data Redis - Could not safely identify store assignment for repository candidate interface cn.edu.sdu.java.server.repositorys.FeeRepository; If you want this repository to be a Redis repository, consider annotating your entities with one of these annotations: org.springframework.data.redis.core.RedisHash (preferred), or consider extending one of the following types with your repository: org.springframework.data.keyvalue.repository.KeyValueRepository
2026-03-21 03:53:56,091 [main] INFO  o.s.d.r.c.RepositoryConfigurationExtensionSupport  - Spring Data Redis - Could not safely identify store assignment for repository candidate interface cn.edu.sdu.java.server.repositorys.HonorRepository; If you want this repository to be a Redis repository, consider annotating your entities with one of these annotations: org.springframework.data.redis.core.RedisHash (preferred), or consider extending one of the following types with your repository: org.springframework.data.keyvalue.repository.KeyValueRepository
2026-03-21 03:53:56,091 [main] INFO  o.s.d.r.c.RepositoryConfigurationExtensionSupport  - Spring Data Redis - Could not safely identify store assignment for repository candidate interface cn.edu.sdu.java.server.repositorys.InnovationProjectRepository; If you want this repository to be a Redis repository, consider annotating your entities with one of these annotations: org.springframework.data.redis.core.RedisHash (preferred), or consider extending one of the following types with your repository: org.springframework.data.keyvalue.repository.KeyValueRepository
2026-03-21 03:53:56,091 [main] INFO  o.s.d.r.c.RepositoryConfigurationExtensionSupport  - Spring Data Redis - Could not safely identify store assignment for repository candidate interface cn.edu.sdu.java.server.repositorys.MenuInfoRepository; If you want this repository to be a Redis repository, consider annotating your entities with one of these annotations: org.springframework.data.redis.core.RedisHash (preferred), or consider extending one of the following types with your repository: org.springframework.data.keyvalue.repository.KeyValueRepository
2026-03-21 03:53:56,092 [main] INFO  o.s.d.r.c.RepositoryConfigurationExtensionSupport  - Spring Data Redis - Could not safely identify store assignment for repository candidate interface cn.edu.sdu.java.server.repositorys.ModifyLogRepository; If you want this repository to be a Redis repository, consider annotating your entities with one of these annotations: org.springframework.data.redis.core.RedisHash (preferred), or consider extending one of the following types with your repository: org.springframework.data.keyvalue.repository.KeyValueRepository
2026-03-21 03:53:56,092 [main] INFO  o.s.d.r.c.RepositoryConfigurationExtensionSupport  - Spring Data Redis - Could not safely identify store assignment for repository candidate interface cn.edu.sdu.java.server.repositorys.PersonRepository; If you want this repository to be a Redis repository, consider annotating your entities with one of these annotations: org.springframework.data.redis.core.RedisHash (preferred), or consider extending one of the following types with your repository: org.springframework.data.keyvalue.repository.KeyValueRepository
2026-03-21 03:53:56,093 [main] INFO  o.s.d.r.c.RepositoryConfigurationExtensionSupport  - Spring Data Redis - Could not safely identify store assignment for repository candidate interface cn.edu.sdu.java.server.repositorys.ScoreRepository; If you want this repository to be a Redis repository, consider annotating your entities with one of these annotations: org.springframework.data.redis.core.RedisHash (preferred), or consider extending one of the following types with your repository: org.springframework.data.keyvalue.repository.KeyValueRepository
2026-03-21 03:53:56,093 [main] INFO  o.s.d.r.c.RepositoryConfigurationExtensionSupport  - Spring Data Redis - Could not safely identify store assignment for repository candidate interface cn.edu.sdu.java.server.repositorys.StatisticsDayRepository; If you want this repository to be a Redis repository, consider annotating your entities with one of these annotations: org.springframework.data.redis.core.RedisHash (preferred), or consider extending one of the following types with your repository: org.springframework.data.keyvalue.repository.KeyValueRepository
2026-03-21 03:53:56,093 [main] INFO  o.s.d.r.c.RepositoryConfigurationExtensionSupport  - Spring Data Redis - Could not safely identify store assignment for repository candidate interface cn.edu.sdu.java.server.repositorys.StudentLeaveRepository; If you want this repository to be a Redis repository, consider annotating your entities with one of these annotations: org.springframework.data.redis.core.RedisHash (preferred), or consider extending one of the following types with your repository: org.springframework.data.keyvalue.repository.KeyValueRepository
2026-03-21 03:53:56,093 [main] INFO  o.s.d.r.c.RepositoryConfigurationExtensionSupport  - Spring Data Redis - Could not safely identify store assignment for repository candidate interface cn.edu.sdu.java.server.repositorys.StudentRepository; If you want this repository to be a Redis repository, consider annotating your entities with one of these annotations: org.springframework.data.redis.core.RedisHash (preferred), or consider extending one of the following types with your repository: org.springframework.data.keyvalue.repository.KeyValueRepository
2026-03-21 03:53:56,093 [main] INFO  o.s.d.r.c.RepositoryConfigurationExtensionSupport  - Spring Data Redis - Could not safely identify store assignment for repository candidate interface cn.edu.sdu.java.server.repositorys.StudentStatisticsRepository; If you want this repository to be a Redis repository, consider annotating your entities with one of these annotations: org.springframework.data.redis.core.RedisHash (preferred), or consider extending one of the following types with your repository: org.springframework.data.keyvalue.repository.KeyValueRepository
2026-03-21 03:53:56,093 [main] INFO  o.s.d.r.c.RepositoryConfigurationExtensionSupport  - Spring Data Redis - Could not safely identify store assignment for repository candidate interface cn.edu.sdu.java.server.repositorys.SystemInfoRepository; If you want this repository to be a Redis repository, consider annotating your entities with one of these annotations: org.springframework.data.redis.core.RedisHash (preferred), or consider extending one of the following types with your repository: org.springframework.data.keyvalue.repository.KeyValueRepository
2026-03-21 03:53:56,093 [main] INFO  o.s.d.r.c.RepositoryConfigurationExtensionSupport  - Spring Data Redis - Could not safely identify store assignment for repository candidate interface cn.edu.sdu.java.server.repositorys.TeacherRepository; If you want this repository to be a Redis repository, consider annotating your entities with one of these annotations: org.springframework.data.redis.core.RedisHash (preferred), or consider extending one of the following types with your repository: org.springframework.data.keyvalue.repository.KeyValueRepository
2026-03-21 03:53:56,093 [main] INFO  o.s.d.r.c.RepositoryConfigurationExtensionSupport  - Spring Data Redis - Could not safely identify store assignment for repository candidate interface cn.edu.sdu.java.server.repositorys.UserRepository; If you want this repository to be a Redis repository, consider annotating your entities with one of these annotations: org.springframework.data.redis.core.RedisHash (preferred), or consider extending one of the following types with your repository: org.springframework.data.keyvalue.repository.KeyValueRepository
2026-03-21 03:53:56,094 [main] INFO  o.s.d.r.c.RepositoryConfigurationExtensionSupport  - Spring Data Redis - Could not safely identify store assignment for repository candidate interface cn.edu.sdu.java.server.repositorys.UserTypeRepository; If you want this repository to be a Redis repository, consider annotating your entities with one of these annotations: org.springframework.data.redis.core.RedisHash (preferred), or consider extending one of the following types with your repository: org.springframework.data.keyvalue.repository.KeyValueRepository
2026-03-21 03:53:56,094 [main] INFO  o.s.d.r.c.RepositoryConfigurationDelegate          - Finished Spring Data repository scanning in 12 ms. Found 0 Redis repository interfaces.
2026-03-21 03:53:57,175 [main] INFO  o.s.b.w.embedded.tomcat.TomcatWebServer            - Tomcat initialized with port 22223 (http)
2026-03-21 03:53:57,202 [main] INFO  o.apache.coyote.http11.Http11NioProtocol           - Initializing ProtocolHandler ["http-nio-22223"]
2026-03-21 03:53:57,205 [main] INFO  o.apache.catalina.core.StandardService             - Starting service [Tomcat]
2026-03-21 03:53:57,206 [main] INFO  org.apache.catalina.core.StandardEngine            - Starting Servlet engine: [Apache Tomcat/10.1.34]
2026-03-21 03:53:57,300 [main] INFO  o.a.c.c.C.[Tomcat].[localhost].[/]                 - Initializing Spring embedded WebApplicationContext
2026-03-21 03:53:57,300 [main] INFO  o.s.b.w.s.c.ServletWebServerApplicationContext     - Root WebApplicationContext: initialization completed in 2143 ms
2026-03-21 03:53:57,486 [main] INFO  com.zaxxer.hikari.HikariDataSource                 - HikariPool-1 - Starting...
2026-03-21 03:54:02,356 [main] INFO  com.zaxxer.hikari.pool.HikariPool                  - HikariPool-1 - Added connection com.mysql.cj.jdbc.ConnectionImpl@46a388cc
2026-03-21 03:54:02,358 [main] INFO  com.zaxxer.hikari.HikariDataSource                 - HikariPool-1 - Start completed.
2026-03-21 03:54:02,391 [main] INFO  o.hibernate.jpa.internal.util.LogHelper            - HHH000204: Processing PersistenceUnitInfo [name: default]
2026-03-21 03:54:02,424 [main] INFO  org.hibernate.Version                              - HHH000412: Hibernate ORM core version 6.6.5.Final
2026-03-21 03:54:02,454 [main] INFO  o.h.c.internal.RegionFactoryInitiator              - HHH000026: Second-level cache disabled
2026-03-21 03:54:02,635 [main] INFO  o.s.o.j.p.SpringPersistenceUnitInfo                - No LoadTimeWeaver setup: ignoring JPA class transformer
2026-03-21 03:54:02,709 [main] INFO  org.hibernate.orm.connections.pooling              - HHH10001005: Database info:
	Database JDBC URL [Connecting through datasource 'HikariDataSource (HikariPool-1)']
	Database driver: undefined/unknown
	Database version: 8.0.35
	Autocommit mode: undefined/unknown
	Isolation level: undefined/unknown
	Minimum pool size: undefined/unknown
	Maximum pool size: undefined/unknown
2026-03-21 03:54:03,443 [main] INFO  o.h.e.t.j.p.i.JtaPlatformInitiator                 - HHH000489: No JTA platform available (set 'hibernate.transaction.jta.platform' to enable JTA platform integration)
2026-03-21 03:54:03,445 [main] INFO  o.s.o.j.LocalContainerEntityManagerFactoryBean     - Initialized JPA EntityManagerFactory for persistence unit 'default'
2026-03-21 03:54:03,840 [main] INFO  o.s.d.j.r.query.QueryEnhancerFactory               - Hibernate is in classpath; If applicable, HQL parser will be used.
2026-03-21 03:54:04,537 [main] WARN  o.s.b.a.o.j.JpaBaseConfiguration$JpaWebConfiguration - spring.jpa.open-in-view is enabled by default. Therefore, database queries may be performed during view rendering. Explicitly configure spring.jpa.open-in-view to disable this warning
2026-03-21 03:54:05,043 [main] INFO  o.s.s.c.a.a.c.InitializeAuthenticationProviderBeanManagerConfigurer$InitializeAuthenticationProviderManagerConfigurer - Global AuthenticationManager configured with AuthenticationProvider bean with name authenticationProvider
2026-03-21 03:54:05,044 [main] WARN  o.s.s.c.a.a.c.InitializeUserDetailsBeanManagerConfigurer$InitializeUserDetailsManagerConfigurer - Global AuthenticationManager configured with an AuthenticationProvider bean. UserDetailsService beans will not be used by Spring Security for automatically configuring username/password login. Consider removing the AuthenticationProvider bean. Alternatively, consider using the UserDetailsService in a manually instantiated DaoAuthenticationProvider. If the current configuration is intentional, to turn off this warning, increase the logging level of 'org.springframework.security.config.annotation.authentication.configuration.InitializeUserDetailsBeanManagerConfigurer' to ERROR
2026-03-21 03:54:05,824 [main] INFO  o.s.b.a.w.s.WelcomePageHandlerMapping              - Adding welcome page: class path resource [public/index.html]
2026-03-21 03:54:06,880 [main] INFO  o.apache.coyote.http11.Http11NioProtocol           - Starting ProtocolHandler ["http-nio-22223"]
2026-03-21 03:54:06,910 [main] INFO  o.s.b.w.embedded.tomcat.TomcatWebServer            - Tomcat started on port 22223 (http) with context path '/'
2026-03-21 03:54:06,922 [main] INFO  c.e.s.java.server.JavaServerApplication            - Started JavaServerApplication in 12.36 seconds (process running for 12.998)
2026-03-21 03:54:06,929 [main] INFO  c.e.s.j.server.SystemApplicationListener           - org.springframework.boot.context.event.ApplicationReadyEvent[source=org.springframework.boot.SpringApplication@752bc73c]
2026-03-21 03:54:06,929 [main] INFO  c.e.s.j.server.SystemApplicationListener           - SystemInitStart
2026-03-21 03:54:07,218 [main] INFO  c.e.s.j.server.SystemApplicationListener           - systemInitEnd
2026-03-21 03:54:21,403 [http-nio-22223-exec-1] INFO  o.a.c.c.C.[Tomcat].[localhost].[/]                 - Initializing Spring DispatcherServlet 'dispatcherServlet'
2026-03-21 03:54:21,403 [http-nio-22223-exec-1] INFO  o.s.web.servlet.DispatcherServlet                  - Initializing Servlet 'dispatcherServlet'
2026-03-21 03:54:21,404 [http-nio-22223-exec-1] INFO  o.s.web.servlet.DispatcherServlet                  - Completed initialization in 1 ms
2026-03-21 03:54:22,637 [http-nio-22223-exec-2] INFO  c.e.s.j.s.c.JwtAuthenticationFilter                - /api/base/getDataBaseUserName,2022030001,2026-03-21 03:54:22,0.377
2026-03-21 03:54:23,202 [http-nio-22223-exec-3] INFO  c.e.s.j.s.c.JwtAuthenticationFilter                - /api/base/getMenuList,2022030001,2026-03-21 03:54:22,0.561
2026-03-21 03:54:48,344 [http-nio-22223-exec-5] INFO  c.e.s.j.s.c.JwtAuthenticationFilter                - /api/base/getDataBaseUserName,admin,2026-03-21 03:54:48,0.145
2026-03-21 03:54:48,627 [http-nio-22223-exec-6] INFO  c.e.s.j.s.c.JwtAuthenticationFilter                - /api/base/getMenuList,admin,2026-03-21 03:54:48,0.279
2026-03-21 03:54:52,918 [http-nio-22223-exec-1] INFO  c.e.s.j.s.c.JwtAuthenticationFilter                - /api/base/getMenuTreeNodeList,admin,2026-03-21 03:54:52,0.377
2026-03-21 03:54:57,196 [http-nio-22223-exec-2] INFO  c.e.s.j.s.c.JwtAuthenticationFilter                - /api/base/getDictionaryTreeNodeList,admin,2026-03-21 03:54:56,0.271
2026-03-21 03:54:58,797 [http-nio-22223-exec-5] INFO  c.e.s.j.s.c.JwtAuthenticationFilter                - /api/student/getStudentList,admin,2026-03-21 03:54:58,0.166
2026-03-21 03:54:58,989 [http-nio-22223-exec-6] INFO  c.e.s.j.s.c.JwtAuthenticationFilter                - /api/base/getDictionaryOptionItemList,admin,2026-03-21 03:54:58,0.187
2026-03-21 03:55:01,179 [http-nio-22223-exec-8] INFO  c.e.s.j.s.c.JwtAuthenticationFilter                - /api/course/getCourseList,admin,2026-03-21 03:55:01,0.162
2026-03-21 03:55:02,493 [http-nio-22223-exec-10] INFO  c.e.s.j.s.c.JwtAuthenticationFilter                - /api/score/getStudentItemOptionList,admin,2026-03-21 03:55:02,0.173
2026-03-21 03:55:02,710 [http-nio-22223-exec-7] INFO  c.e.s.j.s.c.JwtAuthenticationFilter                - /api/score/getCourseItemOptionList,admin,2026-03-21 03:55:02,0.211
2026-03-21 03:55:02,899 [http-nio-22223-exec-9] INFO  c.e.s.j.s.c.JwtAuthenticationFilter                - /api/score/getScoreList,admin,2026-03-21 03:55:02,0.178
2026-03-21 03:57:24,066 [SpringApplicationShutdownHook] INFO  o.s.b.w.embedded.tomcat.GracefulShutdown           - Commencing graceful shutdown. Waiting for active requests to complete
2026-03-21 03:57:24,069 [tomcat-shutdown] INFO  o.s.b.w.embedded.tomcat.GracefulShutdown           - Graceful shutdown complete
2026-03-21 03:57:24,080 [SpringApplicationShutdownHook] INFO  o.s.o.j.LocalContainerEntityManagerFactoryBean     - Closing JPA EntityManagerFactory for persistence unit 'default'
2026-03-21 03:57:24,081 [SpringApplicationShutdownHook] INFO  com.zaxxer.hikari.HikariDataSource                 - HikariPool-1 - Shutdown initiated...
2026-03-21 03:57:24,084 [SpringApplicationShutdownHook] INFO  com.zaxxer.hikari.HikariDataSource                 - HikariPool-1 - Shutdown completed.
2026-03-21 04:01:38,752 [background-preinit] INFO  o.h.validator.internal.util.Version                - HV000001: Hibernate Validator 8.0.2.Final
2026-03-21 04:01:38,811 [main] INFO  c.e.s.java.server.JavaServerApplication            - Starting JavaServerApplication using Java 21.0.10 with PID 33064 (F:\Java_project\java-server\target\classes started by Lv Yuetong in F:\Java_project\java-server)
2026-03-21 04:01:38,812 [main] INFO  c.e.s.java.server.JavaServerApplication            - No active profile set, falling back to 1 default profile: "default"
2026-03-21 04:01:39,604 [main] INFO  o.s.d.r.c.RepositoryConfigurationDelegate          - Multiple Spring Data modules found, entering strict repository configuration mode
2026-03-21 04:01:39,605 [main] INFO  o.s.d.r.c.RepositoryConfigurationDelegate          - Bootstrapping Spring Data JPA repositories in DEFAULT mode.
2026-03-21 04:01:39,742 [main] INFO  o.s.d.r.c.RepositoryConfigurationDelegate          - Finished Spring Data repository scanning in 126 ms. Found 19 JPA repository interfaces.
2026-03-21 04:01:39,760 [main] INFO  o.s.d.r.c.RepositoryConfigurationDelegate          - Multiple Spring Data modules found, entering strict repository configuration mode
2026-03-21 04:01:39,761 [main] INFO  o.s.d.r.c.RepositoryConfigurationDelegate          - Bootstrapping Spring Data Redis repositories in DEFAULT mode.
2026-03-21 04:01:39,777 [main] INFO  o.s.d.r.c.RepositoryConfigurationExtensionSupport  - Spring Data Redis - Could not safely identify store assignment for repository candidate interface cn.edu.sdu.java.server.repositorys.CourseRepository; If you want this repository to be a Redis repository, consider annotating your entities with one of these annotations: org.springframework.data.redis.core.RedisHash (preferred), or consider extending one of the following types with your repository: org.springframework.data.keyvalue.repository.KeyValueRepository
2026-03-21 04:01:39,777 [main] INFO  o.s.d.r.c.RepositoryConfigurationExtensionSupport  - Spring Data Redis - Could not safely identify store assignment for repository candidate interface cn.edu.sdu.java.server.repositorys.DailyActivityRepository; If you want this repository to be a Redis repository, consider annotating your entities with one of these annotations: org.springframework.data.redis.core.RedisHash (preferred), or consider extending one of the following types with your repository: org.springframework.data.keyvalue.repository.KeyValueRepository
2026-03-21 04:01:39,777 [main] INFO  o.s.d.r.c.RepositoryConfigurationExtensionSupport  - Spring Data Redis - Could not safely identify store assignment for repository candidate interface cn.edu.sdu.java.server.repositorys.DictionaryInfoRepository; If you want this repository to be a Redis repository, consider annotating your entities with one of these annotations: org.springframework.data.redis.core.RedisHash (preferred), or consider extending one of the following types with your repository: org.springframework.data.keyvalue.repository.KeyValueRepository
2026-03-21 04:01:39,777 [main] INFO  o.s.d.r.c.RepositoryConfigurationExtensionSupport  - Spring Data Redis - Could not safely identify store assignment for repository candidate interface cn.edu.sdu.java.server.repositorys.FamilyMemberRepository; If you want this repository to be a Redis repository, consider annotating your entities with one of these annotations: org.springframework.data.redis.core.RedisHash (preferred), or consider extending one of the following types with your repository: org.springframework.data.keyvalue.repository.KeyValueRepository
2026-03-21 04:01:39,778 [main] INFO  o.s.d.r.c.RepositoryConfigurationExtensionSupport  - Spring Data Redis - Could not safely identify store assignment for repository candidate interface cn.edu.sdu.java.server.repositorys.FeeRepository; If you want this repository to be a Redis repository, consider annotating your entities with one of these annotations: org.springframework.data.redis.core.RedisHash (preferred), or consider extending one of the following types with your repository: org.springframework.data.keyvalue.repository.KeyValueRepository
2026-03-21 04:01:39,778 [main] INFO  o.s.d.r.c.RepositoryConfigurationExtensionSupport  - Spring Data Redis - Could not safely identify store assignment for repository candidate interface cn.edu.sdu.java.server.repositorys.HonorRepository; If you want this repository to be a Redis repository, consider annotating your entities with one of these annotations: org.springframework.data.redis.core.RedisHash (preferred), or consider extending one of the following types with your repository: org.springframework.data.keyvalue.repository.KeyValueRepository
2026-03-21 04:01:39,778 [main] INFO  o.s.d.r.c.RepositoryConfigurationExtensionSupport  - Spring Data Redis - Could not safely identify store assignment for repository candidate interface cn.edu.sdu.java.server.repositorys.InnovationProjectRepository; If you want this repository to be a Redis repository, consider annotating your entities with one of these annotations: org.springframework.data.redis.core.RedisHash (preferred), or consider extending one of the following types with your repository: org.springframework.data.keyvalue.repository.KeyValueRepository
2026-03-21 04:01:39,778 [main] INFO  o.s.d.r.c.RepositoryConfigurationExtensionSupport  - Spring Data Redis - Could not safely identify store assignment for repository candidate interface cn.edu.sdu.java.server.repositorys.MenuInfoRepository; If you want this repository to be a Redis repository, consider annotating your entities with one of these annotations: org.springframework.data.redis.core.RedisHash (preferred), or consider extending one of the following types with your repository: org.springframework.data.keyvalue.repository.KeyValueRepository
2026-03-21 04:01:39,778 [main] INFO  o.s.d.r.c.RepositoryConfigurationExtensionSupport  - Spring Data Redis - Could not safely identify store assignment for repository candidate interface cn.edu.sdu.java.server.repositorys.ModifyLogRepository; If you want this repository to be a Redis repository, consider annotating your entities with one of these annotations: org.springframework.data.redis.core.RedisHash (preferred), or consider extending one of the following types with your repository: org.springframework.data.keyvalue.repository.KeyValueRepository
2026-03-21 04:01:39,779 [main] INFO  o.s.d.r.c.RepositoryConfigurationExtensionSupport  - Spring Data Redis - Could not safely identify store assignment for repository candidate interface cn.edu.sdu.java.server.repositorys.PersonRepository; If you want this repository to be a Redis repository, consider annotating your entities with one of these annotations: org.springframework.data.redis.core.RedisHash (preferred), or consider extending one of the following types with your repository: org.springframework.data.keyvalue.repository.KeyValueRepository
2026-03-21 04:01:39,779 [main] INFO  o.s.d.r.c.RepositoryConfigurationExtensionSupport  - Spring Data Redis - Could not safely identify store assignment for repository candidate interface cn.edu.sdu.java.server.repositorys.ScoreRepository; If you want this repository to be a Redis repository, consider annotating your entities with one of these annotations: org.springframework.data.redis.core.RedisHash (preferred), or consider extending one of the following types with your repository: org.springframework.data.keyvalue.repository.KeyValueRepository
2026-03-21 04:01:39,779 [main] INFO  o.s.d.r.c.RepositoryConfigurationExtensionSupport  - Spring Data Redis - Could not safely identify store assignment for repository candidate interface cn.edu.sdu.java.server.repositorys.StatisticsDayRepository; If you want this repository to be a Redis repository, consider annotating your entities with one of these annotations: org.springframework.data.redis.core.RedisHash (preferred), or consider extending one of the following types with your repository: org.springframework.data.keyvalue.repository.KeyValueRepository
2026-03-21 04:01:39,779 [main] INFO  o.s.d.r.c.RepositoryConfigurationExtensionSupport  - Spring Data Redis - Could not safely identify store assignment for repository candidate interface cn.edu.sdu.java.server.repositorys.StudentLeaveRepository; If you want this repository to be a Redis repository, consider annotating your entities with one of these annotations: org.springframework.data.redis.core.RedisHash (preferred), or consider extending one of the following types with your repository: org.springframework.data.keyvalue.repository.KeyValueRepository
2026-03-21 04:01:39,779 [main] INFO  o.s.d.r.c.RepositoryConfigurationExtensionSupport  - Spring Data Redis - Could not safely identify store assignment for repository candidate interface cn.edu.sdu.java.server.repositorys.StudentRepository; If you want this repository to be a Redis repository, consider annotating your entities with one of these annotations: org.springframework.data.redis.core.RedisHash (preferred), or consider extending one of the following types with your repository: org.springframework.data.keyvalue.repository.KeyValueRepository
2026-03-21 04:01:39,780 [main] INFO  o.s.d.r.c.RepositoryConfigurationExtensionSupport  - Spring Data Redis - Could not safely identify store assignment for repository candidate interface cn.edu.sdu.java.server.repositorys.StudentStatisticsRepository; If you want this repository to be a Redis repository, consider annotating your entities with one of these annotations: org.springframework.data.redis.core.RedisHash (preferred), or consider extending one of the following types with your repository: org.springframework.data.keyvalue.repository.KeyValueRepository
2026-03-21 04:01:39,780 [main] INFO  o.s.d.r.c.RepositoryConfigurationExtensionSupport  - Spring Data Redis - Could not safely identify store assignment for repository candidate interface cn.edu.sdu.java.server.repositorys.SystemInfoRepository; If you want this repository to be a Redis repository, consider annotating your entities with one of these annotations: org.springframework.data.redis.core.RedisHash (preferred), or consider extending one of the following types with your repository: org.springframework.data.keyvalue.repository.KeyValueRepository
2026-03-21 04:01:39,780 [main] INFO  o.s.d.r.c.RepositoryConfigurationExtensionSupport  - Spring Data Redis - Could not safely identify store assignment for repository candidate interface cn.edu.sdu.java.server.repositorys.TeacherRepository; If you want this repository to be a Redis repository, consider annotating your entities with one of these annotations: org.springframework.data.redis.core.RedisHash (preferred), or consider extending one of the following types with your repository: org.springframework.data.keyvalue.repository.KeyValueRepository
2026-03-21 04:01:39,780 [main] INFO  o.s.d.r.c.RepositoryConfigurationExtensionSupport  - Spring Data Redis - Could not safely identify store assignment for repository candidate interface cn.edu.sdu.java.server.repositorys.UserRepository; If you want this repository to be a Redis repository, consider annotating your entities with one of these annotations: org.springframework.data.redis.core.RedisHash (preferred), or consider extending one of the following types with your repository: org.springframework.data.keyvalue.repository.KeyValueRepository
2026-03-21 04:01:39,780 [main] INFO  o.s.d.r.c.RepositoryConfigurationExtensionSupport  - Spring Data Redis - Could not safely identify store assignment for repository candidate interface cn.edu.sdu.java.server.repositorys.UserTypeRepository; If you want this repository to be a Redis repository, consider annotating your entities with one of these annotations: org.springframework.data.redis.core.RedisHash (preferred), or consider extending one of the following types with your repository: org.springframework.data.keyvalue.repository.KeyValueRepository
2026-03-21 04:01:39,780 [main] INFO  o.s.d.r.c.RepositoryConfigurationDelegate          - Finished Spring Data repository scanning in 11 ms. Found 0 Redis repository interfaces.
2026-03-21 04:01:40,848 [main] INFO  o.s.b.w.embedded.tomcat.TomcatWebServer            - Tomcat initialized with port 22223 (http)
2026-03-21 04:01:40,868 [main] INFO  o.apache.coyote.http11.Http11NioProtocol           - Initializing ProtocolHandler ["http-nio-22223"]
2026-03-21 04:01:40,871 [main] INFO  o.apache.catalina.core.StandardService             - Starting service [Tomcat]
2026-03-21 04:01:40,872 [main] INFO  org.apache.catalina.core.StandardEngine            - Starting Servlet engine: [Apache Tomcat/10.1.34]
2026-03-21 04:01:40,957 [main] INFO  o.a.c.c.C.[Tomcat].[localhost].[/]                 - Initializing Spring embedded WebApplicationContext
2026-03-21 04:01:40,957 [main] INFO  o.s.b.w.s.c.ServletWebServerApplicationContext     - Root WebApplicationContext: initialization completed in 2106 ms
2026-03-21 04:01:41,144 [main] INFO  com.zaxxer.hikari.HikariDataSource                 - HikariPool-1 - Starting...
2026-03-21 04:01:46,048 [main] INFO  com.zaxxer.hikari.pool.HikariPool                  - HikariPool-1 - Added connection com.mysql.cj.jdbc.ConnectionImpl@598778cc
2026-03-21 04:01:46,049 [main] INFO  com.zaxxer.hikari.HikariDataSource                 - HikariPool-1 - Start completed.
2026-03-21 04:01:46,079 [main] INFO  o.hibernate.jpa.internal.util.LogHelper            - HHH000204: Processing PersistenceUnitInfo [name: default]
2026-03-21 04:01:46,108 [main] INFO  org.hibernate.Version                              - HHH000412: Hibernate ORM core version 6.6.5.Final
2026-03-21 04:01:46,131 [main] INFO  o.h.c.internal.RegionFactoryInitiator              - HHH000026: Second-level cache disabled
2026-03-21 04:01:46,303 [main] INFO  o.s.o.j.p.SpringPersistenceUnitInfo                - No LoadTimeWeaver setup: ignoring JPA class transformer
2026-03-21 04:01:46,375 [main] INFO  org.hibernate.orm.connections.pooling              - HHH10001005: Database info:
	Database JDBC URL [Connecting through datasource 'HikariDataSource (HikariPool-1)']
	Database driver: undefined/unknown
	Database version: 8.0.35
	Autocommit mode: undefined/unknown
	Isolation level: undefined/unknown
	Minimum pool size: undefined/unknown
	Maximum pool size: undefined/unknown
2026-03-21 04:01:47,108 [main] INFO  o.h.e.t.j.p.i.JtaPlatformInitiator                 - HHH000489: No JTA platform available (set 'hibernate.transaction.jta.platform' to enable JTA platform integration)
2026-03-21 04:01:47,109 [main] INFO  o.s.o.j.LocalContainerEntityManagerFactoryBean     - Initialized JPA EntityManagerFactory for persistence unit 'default'
2026-03-21 04:01:47,526 [main] INFO  o.s.d.j.r.query.QueryEnhancerFactory               - Hibernate is in classpath; If applicable, HQL parser will be used.
2026-03-21 04:01:48,212 [main] WARN  o.s.b.a.o.j.JpaBaseConfiguration$JpaWebConfiguration - spring.jpa.open-in-view is enabled by default. Therefore, database queries may be performed during view rendering. Explicitly configure spring.jpa.open-in-view to disable this warning
2026-03-21 04:01:48,665 [main] INFO  o.s.s.c.a.a.c.InitializeAuthenticationProviderBeanManagerConfigurer$InitializeAuthenticationProviderManagerConfigurer - Global AuthenticationManager configured with AuthenticationProvider bean with name authenticationProvider
2026-03-21 04:01:48,665 [main] WARN  o.s.s.c.a.a.c.InitializeUserDetailsBeanManagerConfigurer$InitializeUserDetailsManagerConfigurer - Global AuthenticationManager configured with an AuthenticationProvider bean. UserDetailsService beans will not be used by Spring Security for automatically configuring username/password login. Consider removing the AuthenticationProvider bean. Alternatively, consider using the UserDetailsService in a manually instantiated DaoAuthenticationProvider. If the current configuration is intentional, to turn off this warning, increase the logging level of 'org.springframework.security.config.annotation.authentication.configuration.InitializeUserDetailsBeanManagerConfigurer' to ERROR
2026-03-21 04:01:49,393 [main] INFO  o.s.b.a.w.s.WelcomePageHandlerMapping              - Adding welcome page: class path resource [public/index.html]
2026-03-21 04:01:50,466 [main] INFO  o.apache.coyote.http11.Http11NioProtocol           - Starting ProtocolHandler ["http-nio-22223"]
2026-03-21 04:01:50,501 [main] INFO  o.s.b.w.embedded.tomcat.TomcatWebServer            - Tomcat started on port 22223 (http) with context path '/'
2026-03-21 04:01:50,512 [main] INFO  c.e.s.java.server.JavaServerApplication            - Started JavaServerApplication in 12.27 seconds (process running for 12.763)
2026-03-21 04:01:50,518 [main] INFO  c.e.s.j.server.SystemApplicationListener           - org.springframework.boot.context.event.ApplicationReadyEvent[source=org.springframework.boot.SpringApplication@2231f1f7]
2026-03-21 04:01:50,518 [main] INFO  c.e.s.j.server.SystemApplicationListener           - SystemInitStart
2026-03-21 04:01:50,789 [main] INFO  c.e.s.j.server.SystemApplicationListener           - systemInitEnd
2026-03-21 04:02:42,889 [http-nio-22223-exec-1] INFO  o.a.c.c.C.[Tomcat].[localhost].[/]                 - Initializing Spring DispatcherServlet 'dispatcherServlet'
2026-03-21 04:02:42,890 [http-nio-22223-exec-1] INFO  o.s.web.servlet.DispatcherServlet                  - Initializing Servlet 'dispatcherServlet'
2026-03-21 04:02:42,891 [http-nio-22223-exec-1] INFO  o.s.web.servlet.DispatcherServlet                  - Completed initialization in 1 ms
2026-03-21 04:02:43,605 [http-nio-22223-exec-2] INFO  c.e.s.j.s.c.JwtAuthenticationFilter                - /api/base/getDataBaseUserName,admin,2026-03-21 04:02:43,0.195
2026-03-21 04:02:43,868 [http-nio-22223-exec-3] INFO  c.e.s.j.s.c.JwtAuthenticationFilter                - /api/base/getMenuList,admin,2026-03-21 04:02:43,0.258
2026-03-21 04:04:56,131 [http-nio-22223-exec-7] INFO  c.e.s.j.s.c.JwtAuthenticationFilter                - /api/course/getCourseList,admin,2026-03-21 04:04:55,0.165
2026-03-21 04:04:56,870 [http-nio-22223-exec-8] INFO  c.e.s.j.s.c.JwtAuthenticationFilter                - /api/score/getStudentItemOptionList,admin,2026-03-21 04:04:56,0.17
2026-03-21 04:04:57,044 [http-nio-22223-exec-9] INFO  c.e.s.j.s.c.JwtAuthenticationFilter                - /api/score/getCourseItemOptionList,admin,2026-03-21 04:04:56,0.168
2026-03-21 04:04:57,189 [http-nio-22223-exec-10] INFO  c.e.s.j.s.c.JwtAuthenticationFilter                - /api/score/getScoreList,admin,2026-03-21 04:04:57,0.139
2026-03-21 04:04:59,087 [http-nio-22223-exec-4] INFO  c.e.s.j.s.c.JwtAuthenticationFilter                - /api/student/getStudentList,admin,2026-03-21 04:04:58,0.251
2026-03-21 04:04:59,248 [http-nio-22223-exec-6] INFO  c.e.s.j.s.c.JwtAuthenticationFilter                - /api/base/getDictionaryOptionItemList,admin,2026-03-21 04:04:59,0.155
2026-03-21 04:05:00,679 [http-nio-22223-exec-9] INFO  c.e.s.j.s.c.JwtAuthenticationFilter                - /api/base/getMenuTreeNodeList,admin,2026-03-21 04:05:00,0.176
2026-03-21 04:05:01,433 [http-nio-22223-exec-10] INFO  c.e.s.j.s.c.JwtAuthenticationFilter                - /api/base/getDictionaryTreeNodeList,admin,2026-03-21 04:05:01,0.122
2026-03-21 04:06:31,669 [SpringApplicationShutdownHook] INFO  o.s.b.w.embedded.tomcat.GracefulShutdown           - Commencing graceful shutdown. Waiting for active requests to complete
2026-03-21 04:06:31,672 [tomcat-shutdown] INFO  o.s.b.w.embedded.tomcat.GracefulShutdown           - Graceful shutdown complete
2026-03-21 04:06:31,682 [SpringApplicationShutdownHook] INFO  o.s.o.j.LocalContainerEntityManagerFactoryBean     - Closing JPA EntityManagerFactory for persistence unit 'default'
2026-03-21 04:06:31,683 [SpringApplicationShutdownHook] INFO  com.zaxxer.hikari.HikariDataSource                 - HikariPool-1 - Shutdown initiated...
2026-03-21 04:06:31,686 [SpringApplicationShutdownHook] INFO  com.zaxxer.hikari.HikariDataSource                 - HikariPool-1 - Shutdown completed.
2026-03-21 23:01:49,569 [background-preinit] INFO  o.h.validator.internal.util.Version                - HV000001: Hibernate Validator 8.0.2.Final
2026-03-21 23:01:49,618 [main] INFO  c.e.s.java.server.JavaServerApplication            - Starting JavaServerApplication using Java 21.0.5 with PID 22492 (D:\JavaProject\java-server\target\classes started by Xinbin in D:\JavaProject\java-server)
2026-03-21 23:01:49,618 [main] INFO  c.e.s.java.server.JavaServerApplication            - No active profile set, falling back to 1 default profile: "default"
2026-03-21 23:01:50,151 [main] INFO  o.s.d.r.c.RepositoryConfigurationDelegate          - Multiple Spring Data modules found, entering strict repository configuration mode
2026-03-21 23:01:50,152 [main] INFO  o.s.d.r.c.RepositoryConfigurationDelegate          - Bootstrapping Spring Data JPA repositories in DEFAULT mode.
2026-03-21 23:01:50,271 [main] INFO  o.s.d.r.c.RepositoryConfigurationDelegate          - Finished Spring Data repository scanning in 111 ms. Found 19 JPA repository interfaces.
2026-03-21 23:01:50,287 [main] INFO  o.s.d.r.c.RepositoryConfigurationDelegate          - Multiple Spring Data modules found, entering strict repository configuration mode
2026-03-21 23:01:50,288 [main] INFO  o.s.d.r.c.RepositoryConfigurationDelegate          - Bootstrapping Spring Data Redis repositories in DEFAULT mode.
2026-03-21 23:01:50,302 [main] INFO  o.s.d.r.c.RepositoryConfigurationExtensionSupport  - Spring Data Redis - Could not safely identify store assignment for repository candidate interface cn.edu.sdu.java.server.repositorys.CourseRepository; If you want this repository to be a Redis repository, consider annotating your entities with one of these annotations: org.springframework.data.redis.core.RedisHash (preferred), or consider extending one of the following types with your repository: org.springframework.data.keyvalue.repository.KeyValueRepository
2026-03-21 23:01:50,303 [main] INFO  o.s.d.r.c.RepositoryConfigurationExtensionSupport  - Spring Data Redis - Could not safely identify store assignment for repository candidate interface cn.edu.sdu.java.server.repositorys.DailyActivityRepository; If you want this repository to be a Redis repository, consider annotating your entities with one of these annotations: org.springframework.data.redis.core.RedisHash (preferred), or consider extending one of the following types with your repository: org.springframework.data.keyvalue.repository.KeyValueRepository
2026-03-21 23:01:50,303 [main] INFO  o.s.d.r.c.RepositoryConfigurationExtensionSupport  - Spring Data Redis - Could not safely identify store assignment for repository candidate interface cn.edu.sdu.java.server.repositorys.DictionaryInfoRepository; If you want this repository to be a Redis repository, consider annotating your entities with one of these annotations: org.springframework.data.redis.core.RedisHash (preferred), or consider extending one of the following types with your repository: org.springframework.data.keyvalue.repository.KeyValueRepository
2026-03-21 23:01:50,304 [main] INFO  o.s.d.r.c.RepositoryConfigurationExtensionSupport  - Spring Data Redis - Could not safely identify store assignment for repository candidate interface cn.edu.sdu.java.server.repositorys.FamilyMemberRepository; If you want this repository to be a Redis repository, consider annotating your entities with one of these annotations: org.springframework.data.redis.core.RedisHash (preferred), or consider extending one of the following types with your repository: org.springframework.data.keyvalue.repository.KeyValueRepository
2026-03-21 23:01:50,304 [main] INFO  o.s.d.r.c.RepositoryConfigurationExtensionSupport  - Spring Data Redis - Could not safely identify store assignment for repository candidate interface cn.edu.sdu.java.server.repositorys.FeeRepository; If you want this repository to be a Redis repository, consider annotating your entities with one of these annotations: org.springframework.data.redis.core.RedisHash (preferred), or consider extending one of the following types with your repository: org.springframework.data.keyvalue.repository.KeyValueRepository
2026-03-21 23:01:50,305 [main] INFO  o.s.d.r.c.RepositoryConfigurationExtensionSupport  - Spring Data Redis - Could not safely identify store assignment for repository candidate interface cn.edu.sdu.java.server.repositorys.HonorRepository; If you want this repository to be a Redis repository, consider annotating your entities with one of these annotations: org.springframework.data.redis.core.RedisHash (preferred), or consider extending one of the following types with your repository: org.springframework.data.keyvalue.repository.KeyValueRepository
2026-03-21 23:01:50,305 [main] INFO  o.s.d.r.c.RepositoryConfigurationExtensionSupport  - Spring Data Redis - Could not safely identify store assignment for repository candidate interface cn.edu.sdu.java.server.repositorys.InnovationProjectRepository; If you want this repository to be a Redis repository, consider annotating your entities with one of these annotations: org.springframework.data.redis.core.RedisHash (preferred), or consider extending one of the following types with your repository: org.springframework.data.keyvalue.repository.KeyValueRepository
2026-03-21 23:01:50,305 [main] INFO  o.s.d.r.c.RepositoryConfigurationExtensionSupport  - Spring Data Redis - Could not safely identify store assignment for repository candidate interface cn.edu.sdu.java.server.repositorys.MenuInfoRepository; If you want this repository to be a Redis repository, consider annotating your entities with one of these annotations: org.springframework.data.redis.core.RedisHash (preferred), or consider extending one of the following types with your repository: org.springframework.data.keyvalue.repository.KeyValueRepository
2026-03-21 23:01:50,306 [main] INFO  o.s.d.r.c.RepositoryConfigurationExtensionSupport  - Spring Data Redis - Could not safely identify store assignment for repository candidate interface cn.edu.sdu.java.server.repositorys.ModifyLogRepository; If you want this repository to be a Redis repository, consider annotating your entities with one of these annotations: org.springframework.data.redis.core.RedisHash (preferred), or consider extending one of the following types with your repository: org.springframework.data.keyvalue.repository.KeyValueRepository
2026-03-21 23:01:50,307 [main] INFO  o.s.d.r.c.RepositoryConfigurationExtensionSupport  - Spring Data Redis - Could not safely identify store assignment for repository candidate interface cn.edu.sdu.java.server.repositorys.PersonRepository; If you want this repository to be a Redis repository, consider annotating your entities with one of these annotations: org.springframework.data.redis.core.RedisHash (preferred), or consider extending one of the following types with your repository: org.springframework.data.keyvalue.repository.KeyValueRepository
2026-03-21 23:01:50,307 [main] INFO  o.s.d.r.c.RepositoryConfigurationExtensionSupport  - Spring Data Redis - Could not safely identify store assignment for repository candidate interface cn.edu.sdu.java.server.repositorys.ScoreRepository; If you want this repository to be a Redis repository, consider annotating your entities with one of these annotations: org.springframework.data.redis.core.RedisHash (preferred), or consider extending one of the following types with your repository: org.springframework.data.keyvalue.repository.KeyValueRepository
2026-03-21 23:01:50,308 [main] INFO  o.s.d.r.c.RepositoryConfigurationExtensionSupport  - Spring Data Redis - Could not safely identify store assignment for repository candidate interface cn.edu.sdu.java.server.repositorys.StatisticsDayRepository; If you want this repository to be a Redis repository, consider annotating your entities with one of these annotations: org.springframework.data.redis.core.RedisHash (preferred), or consider extending one of the following types with your repository: org.springframework.data.keyvalue.repository.KeyValueRepository
2026-03-21 23:01:50,308 [main] INFO  o.s.d.r.c.RepositoryConfigurationExtensionSupport  - Spring Data Redis - Could not safely identify store assignment for repository candidate interface cn.edu.sdu.java.server.repositorys.StudentLeaveRepository; If you want this repository to be a Redis repository, consider annotating your entities with one of these annotations: org.springframework.data.redis.core.RedisHash (preferred), or consider extending one of the following types with your repository: org.springframework.data.keyvalue.repository.KeyValueRepository
2026-03-21 23:01:50,309 [main] INFO  o.s.d.r.c.RepositoryConfigurationExtensionSupport  - Spring Data Redis - Could not safely identify store assignment for repository candidate interface cn.edu.sdu.java.server.repositorys.StudentRepository; If you want this repository to be a Redis repository, consider annotating your entities with one of these annotations: org.springframework.data.redis.core.RedisHash (preferred), or consider extending one of the following types with your repository: org.springframework.data.keyvalue.repository.KeyValueRepository
2026-03-21 23:01:50,309 [main] INFO  o.s.d.r.c.RepositoryConfigurationExtensionSupport  - Spring Data Redis - Could not safely identify store assignment for repository candidate interface cn.edu.sdu.java.server.repositorys.StudentStatisticsRepository; If you want this repository to be a Redis repository, consider annotating your entities with one of these annotations: org.springframework.data.redis.core.RedisHash (preferred), or consider extending one of the following types with your repository: org.springframework.data.keyvalue.repository.KeyValueRepository
2026-03-21 23:01:50,310 [main] INFO  o.s.d.r.c.RepositoryConfigurationExtensionSupport  - Spring Data Redis - Could not safely identify store assignment for repository candidate interface cn.edu.sdu.java.server.repositorys.SystemInfoRepository; If you want this repository to be a Redis repository, consider annotating your entities with one of these annotations: org.springframework.data.redis.core.RedisHash (preferred), or consider extending one of the following types with your repository: org.springframework.data.keyvalue.repository.KeyValueRepository
2026-03-21 23:01:50,310 [main] INFO  o.s.d.r.c.RepositoryConfigurationExtensionSupport  - Spring Data Redis - Could not safely identify store assignment for repository candidate interface cn.edu.sdu.java.server.repositorys.TeacherRepository; If you want this repository to be a Redis repository, consider annotating your entities with one of these annotations: org.springframework.data.redis.core.RedisHash (preferred), or consider extending one of the following types with your repository: org.springframework.data.keyvalue.repository.KeyValueRepository
2026-03-21 23:01:50,311 [main] INFO  o.s.d.r.c.RepositoryConfigurationExtensionSupport  - Spring Data Redis - Could not safely identify store assignment for repository candidate interface cn.edu.sdu.java.server.repositorys.UserRepository; If you want this repository to be a Redis repository, consider annotating your entities with one of these annotations: org.springframework.data.redis.core.RedisHash (preferred), or consider extending one of the following types with your repository: org.springframework.data.keyvalue.repository.KeyValueRepository
2026-03-21 23:01:50,311 [main] INFO  o.s.d.r.c.RepositoryConfigurationExtensionSupport  - Spring Data Redis - Could not safely identify store assignment for repository candidate interface cn.edu.sdu.java.server.repositorys.UserTypeRepository; If you want this repository to be a Redis repository, consider annotating your entities with one of these annotations: org.springframework.data.redis.core.RedisHash (preferred), or consider extending one of the following types with your repository: org.springframework.data.keyvalue.repository.KeyValueRepository
2026-03-21 23:01:50,311 [main] INFO  o.s.d.r.c.RepositoryConfigurationDelegate          - Finished Spring Data repository scanning in 15 ms. Found 0 Redis repository interfaces.
2026-03-21 23:01:50,917 [main] INFO  o.s.b.w.embedded.tomcat.TomcatWebServer            - Tomcat initialized with port 22223 (http)
2026-03-21 23:01:50,927 [main] INFO  o.apache.coyote.http11.Http11NioProtocol           - Initializing ProtocolHandler ["http-nio-22223"]
2026-03-21 23:01:50,928 [main] INFO  o.apache.catalina.core.StandardService             - Starting service [Tomcat]
2026-03-21 23:01:50,929 [main] INFO  org.apache.catalina.core.StandardEngine            - Starting Servlet engine: [Apache Tomcat/10.1.34]
2026-03-21 23:01:50,985 [main] INFO  o.a.c.c.C.[Tomcat].[localhost].[/]                 - Initializing Spring embedded WebApplicationContext
2026-03-21 23:01:50,985 [main] INFO  o.s.b.w.s.c.ServletWebServerApplicationContext     - Root WebApplicationContext: initialization completed in 1339 ms
2026-03-21 23:01:51,134 [main] INFO  com.zaxxer.hikari.HikariDataSource                 - HikariPool-1 - Starting...
2026-03-21 23:01:55,807 [main] INFO  com.zaxxer.hikari.pool.HikariPool                  - HikariPool-1 - Added connection com.mysql.cj.jdbc.ConnectionImpl@1c2dd89b
2026-03-21 23:01:55,809 [main] INFO  com.zaxxer.hikari.HikariDataSource                 - HikariPool-1 - Start completed.
2026-03-21 23:01:55,854 [main] INFO  o.hibernate.jpa.internal.util.LogHelper            - HHH000204: Processing PersistenceUnitInfo [name: default]
2026-03-21 23:01:55,888 [main] INFO  org.hibernate.Version                              - HHH000412: Hibernate ORM core version 6.6.5.Final
2026-03-21 23:01:55,910 [main] INFO  o.h.c.internal.RegionFactoryInitiator              - HHH000026: Second-level cache disabled
2026-03-21 23:01:56,075 [main] INFO  o.s.o.j.p.SpringPersistenceUnitInfo                - No LoadTimeWeaver setup: ignoring JPA class transformer
2026-03-21 23:01:56,150 [main] INFO  org.hibernate.orm.connections.pooling              - HHH10001005: Database info:
	Database JDBC URL [Connecting through datasource 'HikariDataSource (HikariPool-1)']
	Database driver: undefined/unknown
	Database version: 8.0.35
	Autocommit mode: undefined/unknown
	Isolation level: undefined/unknown
	Minimum pool size: undefined/unknown
	Maximum pool size: undefined/unknown
2026-03-21 23:01:56,835 [main] INFO  o.h.e.t.j.p.i.JtaPlatformInitiator                 - HHH000489: No JTA platform available (set 'hibernate.transaction.jta.platform' to enable JTA platform integration)
2026-03-21 23:01:56,838 [main] INFO  o.s.o.j.LocalContainerEntityManagerFactoryBean     - Initialized JPA EntityManagerFactory for persistence unit 'default'
2026-03-21 23:01:57,122 [main] INFO  o.s.d.j.r.query.QueryEnhancerFactory               - Hibernate is in classpath; If applicable, HQL parser will be used.
2026-03-21 23:01:57,651 [main] WARN  o.s.b.a.o.j.JpaBaseConfiguration$JpaWebConfiguration - spring.jpa.open-in-view is enabled by default. Therefore, database queries may be performed during view rendering. Explicitly configure spring.jpa.open-in-view to disable this warning
2026-03-21 23:01:58,007 [main] INFO  o.s.s.c.a.a.c.InitializeAuthenticationProviderBeanManagerConfigurer$InitializeAuthenticationProviderManagerConfigurer - Global AuthenticationManager configured with AuthenticationProvider bean with name authenticationProvider
2026-03-21 23:01:58,008 [main] WARN  o.s.s.c.a.a.c.InitializeUserDetailsBeanManagerConfigurer$InitializeUserDetailsManagerConfigurer - Global AuthenticationManager configured with an AuthenticationProvider bean. UserDetailsService beans will not be used by Spring Security for automatically configuring username/password login. Consider removing the AuthenticationProvider bean. Alternatively, consider using the UserDetailsService in a manually instantiated DaoAuthenticationProvider. If the current configuration is intentional, to turn off this warning, increase the logging level of 'org.springframework.security.config.annotation.authentication.configuration.InitializeUserDetailsBeanManagerConfigurer' to ERROR
2026-03-21 23:01:58,591 [main] INFO  o.s.b.a.w.s.WelcomePageHandlerMapping              - Adding welcome page: class path resource [public/index.html]
2026-03-21 23:01:59,270 [main] INFO  o.apache.coyote.http11.Http11NioProtocol           - Starting ProtocolHandler ["http-nio-22223"]
2026-03-21 23:01:59,293 [main] INFO  o.s.b.w.embedded.tomcat.TomcatWebServer            - Tomcat started on port 22223 (http) with context path '/'
2026-03-21 23:01:59,303 [main] INFO  c.e.s.java.server.JavaServerApplication            - Started JavaServerApplication in 10.058 seconds (process running for 10.303)
2026-03-21 23:01:59,307 [main] INFO  c.e.s.j.server.SystemApplicationListener           - org.springframework.boot.context.event.ApplicationReadyEvent[source=org.springframework.boot.SpringApplication@7d5dfca7]
2026-03-21 23:01:59,308 [main] INFO  c.e.s.j.server.SystemApplicationListener           - SystemInitStart
2026-03-21 23:01:59,431 [main] INFO  c.e.s.j.server.SystemApplicationListener           - systemInitEnd
2026-03-21 23:02:05,222 [http-nio-22223-exec-1] INFO  o.a.c.c.C.[Tomcat].[localhost].[/]                 - Initializing Spring DispatcherServlet 'dispatcherServlet'
2026-03-21 23:02:05,224 [http-nio-22223-exec-1] INFO  o.s.web.servlet.DispatcherServlet                  - Initializing Servlet 'dispatcherServlet'
2026-03-21 23:02:05,225 [http-nio-22223-exec-1] INFO  o.s.web.servlet.DispatcherServlet                  - Completed initialization in 1 ms
2026-03-21 23:02:12,759 [http-nio-22223-exec-4] INFO  c.e.s.j.s.c.JwtAuthenticationFilter                - /api/base/getDataBaseUserName,admin,2026-03-21 23:02:12,0.103
2026-03-21 23:02:13,061 [http-nio-22223-exec-5] INFO  c.e.s.j.s.c.JwtAuthenticationFilter                - /api/base/getMenuList,admin,2026-03-21 23:02:12,0.296
2026-03-21 23:02:19,006 [background-preinit] INFO  o.h.validator.internal.util.Version                - HV000001: Hibernate Validator 8.0.2.Final
2026-03-21 23:02:19,055 [main] INFO  c.e.s.java.server.JavaServerApplication            - Starting JavaServerApplication using Java 21.0.5 with PID 26232 (D:\JavaProject\java-server\target\classes started by Xinbin in D:\JavaProject\java-server)
2026-03-21 23:02:19,056 [main] INFO  c.e.s.java.server.JavaServerApplication            - No active profile set, falling back to 1 default profile: "default"
2026-03-21 23:02:19,598 [main] INFO  o.s.d.r.c.RepositoryConfigurationDelegate          - Multiple Spring Data modules found, entering strict repository configuration mode
2026-03-21 23:02:19,600 [main] INFO  o.s.d.r.c.RepositoryConfigurationDelegate          - Bootstrapping Spring Data JPA repositories in DEFAULT mode.
2026-03-21 23:02:19,711 [main] INFO  o.s.d.r.c.RepositoryConfigurationDelegate          - Finished Spring Data repository scanning in 105 ms. Found 19 JPA repository interfaces.
2026-03-21 23:02:19,728 [main] INFO  o.s.d.r.c.RepositoryConfigurationDelegate          - Multiple Spring Data modules found, entering strict repository configuration mode
2026-03-21 23:02:19,729 [main] INFO  o.s.d.r.c.RepositoryConfigurationDelegate          - Bootstrapping Spring Data Redis repositories in DEFAULT mode.
2026-03-21 23:02:19,742 [main] INFO  o.s.d.r.c.RepositoryConfigurationExtensionSupport  - Spring Data Redis - Could not safely identify store assignment for repository candidate interface cn.edu.sdu.java.server.repositorys.CourseRepository; If you want this repository to be a Redis repository, consider annotating your entities with one of these annotations: org.springframework.data.redis.core.RedisHash (preferred), or consider extending one of the following types with your repository: org.springframework.data.keyvalue.repository.KeyValueRepository
2026-03-21 23:02:19,743 [main] INFO  o.s.d.r.c.RepositoryConfigurationExtensionSupport  - Spring Data Redis - Could not safely identify store assignment for repository candidate interface cn.edu.sdu.java.server.repositorys.DailyActivityRepository; If you want this repository to be a Redis repository, consider annotating your entities with one of these annotations: org.springframework.data.redis.core.RedisHash (preferred), or consider extending one of the following types with your repository: org.springframework.data.keyvalue.repository.KeyValueRepository
2026-03-21 23:02:19,743 [main] INFO  o.s.d.r.c.RepositoryConfigurationExtensionSupport  - Spring Data Redis - Could not safely identify store assignment for repository candidate interface cn.edu.sdu.java.server.repositorys.DictionaryInfoRepository; If you want this repository to be a Redis repository, consider annotating your entities with one of these annotations: org.springframework.data.redis.core.RedisHash (preferred), or consider extending one of the following types with your repository: org.springframework.data.keyvalue.repository.KeyValueRepository
2026-03-21 23:02:19,743 [main] INFO  o.s.d.r.c.RepositoryConfigurationExtensionSupport  - Spring Data Redis - Could not safely identify store assignment for repository candidate interface cn.edu.sdu.java.server.repositorys.FamilyMemberRepository; If you want this repository to be a Redis repository, consider annotating your entities with one of these annotations: org.springframework.data.redis.core.RedisHash (preferred), or consider extending one of the following types with your repository: org.springframework.data.keyvalue.repository.KeyValueRepository
2026-03-21 23:02:19,744 [main] INFO  o.s.d.r.c.RepositoryConfigurationExtensionSupport  - Spring Data Redis - Could not safely identify store assignment for repository candidate interface cn.edu.sdu.java.server.repositorys.FeeRepository; If you want this repository to be a Redis repository, consider annotating your entities with one of these annotations: org.springframework.data.redis.core.RedisHash (preferred), or consider extending one of the following types with your repository: org.springframework.data.keyvalue.repository.KeyValueRepository
2026-03-21 23:02:19,744 [main] INFO  o.s.d.r.c.RepositoryConfigurationExtensionSupport  - Spring Data Redis - Could not safely identify store assignment for repository candidate interface cn.edu.sdu.java.server.repositorys.HonorRepository; If you want this repository to be a Redis repository, consider annotating your entities with one of these annotations: org.springframework.data.redis.core.RedisHash (preferred), or consider extending one of the following types with your repository: org.springframework.data.keyvalue.repository.KeyValueRepository
2026-03-21 23:02:19,745 [main] INFO  o.s.d.r.c.RepositoryConfigurationExtensionSupport  - Spring Data Redis - Could not safely identify store assignment for repository candidate interface cn.edu.sdu.java.server.repositorys.InnovationProjectRepository; If you want this repository to be a Redis repository, consider annotating your entities with one of these annotations: org.springframework.data.redis.core.RedisHash (preferred), or consider extending one of the following types with your repository: org.springframework.data.keyvalue.repository.KeyValueRepository
2026-03-21 23:02:19,745 [main] INFO  o.s.d.r.c.RepositoryConfigurationExtensionSupport  - Spring Data Redis - Could not safely identify store assignment for repository candidate interface cn.edu.sdu.java.server.repositorys.MenuInfoRepository; If you want this repository to be a Redis repository, consider annotating your entities with one of these annotations: org.springframework.data.redis.core.RedisHash (preferred), or consider extending one of the following types with your repository: org.springframework.data.keyvalue.repository.KeyValueRepository
2026-03-21 23:02:19,746 [main] INFO  o.s.d.r.c.RepositoryConfigurationExtensionSupport  - Spring Data Redis - Could not safely identify store assignment for repository candidate interface cn.edu.sdu.java.server.repositorys.ModifyLogRepository; If you want this repository to be a Redis repository, consider annotating your entities with one of these annotations: org.springframework.data.redis.core.RedisHash (preferred), or consider extending one of the following types with your repository: org.springframework.data.keyvalue.repository.KeyValueRepository
2026-03-21 23:02:19,747 [main] INFO  o.s.d.r.c.RepositoryConfigurationExtensionSupport  - Spring Data Redis - Could not safely identify store assignment for repository candidate interface cn.edu.sdu.java.server.repositorys.PersonRepository; If you want this repository to be a Redis repository, consider annotating your entities with one of these annotations: org.springframework.data.redis.core.RedisHash (preferred), or consider extending one of the following types with your repository: org.springframework.data.keyvalue.repository.KeyValueRepository
2026-03-21 23:02:19,748 [main] INFO  o.s.d.r.c.RepositoryConfigurationExtensionSupport  - Spring Data Redis - Could not safely identify store assignment for repository candidate interface cn.edu.sdu.java.server.repositorys.ScoreRepository; If you want this repository to be a Redis repository, consider annotating your entities with one of these annotations: org.springframework.data.redis.core.RedisHash (preferred), or consider extending one of the following types with your repository: org.springframework.data.keyvalue.repository.KeyValueRepository
2026-03-21 23:02:19,748 [main] INFO  o.s.d.r.c.RepositoryConfigurationExtensionSupport  - Spring Data Redis - Could not safely identify store assignment for repository candidate interface cn.edu.sdu.java.server.repositorys.StatisticsDayRepository; If you want this repository to be a Redis repository, consider annotating your entities with one of these annotations: org.springframework.data.redis.core.RedisHash (preferred), or consider extending one of the following types with your repository: org.springframework.data.keyvalue.repository.KeyValueRepository
2026-03-21 23:02:19,749 [main] INFO  o.s.d.r.c.RepositoryConfigurationExtensionSupport  - Spring Data Redis - Could not safely identify store assignment for repository candidate interface cn.edu.sdu.java.server.repositorys.StudentLeaveRepository; If you want this repository to be a Redis repository, consider annotating your entities with one of these annotations: org.springframework.data.redis.core.RedisHash (preferred), or consider extending one of the following types with your repository: org.springframework.data.keyvalue.repository.KeyValueRepository
2026-03-21 23:02:19,749 [main] INFO  o.s.d.r.c.RepositoryConfigurationExtensionSupport  - Spring Data Redis - Could not safely identify store assignment for repository candidate interface cn.edu.sdu.java.server.repositorys.StudentRepository; If you want this repository to be a Redis repository, consider annotating your entities with one of these annotations: org.springframework.data.redis.core.RedisHash (preferred), or consider extending one of the following types with your repository: org.springframework.data.keyvalue.repository.KeyValueRepository
2026-03-21 23:02:19,749 [main] INFO  o.s.d.r.c.RepositoryConfigurationExtensionSupport  - Spring Data Redis - Could not safely identify store assignment for repository candidate interface cn.edu.sdu.java.server.repositorys.StudentStatisticsRepository; If you want this repository to be a Redis repository, consider annotating your entities with one of these annotations: org.springframework.data.redis.core.RedisHash (preferred), or consider extending one of the following types with your repository: org.springframework.data.keyvalue.repository.KeyValueRepository
2026-03-21 23:02:19,750 [main] INFO  o.s.d.r.c.RepositoryConfigurationExtensionSupport  - Spring Data Redis - Could not safely identify store assignment for repository candidate interface cn.edu.sdu.java.server.repositorys.SystemInfoRepository; If you want this repository to be a Redis repository, consider annotating your entities with one of these annotations: org.springframework.data.redis.core.RedisHash (preferred), or consider extending one of the following types with your repository: org.springframework.data.keyvalue.repository.KeyValueRepository
2026-03-21 23:02:19,750 [main] INFO  o.s.d.r.c.RepositoryConfigurationExtensionSupport  - Spring Data Redis - Could not safely identify store assignment for repository candidate interface cn.edu.sdu.java.server.repositorys.TeacherRepository; If you want this repository to be a Redis repository, consider annotating your entities with one of these annotations: org.springframework.data.redis.core.RedisHash (preferred), or consider extending one of the following types with your repository: org.springframework.data.keyvalue.repository.KeyValueRepository
2026-03-21 23:02:19,750 [main] INFO  o.s.d.r.c.RepositoryConfigurationExtensionSupport  - Spring Data Redis - Could not safely identify store assignment for repository candidate interface cn.edu.sdu.java.server.repositorys.UserRepository; If you want this repository to be a Redis repository, consider annotating your entities with one of these annotations: org.springframework.data.redis.core.RedisHash (preferred), or consider extending one of the following types with your repository: org.springframework.data.keyvalue.repository.KeyValueRepository
2026-03-21 23:02:19,751 [main] INFO  o.s.d.r.c.RepositoryConfigurationExtensionSupport  - Spring Data Redis - Could not safely identify store assignment for repository candidate interface cn.edu.sdu.java.server.repositorys.UserTypeRepository; If you want this repository to be a Redis repository, consider annotating your entities with one of these annotations: org.springframework.data.redis.core.RedisHash (preferred), or consider extending one of the following types with your repository: org.springframework.data.keyvalue.repository.KeyValueRepository
2026-03-21 23:02:19,751 [main] INFO  o.s.d.r.c.RepositoryConfigurationDelegate          - Finished Spring Data repository scanning in 16 ms. Found 0 Redis repository interfaces.
2026-03-21 23:02:20,343 [main] INFO  o.s.b.w.embedded.tomcat.TomcatWebServer            - Tomcat initialized with port 22223 (http)
2026-03-21 23:02:20,354 [main] INFO  o.apache.coyote.http11.Http11NioProtocol           - Initializing ProtocolHandler ["http-nio-22223"]
2026-03-21 23:02:20,355 [main] INFO  o.apache.catalina.core.StandardService             - Starting service [Tomcat]
2026-03-21 23:02:20,355 [main] INFO  org.apache.catalina.core.StandardEngine            - Starting Servlet engine: [Apache Tomcat/10.1.34]
2026-03-21 23:02:20,404 [main] INFO  o.a.c.c.C.[Tomcat].[localhost].[/]                 - Initializing Spring embedded WebApplicationContext
2026-03-21 23:02:20,404 [main] INFO  o.s.b.w.s.c.ServletWebServerApplicationContext     - Root WebApplicationContext: initialization completed in 1317 ms
2026-03-21 23:02:20,528 [main] INFO  com.zaxxer.hikari.HikariDataSource                 - HikariPool-1 - Starting...
2026-03-21 23:02:35,744 [http-nio-22223-exec-10] INFO  c.e.s.j.s.c.JwtAuthenticationFilter                - /api/base/getDataBaseUserName,admin,2026-03-21 23:02:35,0.097
2026-03-21 23:02:35,929 [http-nio-22223-exec-1] INFO  c.e.s.j.s.c.JwtAuthenticationFilter                - /api/base/getMenuList,admin,2026-03-21 23:02:35,0.179
2026-03-21 23:02:38,470 [http-nio-22223-exec-2] INFO  c.e.s.j.s.c.JwtAuthenticationFilter                - /api/student/getStudentList,admin,2026-03-21 23:02:38,0.116
2026-03-21 23:02:38,587 [http-nio-22223-exec-3] INFO  c.e.s.j.s.c.JwtAuthenticationFilter                - /api/base/getDictionaryOptionItemList,admin,2026-03-21 23:02:38,0.11
2026-03-21 23:02:39,745 [http-nio-22223-exec-8] INFO  c.e.s.j.s.c.JwtAuthenticationFilter                - /api/student/getStudentInfo,admin,2026-03-21 23:02:39,0.107
2026-03-21 23:02:39,862 [http-nio-22223-exec-9] INFO  c.e.s.j.s.c.JwtAuthenticationFilter                - /api/base/getBlobByteData,admin,2026-03-21 23:02:39,0.106
2026-03-21 23:02:49,723 [background-preinit] INFO  o.h.validator.internal.util.Version                - HV000001: Hibernate Validator 8.0.2.Final
2026-03-21 23:02:49,768 [main] INFO  c.e.s.java.server.JavaServerApplication            - Starting JavaServerApplication using Java 21.0.5 with PID 25540 (D:\JavaProject\java-server\target\classes started by Xinbin in D:\JavaProject\java-server)
2026-03-21 23:02:49,769 [main] INFO  c.e.s.java.server.JavaServerApplication            - No active profile set, falling back to 1 default profile: "default"
2026-03-21 23:03:03,192 [http-nio-22223-exec-6] INFO  c.e.s.j.s.c.JwtAuthenticationFilter                - /api/base/getDataBaseUserName,2022030001,2026-03-21 23:03:03,0.1
2026-03-21 23:03:03,318 [http-nio-22223-exec-7] INFO  c.e.s.j.s.c.JwtAuthenticationFilter                - /api/base/getMenuList,2022030001,2026-03-21 23:03:03,0.12
2026-03-21 23:04:04,239 [http-nio-22223-exec-10] INFO  c.e.s.j.s.c.JwtAuthenticationFilter                - /api/base/getDataBaseUserName,2022030001,2026-03-21 23:04:04,0.13
2026-03-21 23:04:04,405 [http-nio-22223-exec-3] INFO  c.e.s.j.s.c.JwtAuthenticationFilter                - /api/base/getMenuList,2022030001,2026-03-21 23:04:04,0.16
2026-03-21 23:20:44,053 [http-nio-22223-exec-1] INFO  c.e.s.j.s.c.JwtAuthenticationFilter                - /api/base/getDataBaseUserName,2022030001,2026-03-21 23:20:43,0.136
2026-03-21 23:20:44,328 [http-nio-22223-exec-8] INFO  c.e.s.j.s.c.JwtAuthenticationFilter                - /api/base/getMenuList,2022030001,2026-03-21 23:20:44,0.256
2026-03-21 23:22:39,259 [http-nio-22223-exec-5] INFO  c.e.s.j.s.c.JwtAuthenticationFilter                - /api/base/getDataBaseUserName,2022030001,2026-03-21 23:22:39,0.253
2026-03-21 23:22:39,443 [http-nio-22223-exec-4] INFO  c.e.s.j.s.c.JwtAuthenticationFilter                - /api/base/getMenuList,2022030001,2026-03-21 23:22:39,0.167
2026-03-21 23:26:36,228 [http-nio-22223-exec-9] INFO  c.e.s.j.s.c.JwtAuthenticationFilter                - /api/base/getDataBaseUserName,admin,2026-03-21 23:26:36,0.186
2026-03-21 23:26:36,497 [http-nio-22223-exec-2] INFO  c.e.s.j.s.c.JwtAuthenticationFilter                - /api/base/getMenuList,admin,2026-03-21 23:26:36,0.254
2026-03-21 23:26:43,550 [http-nio-22223-exec-10] INFO  c.e.s.j.s.c.JwtAuthenticationFilter                - /api/base/getMenuTreeNodeList,admin,2026-03-21 23:26:43,0.241
2026-03-21 23:28:09,204 [http-nio-22223-exec-1] INFO  c.e.s.j.s.c.JwtAuthenticationFilter                - /api/base/getDataBaseUserName,admin,2026-03-21 23:28:09,0.172
2026-03-21 23:28:09,445 [http-nio-22223-exec-8] INFO  c.e.s.j.s.c.JwtAuthenticationFilter                - /api/base/getMenuList,admin,2026-03-21 23:28:09,0.235
2026-03-21 23:30:03,726 [http-nio-22223-exec-3] INFO  c.e.s.j.s.c.JwtAuthenticationFilter                - /api/base/getDataBaseUserName,admin,2026-03-21 23:30:03,0.133
2026-03-21 23:30:03,971 [http-nio-22223-exec-4] INFO  c.e.s.j.s.c.JwtAuthenticationFilter                - /api/base/getMenuList,admin,2026-03-21 23:30:03,0.24
