2026-06-05 00:02:17,019 [http-nio-22223-exec-10] INFO  c.e.s.j.s.c.JwtAuthenticationFilter                - /api/base/getDataBaseUserName,admin,2026-06-05 00:02:16,0.168
2026-06-05 00:02:17,680 [http-nio-22223-exec-3] INFO  c.e.s.j.s.c.JwtAuthenticationFilter                - /api/base/getMenuList,admin,2026-06-05 00:02:17,0.497
2026-06-05 00:02:22,160 [http-nio-22223-exec-4] INFO  c.e.s.j.s.c.JwtAuthenticationFilter                - /api/student/getStudentList,admin,2026-06-05 00:02:21,0.497
2026-06-05 00:02:22,663 [http-nio-22223-exec-5] INFO  c.e.s.j.s.c.JwtAuthenticationFilter                - /api/base/getDictionaryOptionItemList,admin,2026-06-05 00:02:22,0.359
2026-06-05 00:02:27,855 [http-nio-22223-exec-6] INFO  c.e.s.j.s.c.JwtAuthenticationFilter                - /api/student/getStudentInfo,admin,2026-06-05 00:02:27,0.233
2026-06-05 00:02:28,250 [http-nio-22223-exec-7] INFO  c.e.s.j.s.c.JwtAuthenticationFilter                - /api/base/getBlobByteData,admin,2026-06-05 00:02:28,0.241
2026-06-05 00:02:31,891 [http-nio-22223-exec-8] INFO  c.e.s.j.s.c.JwtAuthenticationFilter                - /api/student/studentDelete,admin,2026-06-05 00:02:31,0.434
2026-06-05 00:02:32,500 [http-nio-22223-exec-9] INFO  c.e.s.j.s.c.JwtAuthenticationFilter                - /api/student/getStudentList,admin,2026-06-05 00:02:32,0.426
2026-06-05 00:02:45,998 [http-nio-22223-exec-1] INFO  c.e.s.j.s.c.JwtAuthenticationFilter                - /api/base/getDataBaseUserName,2026,2026-06-05 00:02:45,0.28
2026-06-05 00:02:46,550 [http-nio-22223-exec-10] INFO  c.e.s.j.s.c.JwtAuthenticationFilter                - /api/base/getMenuList,2026,2026-06-05 00:02:46,0.37
2026-06-05 00:03:42,579 [http-nio-22223-exec-4] INFO  c.e.s.j.s.c.JwtAuthenticationFilter                - /api/score/getStudentItemOptionList,2026,2026-06-05 00:03:42,0.372
2026-06-05 00:03:42,903 [http-nio-22223-exec-5] INFO  c.e.s.j.s.c.JwtAuthenticationFilter                - /api/score/getCourseItemOptionList,2026,2026-06-05 00:03:42,0.234
2026-06-05 00:03:43,396 [http-nio-22223-exec-6] INFO  c.e.s.j.s.c.JwtAuthenticationFilter                - /api/score/getScoreList,2026,2026-06-05 00:03:43,0.393
2026-06-05 00:04:13,628 [http-nio-22223-exec-8] INFO  c.e.s.j.s.c.JwtAuthenticationFilter                - /api/score/getScoreList,2026,2026-06-05 00:04:13,0.351
2026-06-05 00:04:16,879 [http-nio-22223-exec-9] INFO  c.e.s.j.s.c.JwtAuthenticationFilter                - /api/score/getScoreList,2026,2026-06-05 00:04:16,0.312
2026-06-05 00:04:20,885 [http-nio-22223-exec-2] INFO  c.e.s.j.s.c.JwtAuthenticationFilter                - /api/score/getScoreList,2026,2026-06-05 00:04:20,0.292
2026-06-05 00:04:23,871 [http-nio-22223-exec-1] INFO  c.e.s.j.s.c.JwtAuthenticationFilter                - /api/score/getScoreList,2026,2026-06-05 00:04:23,0.533
2026-06-05 00:04:27,544 [http-nio-22223-exec-10] INFO  c.e.s.j.s.services.CourseTeachingService           - [getTeacherCourseList] 接收到请求，teacherId=16, keyword=null
2026-06-05 00:04:27,552 [http-nio-22223-exec-10] INFO  c.e.s.j.s.services.CourseTeachingService           - [getTeacherCourseList] course_teaching表查询到记录数: 0
2026-06-05 00:04:27,566 [http-nio-22223-exec-10] INFO  c.e.s.j.s.services.CourseTeachingService           - [getTeacherCourseList] course表查询到记录数: 4
2026-06-05 00:04:27,567 [http-nio-22223-exec-10] INFO  c.e.s.j.s.services.CourseTeachingService           - [getTeacherCourseList] 去重后课程总数: 4
2026-06-05 00:04:27,567 [http-nio-22223-exec-10] INFO  c.e.s.j.s.services.CourseTeachingService           - [getTeacherCourseList]   课程ID: 1, 课程名: Java语言
2026-06-05 00:04:27,568 [http-nio-22223-exec-10] INFO  c.e.s.j.s.services.CourseTeachingService           - [getTeacherCourseList]   课程ID: 4, 课程名: 操作系统
2026-06-05 00:04:27,568 [http-nio-22223-exec-10] INFO  c.e.s.j.s.services.CourseTeachingService           - [getTeacherCourseList]   课程ID: 10, 课程名: 线性代数
2026-06-05 00:04:27,568 [http-nio-22223-exec-10] INFO  c.e.s.j.s.services.CourseTeachingService           - [getTeacherCourseList]   课程ID: 11, 课程名: 计算机引论
2026-06-05 00:04:27,569 [http-nio-22223-exec-10] INFO  c.e.s.j.s.services.CourseTeachingService           - [getTeacherCourseList] 返回数据条数: 4
2026-06-05 00:04:27,668 [http-nio-22223-exec-10] INFO  c.e.s.j.s.c.JwtAuthenticationFilter                - /api/courseTeaching/getTeacherCourseList,2026,2026-06-05 00:04:27,0.177
2026-06-05 00:05:36,691 [http-nio-22223-exec-4] INFO  c.e.s.j.s.c.JwtAuthenticationFilter                - /api/score/getScoreList,2026,2026-06-05 00:05:36,0.253
2026-06-05 00:05:38,828 [http-nio-22223-exec-5] INFO  c.e.s.j.s.c.JwtAuthenticationFilter                - /api/score/getScoreList,2026,2026-06-05 00:05:38,0.271
2026-06-05 00:05:44,482 [http-nio-22223-exec-7] INFO  c.e.s.j.s.c.JwtAuthenticationFilter                - /api/base/getDataBaseUserName,admin,2026-06-05 00:05:44,0.197
2026-06-05 00:05:45,205 [http-nio-22223-exec-8] INFO  c.e.s.j.s.c.JwtAuthenticationFilter                - /api/base/getMenuList,admin,2026-06-05 00:05:44,0.607
2026-06-05 00:05:47,988 [http-nio-22223-exec-9] INFO  c.e.s.j.s.c.JwtAuthenticationFilter                - /api/base/getDictionaryOptionItemList,admin,2026-06-05 00:05:47,0.146
2026-06-05 00:05:48,491 [http-nio-22223-exec-2] INFO  c.e.s.j.s.c.JwtAuthenticationFilter                - /api/teacher/getTeacherList,admin,2026-06-05 00:05:48,0.368
2026-06-05 00:05:57,493 [http-nio-22223-exec-1] INFO  c.e.s.j.s.c.JwtAuthenticationFilter                - /api/base/getBlobByteData,admin,2026-06-05 00:05:57,0.176
2026-06-05 00:06:13,417 [http-nio-22223-exec-10] INFO  c.e.s.j.s.c.JwtAuthenticationFilter                - /api/course/getCourseList,admin,2026-06-05 00:06:12,0.442
2026-06-05 00:06:35,155 [http-nio-22223-exec-3] INFO  c.e.s.j.s.c.JwtAuthenticationFilter                - /api/base/getBlobByteData,admin,2026-06-05 00:06:34,0.196
2026-06-05 00:07:08,741 [http-nio-22223-exec-5] ERROR c.e.s.j.s.configs.GlobalExceptionHandler           - 认证失败：Bad credentials
2026-06-05 00:07:17,629 [http-nio-22223-exec-6] ERROR c.e.s.j.s.configs.GlobalExceptionHandler           - 认证失败：Bad credentials
2026-06-05 00:08:12,564 [http-nio-22223-exec-8] ERROR c.e.s.j.s.configs.GlobalExceptionHandler           - 认证失败：Bad credentials
2026-06-05 00:08:31,046 [http-nio-22223-exec-2] INFO  c.e.s.j.s.c.JwtAuthenticationFilter                - /api/base/getDataBaseUserName,admin,2026-06-05 00:08:30,0.174
2026-06-05 00:08:31,854 [http-nio-22223-exec-1] INFO  c.e.s.j.s.c.JwtAuthenticationFilter                - /api/base/getMenuList,admin,2026-06-05 00:08:31,0.553
2026-06-05 00:08:39,107 [http-nio-22223-exec-3] INFO  c.e.s.j.s.c.JwtAuthenticationFilter                - /api/base/getDataBaseUserName,2026,2026-06-05 00:08:38,0.153
2026-06-05 00:08:39,489 [http-nio-22223-exec-4] INFO  c.e.s.j.s.c.JwtAuthenticationFilter                - /api/base/getMenuList,2026,2026-06-05 00:08:39,0.248
2026-06-05 00:08:53,468 [http-nio-22223-exec-5] INFO  c.e.s.j.s.c.JwtAuthenticationFilter                - /api/score/getStudentItemOptionList,2026,2026-06-05 00:08:53,0.351
2026-06-05 00:08:53,785 [http-nio-22223-exec-6] INFO  c.e.s.j.s.c.JwtAuthenticationFilter                - /api/score/getCourseItemOptionList,2026,2026-06-05 00:08:53,0.207
2026-06-05 00:08:54,195 [http-nio-22223-exec-7] INFO  c.e.s.j.s.c.JwtAuthenticationFilter                - /api/score/getScoreList,2026,2026-06-05 00:08:53,0.289
2026-06-05 00:09:37,530 [http-nio-22223-exec-9] INFO  c.e.s.j.s.c.JwtAuthenticationFilter                - /api/score/getScoreList,2026,2026-06-05 00:09:37,0.314
2026-06-05 00:09:51,032 [http-nio-22223-exec-2] INFO  c.e.s.j.s.c.JwtAuthenticationFilter                - /api/score/getScoreList,2026,2026-06-05 00:09:50,0.346
2026-06-05 00:09:53,229 [http-nio-22223-exec-1] INFO  c.e.s.j.s.c.JwtAuthenticationFilter                - /api/score/getScoreList,2026,2026-06-05 00:09:52,0.262
2026-06-05 00:09:55,244 [http-nio-22223-exec-10] INFO  c.e.s.j.s.c.JwtAuthenticationFilter                - /api/score/getScoreList,2026,2026-06-05 00:09:54,0.274
2026-06-05 00:13:52,740 [SpringApplicationShutdownHook] INFO  o.s.b.w.embedded.tomcat.GracefulShutdown           - Commencing graceful shutdown. Waiting for active requests to complete
2026-06-05 00:13:52,745 [tomcat-shutdown] INFO  o.s.b.w.embedded.tomcat.GracefulShutdown           - Graceful shutdown complete
2026-06-05 00:13:52,761 [SpringApplicationShutdownHook] INFO  o.s.o.j.LocalContainerEntityManagerFactoryBean     - Closing JPA EntityManagerFactory for persistence unit 'default'
2026-06-05 00:13:52,764 [SpringApplicationShutdownHook] INFO  com.zaxxer.hikari.HikariDataSource                 - HikariPool-1 - Shutdown initiated...
2026-06-05 00:13:52,770 [SpringApplicationShutdownHook] INFO  com.zaxxer.hikari.HikariDataSource                 - HikariPool-1 - Shutdown completed.
2026-06-05 00:15:43,227 [background-preinit] INFO  o.h.validator.internal.util.Version                - HV000001: Hibernate Validator 8.0.2.Final
2026-06-05 00:15:43,328 [main] INFO  c.e.s.java.server.JavaServerApplication            - Starting JavaServerApplication using Java 21.0.10 with PID 33436 (D:\java\server\target\classes started by 星bookpro14-PC in D:\java\server)
2026-06-05 00:15:43,329 [main] INFO  c.e.s.java.server.JavaServerApplication            - No active profile set, falling back to 1 default profile: "default"
2026-06-05 00:15:44,647 [main] INFO  o.s.d.r.c.RepositoryConfigurationDelegate          - Multiple Spring Data modules found, entering strict repository configuration mode
2026-06-05 00:15:44,648 [main] INFO  o.s.d.r.c.RepositoryConfigurationDelegate          - Bootstrapping Spring Data JPA repositories in DEFAULT mode.
2026-06-05 00:15:44,883 [main] INFO  o.s.d.r.c.RepositoryConfigurationDelegate          - Finished Spring Data repository scanning in 224 ms. Found 32 JPA repository interfaces.
2026-06-05 00:15:44,919 [main] INFO  o.s.d.r.c.RepositoryConfigurationDelegate          - Multiple Spring Data modules found, entering strict repository configuration mode
2026-06-05 00:15:44,920 [main] INFO  o.s.d.r.c.RepositoryConfigurationDelegate          - Bootstrapping Spring Data Redis repositories in DEFAULT mode.
2026-06-05 00:15:44,947 [main] INFO  o.s.d.r.c.RepositoryConfigurationExtensionSupport  - Spring Data Redis - Could not safely identify store assignment for repository candidate interface cn.edu.sdu.java.server.repositorys.ApprovalRecordRepository; If you want this repository to be a Redis repository, consider annotating your entities with one of these annotations: org.springframework.data.redis.core.RedisHash (preferred), or consider extending one of the following types with your repository: org.springframework.data.keyvalue.repository.KeyValueRepository
2026-06-05 00:15:44,947 [main] INFO  o.s.d.r.c.RepositoryConfigurationExtensionSupport  - Spring Data Redis - Could not safely identify store assignment for repository candidate interface cn.edu.sdu.java.server.repositorys.AttendanceRepository; If you want this repository to be a Redis repository, consider annotating your entities with one of these annotations: org.springframework.data.redis.core.RedisHash (preferred), or consider extending one of the following types with your repository: org.springframework.data.keyvalue.repository.KeyValueRepository
2026-06-05 00:15:44,948 [main] INFO  o.s.d.r.c.RepositoryConfigurationExtensionSupport  - Spring Data Redis - Could not safely identify store assignment for repository candidate interface cn.edu.sdu.java.server.repositorys.CourseMaterialRepository; If you want this repository to be a Redis repository, consider annotating your entities with one of these annotations: org.springframework.data.redis.core.RedisHash (preferred), or consider extending one of the following types with your repository: org.springframework.data.keyvalue.repository.KeyValueRepository
2026-06-05 00:15:44,948 [main] INFO  o.s.d.r.c.RepositoryConfigurationExtensionSupport  - Spring Data Redis - Could not safely identify store assignment for repository candidate interface cn.edu.sdu.java.server.repositorys.CourseRepository; If you want this repository to be a Redis repository, consider annotating your entities with one of these annotations: org.springframework.data.redis.core.RedisHash (preferred), or consider extending one of the following types with your repository: org.springframework.data.keyvalue.repository.KeyValueRepository
2026-06-05 00:15:44,948 [main] INFO  o.s.d.r.c.RepositoryConfigurationExtensionSupport  - Spring Data Redis - Could not safely identify store assignment for repository candidate interface cn.edu.sdu.java.server.repositorys.CourseSelectionRepository; If you want this repository to be a Redis repository, consider annotating your entities with one of these annotations: org.springframework.data.redis.core.RedisHash (preferred), or consider extending one of the following types with your repository: org.springframework.data.keyvalue.repository.KeyValueRepository
2026-06-05 00:15:44,948 [main] INFO  o.s.d.r.c.RepositoryConfigurationExtensionSupport  - Spring Data Redis - Could not safely identify store assignment for repository candidate interface cn.edu.sdu.java.server.repositorys.CourseTeachingRepository; If you want this repository to be a Redis repository, consider annotating your entities with one of these annotations: org.springframework.data.redis.core.RedisHash (preferred), or consider extending one of the following types with your repository: org.springframework.data.keyvalue.repository.KeyValueRepository
2026-06-05 00:15:44,948 [main] INFO  o.s.d.r.c.RepositoryConfigurationExtensionSupport  - Spring Data Redis - Could not safely identify store assignment for repository candidate interface cn.edu.sdu.java.server.repositorys.DailyActivityRepository; If you want this repository to be a Redis repository, consider annotating your entities with one of these annotations: org.springframework.data.redis.core.RedisHash (preferred), or consider extending one of the following types with your repository: org.springframework.data.keyvalue.repository.KeyValueRepository
2026-06-05 00:15:44,948 [main] INFO  o.s.d.r.c.RepositoryConfigurationExtensionSupport  - Spring Data Redis - Could not safely identify store assignment for repository candidate interface cn.edu.sdu.java.server.repositorys.DevelopmentRepository; If you want this repository to be a Redis repository, consider annotating your entities with one of these annotations: org.springframework.data.redis.core.RedisHash (preferred), or consider extending one of the following types with your repository: org.springframework.data.keyvalue.repository.KeyValueRepository
2026-06-05 00:15:44,949 [main] INFO  o.s.d.r.c.RepositoryConfigurationExtensionSupport  - Spring Data Redis - Could not safely identify store assignment for repository candidate interface cn.edu.sdu.java.server.repositorys.DictionaryInfoRepository; If you want this repository to be a Redis repository, consider annotating your entities with one of these annotations: org.springframework.data.redis.core.RedisHash (preferred), or consider extending one of the following types with your repository: org.springframework.data.keyvalue.repository.KeyValueRepository
2026-06-05 00:15:44,949 [main] INFO  o.s.d.r.c.RepositoryConfigurationExtensionSupport  - Spring Data Redis - Could not safely identify store assignment for repository candidate interface cn.edu.sdu.java.server.repositorys.ExamScheduleRepository; If you want this repository to be a Redis repository, consider annotating your entities with one of these annotations: org.springframework.data.redis.core.RedisHash (preferred), or consider extending one of the following types with your repository: org.springframework.data.keyvalue.repository.KeyValueRepository
2026-06-05 00:15:44,949 [main] INFO  o.s.d.r.c.RepositoryConfigurationExtensionSupport  - Spring Data Redis - Could not safely identify store assignment for repository candidate interface cn.edu.sdu.java.server.repositorys.FamilyMemberRepository; If you want this repository to be a Redis repository, consider annotating your entities with one of these annotations: org.springframework.data.redis.core.RedisHash (preferred), or consider extending one of the following types with your repository: org.springframework.data.keyvalue.repository.KeyValueRepository
2026-06-05 00:15:44,949 [main] INFO  o.s.d.r.c.RepositoryConfigurationExtensionSupport  - Spring Data Redis - Could not safely identify store assignment for repository candidate interface cn.edu.sdu.java.server.repositorys.FeeRepository; If you want this repository to be a Redis repository, consider annotating your entities with one of these annotations: org.springframework.data.redis.core.RedisHash (preferred), or consider extending one of the following types with your repository: org.springframework.data.keyvalue.repository.KeyValueRepository
2026-06-05 00:15:44,950 [main] INFO  o.s.d.r.c.RepositoryConfigurationExtensionSupport  - Spring Data Redis - Could not safely identify store assignment for repository candidate interface cn.edu.sdu.java.server.repositorys.HomeworkRepository; If you want this repository to be a Redis repository, consider annotating your entities with one of these annotations: org.springframework.data.redis.core.RedisHash (preferred), or consider extending one of the following types with your repository: org.springframework.data.keyvalue.repository.KeyValueRepository
2026-06-05 00:15:44,950 [main] INFO  o.s.d.r.c.RepositoryConfigurationExtensionSupport  - Spring Data Redis - Could not safely identify store assignment for repository candidate interface cn.edu.sdu.java.server.repositorys.HomeworkSubmissionRepository; If you want this repository to be a Redis repository, consider annotating your entities with one of these annotations: org.springframework.data.redis.core.RedisHash (preferred), or consider extending one of the following types with your repository: org.springframework.data.keyvalue.repository.KeyValueRepository
2026-06-05 00:15:44,950 [main] INFO  o.s.d.r.c.RepositoryConfigurationExtensionSupport  - Spring Data Redis - Could not safely identify store assignment for repository candidate interface cn.edu.sdu.java.server.repositorys.HonorRepository; If you want this repository to be a Redis repository, consider annotating your entities with one of these annotations: org.springframework.data.redis.core.RedisHash (preferred), or consider extending one of the following types with your repository: org.springframework.data.keyvalue.repository.KeyValueRepository
2026-06-05 00:15:44,950 [main] INFO  o.s.d.r.c.RepositoryConfigurationExtensionSupport  - Spring Data Redis - Could not safely identify store assignment for repository candidate interface cn.edu.sdu.java.server.repositorys.InnovationProjectRepository; If you want this repository to be a Redis repository, consider annotating your entities with one of these annotations: org.springframework.data.redis.core.RedisHash (preferred), or consider extending one of the following types with your repository: org.springframework.data.keyvalue.repository.KeyValueRepository
2026-06-05 00:15:44,950 [main] INFO  o.s.d.r.c.RepositoryConfigurationExtensionSupport  - Spring Data Redis - Could not safely identify store assignment for repository candidate interface cn.edu.sdu.java.server.repositorys.MenuInfoRepository; If you want this repository to be a Redis repository, consider annotating your entities with one of these annotations: org.springframework.data.redis.core.RedisHash (preferred), or consider extending one of the following types with your repository: org.springframework.data.keyvalue.repository.KeyValueRepository
2026-06-05 00:15:44,950 [main] INFO  o.s.d.r.c.RepositoryConfigurationExtensionSupport  - Spring Data Redis - Could not safely identify store assignment for repository candidate interface cn.edu.sdu.java.server.repositorys.ModifyLogRepository; If you want this repository to be a Redis repository, consider annotating your entities with one of these annotations: org.springframework.data.redis.core.RedisHash (preferred), or consider extending one of the following types with your repository: org.springframework.data.keyvalue.repository.KeyValueRepository
2026-06-05 00:15:44,951 [main] INFO  o.s.d.r.c.RepositoryConfigurationExtensionSupport  - Spring Data Redis - Could not safely identify store assignment for repository candidate interface cn.edu.sdu.java.server.repositorys.PersonRepository; If you want this repository to be a Redis repository, consider annotating your entities with one of these annotations: org.springframework.data.redis.core.RedisHash (preferred), or consider extending one of the following types with your repository: org.springframework.data.keyvalue.repository.KeyValueRepository
2026-06-05 00:15:44,952 [main] INFO  o.s.d.r.c.RepositoryConfigurationExtensionSupport  - Spring Data Redis - Could not safely identify store assignment for repository candidate interface cn.edu.sdu.java.server.repositorys.PunishmentRepository; If you want this repository to be a Redis repository, consider annotating your entities with one of these annotations: org.springframework.data.redis.core.RedisHash (preferred), or consider extending one of the following types with your repository: org.springframework.data.keyvalue.repository.KeyValueRepository
2026-06-05 00:15:44,952 [main] INFO  o.s.d.r.c.RepositoryConfigurationExtensionSupport  - Spring Data Redis - Could not safely identify store assignment for repository candidate interface cn.edu.sdu.java.server.repositorys.RequestLogRepository; If you want this repository to be a Redis repository, consider annotating your entities with one of these annotations: org.springframework.data.redis.core.RedisHash (preferred), or consider extending one of the following types with your repository: org.springframework.data.keyvalue.repository.KeyValueRepository
2026-06-05 00:15:44,952 [main] INFO  o.s.d.r.c.RepositoryConfigurationExtensionSupport  - Spring Data Redis - Could not safely identify store assignment for repository candidate interface cn.edu.sdu.java.server.repositorys.ScoreRepository; If you want this repository to be a Redis repository, consider annotating your entities with one of these annotations: org.springframework.data.redis.core.RedisHash (preferred), or consider extending one of the following types with your repository: org.springframework.data.keyvalue.repository.KeyValueRepository
2026-06-05 00:15:44,952 [main] INFO  o.s.d.r.c.RepositoryConfigurationExtensionSupport  - Spring Data Redis - Could not safely identify store assignment for repository candidate interface cn.edu.sdu.java.server.repositorys.SocialRelationRepository; If you want this repository to be a Redis repository, consider annotating your entities with one of these annotations: org.springframework.data.redis.core.RedisHash (preferred), or consider extending one of the following types with your repository: org.springframework.data.keyvalue.repository.KeyValueRepository
2026-06-05 00:15:44,952 [main] INFO  o.s.d.r.c.RepositoryConfigurationExtensionSupport  - Spring Data Redis - Could not safely identify store assignment for repository candidate interface cn.edu.sdu.java.server.repositorys.StatisticsDayRepository; If you want this repository to be a Redis repository, consider annotating your entities with one of these annotations: org.springframework.data.redis.core.RedisHash (preferred), or consider extending one of the following types with your repository: org.springframework.data.keyvalue.repository.KeyValueRepository
2026-06-05 00:15:44,952 [main] INFO  o.s.d.r.c.RepositoryConfigurationExtensionSupport  - Spring Data Redis - Could not safely identify store assignment for repository candidate interface cn.edu.sdu.java.server.repositorys.StudentExamScheduleRepository; If you want this repository to be a Redis repository, consider annotating your entities with one of these annotations: org.springframework.data.redis.core.RedisHash (preferred), or consider extending one of the following types with your repository: org.springframework.data.keyvalue.repository.KeyValueRepository
2026-06-05 00:15:44,952 [main] INFO  o.s.d.r.c.RepositoryConfigurationExtensionSupport  - Spring Data Redis - Could not safely identify store assignment for repository candidate interface cn.edu.sdu.java.server.repositorys.StudentLeaveRepository; If you want this repository to be a Redis repository, consider annotating your entities with one of these annotations: org.springframework.data.redis.core.RedisHash (preferred), or consider extending one of the following types with your repository: org.springframework.data.keyvalue.repository.KeyValueRepository
2026-06-05 00:15:44,953 [main] INFO  o.s.d.r.c.RepositoryConfigurationExtensionSupport  - Spring Data Redis - Could not safely identify store assignment for repository candidate interface cn.edu.sdu.java.server.repositorys.StudentRepository; If you want this repository to be a Redis repository, consider annotating your entities with one of these annotations: org.springframework.data.redis.core.RedisHash (preferred), or consider extending one of the following types with your repository: org.springframework.data.keyvalue.repository.KeyValueRepository
2026-06-05 00:15:44,953 [main] INFO  o.s.d.r.c.RepositoryConfigurationExtensionSupport  - Spring Data Redis - Could not safely identify store assignment for repository candidate interface cn.edu.sdu.java.server.repositorys.StudentStatisticsRepository; If you want this repository to be a Redis repository, consider annotating your entities with one of these annotations: org.springframework.data.redis.core.RedisHash (preferred), or consider extending one of the following types with your repository: org.springframework.data.keyvalue.repository.KeyValueRepository
2026-06-05 00:15:44,953 [main] INFO  o.s.d.r.c.RepositoryConfigurationExtensionSupport  - Spring Data Redis - Could not safely identify store assignment for repository candidate interface cn.edu.sdu.java.server.repositorys.SystemInfoRepository; If you want this repository to be a Redis repository, consider annotating your entities with one of these annotations: org.springframework.data.redis.core.RedisHash (preferred), or consider extending one of the following types with your repository: org.springframework.data.keyvalue.repository.KeyValueRepository
2026-06-05 00:15:44,953 [main] INFO  o.s.d.r.c.RepositoryConfigurationExtensionSupport  - Spring Data Redis - Could not safely identify store assignment for repository candidate interface cn.edu.sdu.java.server.repositorys.TeacherRepository; If you want this repository to be a Redis repository, consider annotating your entities with one of these annotations: org.springframework.data.redis.core.RedisHash (preferred), or consider extending one of the following types with your repository: org.springframework.data.keyvalue.repository.KeyValueRepository
2026-06-05 00:15:44,953 [main] INFO  o.s.d.r.c.RepositoryConfigurationExtensionSupport  - Spring Data Redis - Could not safely identify store assignment for repository candidate interface cn.edu.sdu.java.server.repositorys.UserRepository; If you want this repository to be a Redis repository, consider annotating your entities with one of these annotations: org.springframework.data.redis.core.RedisHash (preferred), or consider extending one of the following types with your repository: org.springframework.data.keyvalue.repository.KeyValueRepository
2026-06-05 00:15:44,954 [main] INFO  o.s.d.r.c.RepositoryConfigurationExtensionSupport  - Spring Data Redis - Could not safely identify store assignment for repository candidate interface cn.edu.sdu.java.server.repositorys.UserTypeRepository; If you want this repository to be a Redis repository, consider annotating your entities with one of these annotations: org.springframework.data.redis.core.RedisHash (preferred), or consider extending one of the following types with your repository: org.springframework.data.keyvalue.repository.KeyValueRepository
2026-06-05 00:15:44,954 [main] INFO  o.s.d.r.c.RepositoryConfigurationDelegate          - Finished Spring Data repository scanning in 15 ms. Found 0 Redis repository interfaces.
2026-06-05 00:15:46,566 [main] INFO  o.s.b.w.embedded.tomcat.TomcatWebServer            - Tomcat initialized with port 22223 (http)
2026-06-05 00:15:46,597 [main] INFO  o.apache.coyote.http11.Http11NioProtocol           - Initializing ProtocolHandler ["http-nio-22223"]
2026-06-05 00:15:46,601 [main] INFO  o.apache.catalina.core.StandardService             - Starting service [Tomcat]
2026-06-05 00:15:46,602 [main] INFO  org.apache.catalina.core.StandardEngine            - Starting Servlet engine: [Apache Tomcat/10.1.34]
2026-06-05 00:15:46,739 [main] INFO  o.a.c.c.C.[Tomcat].[localhost].[/]                 - Initializing Spring embedded WebApplicationContext
2026-06-05 00:15:46,739 [main] INFO  o.s.b.w.s.c.ServletWebServerApplicationContext     - Root WebApplicationContext: initialization completed in 3346 ms
2026-06-05 00:15:47,278 [main] INFO  o.hibernate.jpa.internal.util.LogHelper            - HHH000204: Processing PersistenceUnitInfo [name: default]
2026-06-05 00:15:47,417 [main] INFO  org.hibernate.Version                              - HHH000412: Hibernate ORM core version 6.6.5.Final
2026-06-05 00:15:47,470 [main] INFO  o.h.c.internal.RegionFactoryInitiator              - HHH000026: Second-level cache disabled
2026-06-05 00:15:47,870 [main] INFO  o.s.o.j.p.SpringPersistenceUnitInfo                - No LoadTimeWeaver setup: ignoring JPA class transformer
2026-06-05 00:15:47,903 [main] INFO  com.zaxxer.hikari.HikariDataSource                 - HikariPool-1 - Starting...
2026-06-05 00:15:52,741 [main] INFO  com.zaxxer.hikari.pool.HikariPool                  - HikariPool-1 - Added connection com.mysql.cj.jdbc.ConnectionImpl@5ddf5118
2026-06-05 00:15:52,742 [main] INFO  com.zaxxer.hikari.HikariDataSource                 - HikariPool-1 - Start completed.
2026-06-05 00:15:52,802 [main] INFO  org.hibernate.orm.connections.pooling              - HHH10001005: Database info:
	Database JDBC URL [Connecting through datasource 'HikariDataSource (HikariPool-1)']
	Database driver: undefined/unknown
	Database version: 8.0.35
	Autocommit mode: undefined/unknown
	Isolation level: undefined/unknown
	Minimum pool size: undefined/unknown
	Maximum pool size: undefined/unknown
2026-06-05 00:15:54,005 [main] INFO  o.h.e.t.j.p.i.JtaPlatformInitiator                 - HHH000489: No JTA platform available (set 'hibernate.transaction.jta.platform' to enable JTA platform integration)
2026-06-05 00:15:54,008 [main] INFO  o.s.o.j.LocalContainerEntityManagerFactoryBean     - Initialized JPA EntityManagerFactory for persistence unit 'default'
2026-06-05 00:15:54,857 [main] INFO  o.s.d.j.r.query.QueryEnhancerFactory               - Hibernate is in classpath; If applicable, HQL parser will be used.
2026-06-05 00:15:56,055 [main] WARN  o.s.b.a.o.j.JpaBaseConfiguration$JpaWebConfiguration - spring.jpa.open-in-view is enabled by default. Therefore, database queries may be performed during view rendering. Explicitly configure spring.jpa.open-in-view to disable this warning
2026-06-05 00:15:57,327 [main] INFO  o.s.s.c.a.a.c.InitializeAuthenticationProviderBeanManagerConfigurer$InitializeAuthenticationProviderManagerConfigurer - Global AuthenticationManager configured with AuthenticationProvider bean with name authenticationProvider
2026-06-05 00:15:57,327 [main] WARN  o.s.s.c.a.a.c.InitializeUserDetailsBeanManagerConfigurer$InitializeUserDetailsManagerConfigurer - Global AuthenticationManager configured with an AuthenticationProvider bean. UserDetailsService beans will not be used by Spring Security for automatically configuring username/password login. Consider removing the AuthenticationProvider bean. Alternatively, consider using the UserDetailsService in a manually instantiated DaoAuthenticationProvider. If the current configuration is intentional, to turn off this warning, increase the logging level of 'org.springframework.security.config.annotation.authentication.configuration.InitializeUserDetailsBeanManagerConfigurer' to ERROR
2026-06-05 00:15:58,609 [main] INFO  o.s.b.a.w.s.WelcomePageHandlerMapping              - Adding welcome page: class path resource [public/index.html]
2026-06-05 00:16:00,337 [main] INFO  o.apache.coyote.http11.Http11NioProtocol           - Starting ProtocolHandler ["http-nio-22223"]
2026-06-05 00:16:00,385 [main] INFO  o.s.b.w.embedded.tomcat.TomcatWebServer            - Tomcat started on port 22223 (http) with context path '/'
2026-06-05 00:16:00,403 [main] INFO  c.e.s.java.server.JavaServerApplication            - Started JavaServerApplication in 17.7 seconds (process running for 18.038)
2026-06-05 00:16:00,410 [main] INFO  c.e.s.j.server.SystemApplicationListener           - org.springframework.boot.context.event.ApplicationReadyEvent[source=org.springframework.boot.SpringApplication@5e96ad97]
2026-06-05 00:16:00,410 [main] INFO  c.e.s.j.server.SystemApplicationListener           - SystemInitStart
2026-06-05 00:16:00,630 [main] INFO  c.e.s.java.server.services.SystemService           - System config loaded, 0 items
2026-06-05 00:16:00,630 [main] INFO  c.e.s.j.server.SystemApplicationListener           - systemInitEnd
2026-06-05 00:16:05,357 [http-nio-22223-exec-1] INFO  o.a.c.c.C.[Tomcat].[localhost].[/]                 - Initializing Spring DispatcherServlet 'dispatcherServlet'
2026-06-05 00:16:05,357 [http-nio-22223-exec-1] INFO  o.s.web.servlet.DispatcherServlet                  - Initializing Servlet 'dispatcherServlet'
2026-06-05 00:16:05,358 [http-nio-22223-exec-1] INFO  o.s.web.servlet.DispatcherServlet                  - Completed initialization in 1 ms
2026-06-05 00:16:06,333 [http-nio-22223-exec-2] INFO  c.e.s.j.s.c.JwtAuthenticationFilter                - /api/base/getDataBaseUserName,admin,2026-06-05 00:16:06,0.307
2026-06-05 00:16:07,058 [http-nio-22223-exec-3] INFO  c.e.s.j.s.c.JwtAuthenticationFilter                - /api/base/getMenuList,admin,2026-06-05 00:16:06,0.583
2026-06-05 00:16:12,046 [http-nio-22223-exec-4] INFO  c.e.s.j.s.c.JwtAuthenticationFilter                - /api/student/getStudentList,admin,2026-06-05 00:16:11,0.313
2026-06-05 00:16:12,385 [http-nio-22223-exec-5] INFO  c.e.s.j.s.c.JwtAuthenticationFilter                - /api/base/getDictionaryOptionItemList,admin,2026-06-05 00:16:12,0.193
2026-06-05 00:16:15,616 [http-nio-22223-exec-6] INFO  c.e.s.j.s.c.JwtAuthenticationFilter                - /api/student/getStudentInfo,admin,2026-06-05 00:16:15,0.215
2026-06-05 00:16:15,957 [http-nio-22223-exec-7] INFO  c.e.s.j.s.c.JwtAuthenticationFilter                - /api/base/getBlobByteData,admin,2026-06-05 00:16:15,0.209
2026-06-05 00:31:46,023 [SpringApplicationShutdownHook] INFO  o.s.b.w.embedded.tomcat.GracefulShutdown           - Commencing graceful shutdown. Waiting for active requests to complete
2026-06-05 00:31:46,031 [tomcat-shutdown] INFO  o.s.b.w.embedded.tomcat.GracefulShutdown           - Graceful shutdown complete
2026-06-05 00:31:46,050 [SpringApplicationShutdownHook] INFO  o.s.o.j.LocalContainerEntityManagerFactoryBean     - Closing JPA EntityManagerFactory for persistence unit 'default'
2026-06-05 00:31:46,051 [SpringApplicationShutdownHook] INFO  com.zaxxer.hikari.HikariDataSource                 - HikariPool-1 - Shutdown initiated...
2026-06-05 00:31:46,053 [SpringApplicationShutdownHook] INFO  com.zaxxer.hikari.HikariDataSource                 - HikariPool-1 - Shutdown completed.
2026-06-05 00:31:49,802 [background-preinit] INFO  o.h.validator.internal.util.Version                - HV000001: Hibernate Validator 8.0.2.Final
2026-06-05 00:31:49,860 [main] INFO  c.e.s.java.server.JavaServerApplication            - Starting JavaServerApplication using Java 21.0.10 with PID 22888 (D:\java\server\target\classes started by 星bookpro14-PC in D:\java\server)
2026-06-05 00:31:49,862 [main] INFO  c.e.s.java.server.JavaServerApplication            - No active profile set, falling back to 1 default profile: "default"
2026-06-05 00:31:50,993 [main] INFO  o.s.d.r.c.RepositoryConfigurationDelegate          - Multiple Spring Data modules found, entering strict repository configuration mode
2026-06-05 00:31:50,994 [main] INFO  o.s.d.r.c.RepositoryConfigurationDelegate          - Bootstrapping Spring Data JPA repositories in DEFAULT mode.
2026-06-05 00:31:51,167 [main] INFO  o.s.d.r.c.RepositoryConfigurationDelegate          - Finished Spring Data repository scanning in 162 ms. Found 32 JPA repository interfaces.
2026-06-05 00:31:51,201 [main] INFO  o.s.d.r.c.RepositoryConfigurationDelegate          - Multiple Spring Data modules found, entering strict repository configuration mode
2026-06-05 00:31:51,204 [main] INFO  o.s.d.r.c.RepositoryConfigurationDelegate          - Bootstrapping Spring Data Redis repositories in DEFAULT mode.
2026-06-05 00:31:51,233 [main] INFO  o.s.d.r.c.RepositoryConfigurationExtensionSupport  - Spring Data Redis - Could not safely identify store assignment for repository candidate interface cn.edu.sdu.java.server.repositorys.ApprovalRecordRepository; If you want this repository to be a Redis repository, consider annotating your entities with one of these annotations: org.springframework.data.redis.core.RedisHash (preferred), or consider extending one of the following types with your repository: org.springframework.data.keyvalue.repository.KeyValueRepository
2026-06-05 00:31:51,234 [main] INFO  o.s.d.r.c.RepositoryConfigurationExtensionSupport  - Spring Data Redis - Could not safely identify store assignment for repository candidate interface cn.edu.sdu.java.server.repositorys.AttendanceRepository; If you want this repository to be a Redis repository, consider annotating your entities with one of these annotations: org.springframework.data.redis.core.RedisHash (preferred), or consider extending one of the following types with your repository: org.springframework.data.keyvalue.repository.KeyValueRepository
2026-06-05 00:31:51,234 [main] INFO  o.s.d.r.c.RepositoryConfigurationExtensionSupport  - Spring Data Redis - Could not safely identify store assignment for repository candidate interface cn.edu.sdu.java.server.repositorys.CourseMaterialRepository; If you want this repository to be a Redis repository, consider annotating your entities with one of these annotations: org.springframework.data.redis.core.RedisHash (preferred), or consider extending one of the following types with your repository: org.springframework.data.keyvalue.repository.KeyValueRepository
2026-06-05 00:31:51,234 [main] INFO  o.s.d.r.c.RepositoryConfigurationExtensionSupport  - Spring Data Redis - Could not safely identify store assignment for repository candidate interface cn.edu.sdu.java.server.repositorys.CourseRepository; If you want this repository to be a Redis repository, consider annotating your entities with one of these annotations: org.springframework.data.redis.core.RedisHash (preferred), or consider extending one of the following types with your repository: org.springframework.data.keyvalue.repository.KeyValueRepository
2026-06-05 00:31:51,235 [main] INFO  o.s.d.r.c.RepositoryConfigurationExtensionSupport  - Spring Data Redis - Could not safely identify store assignment for repository candidate interface cn.edu.sdu.java.server.repositorys.CourseSelectionRepository; If you want this repository to be a Redis repository, consider annotating your entities with one of these annotations: org.springframework.data.redis.core.RedisHash (preferred), or consider extending one of the following types with your repository: org.springframework.data.keyvalue.repository.KeyValueRepository
2026-06-05 00:31:51,235 [main] INFO  o.s.d.r.c.RepositoryConfigurationExtensionSupport  - Spring Data Redis - Could not safely identify store assignment for repository candidate interface cn.edu.sdu.java.server.repositorys.CourseTeachingRepository; If you want this repository to be a Redis repository, consider annotating your entities with one of these annotations: org.springframework.data.redis.core.RedisHash (preferred), or consider extending one of the following types with your repository: org.springframework.data.keyvalue.repository.KeyValueRepository
2026-06-05 00:31:51,235 [main] INFO  o.s.d.r.c.RepositoryConfigurationExtensionSupport  - Spring Data Redis - Could not safely identify store assignment for repository candidate interface cn.edu.sdu.java.server.repositorys.DailyActivityRepository; If you want this repository to be a Redis repository, consider annotating your entities with one of these annotations: org.springframework.data.redis.core.RedisHash (preferred), or consider extending one of the following types with your repository: org.springframework.data.keyvalue.repository.KeyValueRepository
2026-06-05 00:31:51,235 [main] INFO  o.s.d.r.c.RepositoryConfigurationExtensionSupport  - Spring Data Redis - Could not safely identify store assignment for repository candidate interface cn.edu.sdu.java.server.repositorys.DevelopmentRepository; If you want this repository to be a Redis repository, consider annotating your entities with one of these annotations: org.springframework.data.redis.core.RedisHash (preferred), or consider extending one of the following types with your repository: org.springframework.data.keyvalue.repository.KeyValueRepository
2026-06-05 00:31:51,235 [main] INFO  o.s.d.r.c.RepositoryConfigurationExtensionSupport  - Spring Data Redis - Could not safely identify store assignment for repository candidate interface cn.edu.sdu.java.server.repositorys.DictionaryInfoRepository; If you want this repository to be a Redis repository, consider annotating your entities with one of these annotations: org.springframework.data.redis.core.RedisHash (preferred), or consider extending one of the following types with your repository: org.springframework.data.keyvalue.repository.KeyValueRepository
2026-06-05 00:31:51,235 [main] INFO  o.s.d.r.c.RepositoryConfigurationExtensionSupport  - Spring Data Redis - Could not safely identify store assignment for repository candidate interface cn.edu.sdu.java.server.repositorys.ExamScheduleRepository; If you want this repository to be a Redis repository, consider annotating your entities with one of these annotations: org.springframework.data.redis.core.RedisHash (preferred), or consider extending one of the following types with your repository: org.springframework.data.keyvalue.repository.KeyValueRepository
2026-06-05 00:31:51,235 [main] INFO  o.s.d.r.c.RepositoryConfigurationExtensionSupport  - Spring Data Redis - Could not safely identify store assignment for repository candidate interface cn.edu.sdu.java.server.repositorys.FamilyMemberRepository; If you want this repository to be a Redis repository, consider annotating your entities with one of these annotations: org.springframework.data.redis.core.RedisHash (preferred), or consider extending one of the following types with your repository: org.springframework.data.keyvalue.repository.KeyValueRepository
2026-06-05 00:31:51,235 [main] INFO  o.s.d.r.c.RepositoryConfigurationExtensionSupport  - Spring Data Redis - Could not safely identify store assignment for repository candidate interface cn.edu.sdu.java.server.repositorys.FeeRepository; If you want this repository to be a Redis repository, consider annotating your entities with one of these annotations: org.springframework.data.redis.core.RedisHash (preferred), or consider extending one of the following types with your repository: org.springframework.data.keyvalue.repository.KeyValueRepository
2026-06-05 00:31:51,235 [main] INFO  o.s.d.r.c.RepositoryConfigurationExtensionSupport  - Spring Data Redis - Could not safely identify store assignment for repository candidate interface cn.edu.sdu.java.server.repositorys.HomeworkRepository; If you want this repository to be a Redis repository, consider annotating your entities with one of these annotations: org.springframework.data.redis.core.RedisHash (preferred), or consider extending one of the following types with your repository: org.springframework.data.keyvalue.repository.KeyValueRepository
2026-06-05 00:31:51,236 [main] INFO  o.s.d.r.c.RepositoryConfigurationExtensionSupport  - Spring Data Redis - Could not safely identify store assignment for repository candidate interface cn.edu.sdu.java.server.repositorys.HomeworkSubmissionRepository; If you want this repository to be a Redis repository, consider annotating your entities with one of these annotations: org.springframework.data.redis.core.RedisHash (preferred), or consider extending one of the following types with your repository: org.springframework.data.keyvalue.repository.KeyValueRepository
2026-06-05 00:31:51,236 [main] INFO  o.s.d.r.c.RepositoryConfigurationExtensionSupport  - Spring Data Redis - Could not safely identify store assignment for repository candidate interface cn.edu.sdu.java.server.repositorys.HonorRepository; If you want this repository to be a Redis repository, consider annotating your entities with one of these annotations: org.springframework.data.redis.core.RedisHash (preferred), or consider extending one of the following types with your repository: org.springframework.data.keyvalue.repository.KeyValueRepository
2026-06-05 00:31:51,236 [main] INFO  o.s.d.r.c.RepositoryConfigurationExtensionSupport  - Spring Data Redis - Could not safely identify store assignment for repository candidate interface cn.edu.sdu.java.server.repositorys.InnovationProjectRepository; If you want this repository to be a Redis repository, consider annotating your entities with one of these annotations: org.springframework.data.redis.core.RedisHash (preferred), or consider extending one of the following types with your repository: org.springframework.data.keyvalue.repository.KeyValueRepository
2026-06-05 00:31:51,236 [main] INFO  o.s.d.r.c.RepositoryConfigurationExtensionSupport  - Spring Data Redis - Could not safely identify store assignment for repository candidate interface cn.edu.sdu.java.server.repositorys.MenuInfoRepository; If you want this repository to be a Redis repository, consider annotating your entities with one of these annotations: org.springframework.data.redis.core.RedisHash (preferred), or consider extending one of the following types with your repository: org.springframework.data.keyvalue.repository.KeyValueRepository
2026-06-05 00:31:51,236 [main] INFO  o.s.d.r.c.RepositoryConfigurationExtensionSupport  - Spring Data Redis - Could not safely identify store assignment for repository candidate interface cn.edu.sdu.java.server.repositorys.ModifyLogRepository; If you want this repository to be a Redis repository, consider annotating your entities with one of these annotations: org.springframework.data.redis.core.RedisHash (preferred), or consider extending one of the following types with your repository: org.springframework.data.keyvalue.repository.KeyValueRepository
2026-06-05 00:31:51,238 [main] INFO  o.s.d.r.c.RepositoryConfigurationExtensionSupport  - Spring Data Redis - Could not safely identify store assignment for repository candidate interface cn.edu.sdu.java.server.repositorys.PersonRepository; If you want this repository to be a Redis repository, consider annotating your entities with one of these annotations: org.springframework.data.redis.core.RedisHash (preferred), or consider extending one of the following types with your repository: org.springframework.data.keyvalue.repository.KeyValueRepository
2026-06-05 00:31:51,239 [main] INFO  o.s.d.r.c.RepositoryConfigurationExtensionSupport  - Spring Data Redis - Could not safely identify store assignment for repository candidate interface cn.edu.sdu.java.server.repositorys.PunishmentRepository; If you want this repository to be a Redis repository, consider annotating your entities with one of these annotations: org.springframework.data.redis.core.RedisHash (preferred), or consider extending one of the following types with your repository: org.springframework.data.keyvalue.repository.KeyValueRepository
2026-06-05 00:31:51,239 [main] INFO  o.s.d.r.c.RepositoryConfigurationExtensionSupport  - Spring Data Redis - Could not safely identify store assignment for repository candidate interface cn.edu.sdu.java.server.repositorys.RequestLogRepository; If you want this repository to be a Redis repository, consider annotating your entities with one of these annotations: org.springframework.data.redis.core.RedisHash (preferred), or consider extending one of the following types with your repository: org.springframework.data.keyvalue.repository.KeyValueRepository
2026-06-05 00:31:51,240 [main] INFO  o.s.d.r.c.RepositoryConfigurationExtensionSupport  - Spring Data Redis - Could not safely identify store assignment for repository candidate interface cn.edu.sdu.java.server.repositorys.ScoreRepository; If you want this repository to be a Redis repository, consider annotating your entities with one of these annotations: org.springframework.data.redis.core.RedisHash (preferred), or consider extending one of the following types with your repository: org.springframework.data.keyvalue.repository.KeyValueRepository
2026-06-05 00:31:51,240 [main] INFO  o.s.d.r.c.RepositoryConfigurationExtensionSupport  - Spring Data Redis - Could not safely identify store assignment for repository candidate interface cn.edu.sdu.java.server.repositorys.SocialRelationRepository; If you want this repository to be a Redis repository, consider annotating your entities with one of these annotations: org.springframework.data.redis.core.RedisHash (preferred), or consider extending one of the following types with your repository: org.springframework.data.keyvalue.repository.KeyValueRepository
2026-06-05 00:31:51,240 [main] INFO  o.s.d.r.c.RepositoryConfigurationExtensionSupport  - Spring Data Redis - Could not safely identify store assignment for repository candidate interface cn.edu.sdu.java.server.repositorys.StatisticsDayRepository; If you want this repository to be a Redis repository, consider annotating your entities with one of these annotations: org.springframework.data.redis.core.RedisHash (preferred), or consider extending one of the following types with your repository: org.springframework.data.keyvalue.repository.KeyValueRepository
2026-06-05 00:31:51,241 [main] INFO  o.s.d.r.c.RepositoryConfigurationExtensionSupport  - Spring Data Redis - Could not safely identify store assignment for repository candidate interface cn.edu.sdu.java.server.repositorys.StudentExamScheduleRepository; If you want this repository to be a Redis repository, consider annotating your entities with one of these annotations: org.springframework.data.redis.core.RedisHash (preferred), or consider extending one of the following types with your repository: org.springframework.data.keyvalue.repository.KeyValueRepository
2026-06-05 00:31:51,241 [main] INFO  o.s.d.r.c.RepositoryConfigurationExtensionSupport  - Spring Data Redis - Could not safely identify store assignment for repository candidate interface cn.edu.sdu.java.server.repositorys.StudentLeaveRepository; If you want this repository to be a Redis repository, consider annotating your entities with one of these annotations: org.springframework.data.redis.core.RedisHash (preferred), or consider extending one of the following types with your repository: org.springframework.data.keyvalue.repository.KeyValueRepository
2026-06-05 00:31:51,241 [main] INFO  o.s.d.r.c.RepositoryConfigurationExtensionSupport  - Spring Data Redis - Could not safely identify store assignment for repository candidate interface cn.edu.sdu.java.server.repositorys.StudentRepository; If you want this repository to be a Redis repository, consider annotating your entities with one of these annotations: org.springframework.data.redis.core.RedisHash (preferred), or consider extending one of the following types with your repository: org.springframework.data.keyvalue.repository.KeyValueRepository
2026-06-05 00:31:51,241 [main] INFO  o.s.d.r.c.RepositoryConfigurationExtensionSupport  - Spring Data Redis - Could not safely identify store assignment for repository candidate interface cn.edu.sdu.java.server.repositorys.StudentStatisticsRepository; If you want this repository to be a Redis repository, consider annotating your entities with one of these annotations: org.springframework.data.redis.core.RedisHash (preferred), or consider extending one of the following types with your repository: org.springframework.data.keyvalue.repository.KeyValueRepository
2026-06-05 00:31:51,241 [main] INFO  o.s.d.r.c.RepositoryConfigurationExtensionSupport  - Spring Data Redis - Could not safely identify store assignment for repository candidate interface cn.edu.sdu.java.server.repositorys.SystemInfoRepository; If you want this repository to be a Redis repository, consider annotating your entities with one of these annotations: org.springframework.data.redis.core.RedisHash (preferred), or consider extending one of the following types with your repository: org.springframework.data.keyvalue.repository.KeyValueRepository
2026-06-05 00:31:51,241 [main] INFO  o.s.d.r.c.RepositoryConfigurationExtensionSupport  - Spring Data Redis - Could not safely identify store assignment for repository candidate interface cn.edu.sdu.java.server.repositorys.TeacherRepository; If you want this repository to be a Redis repository, consider annotating your entities with one of these annotations: org.springframework.data.redis.core.RedisHash (preferred), or consider extending one of the following types with your repository: org.springframework.data.keyvalue.repository.KeyValueRepository
2026-06-05 00:31:51,241 [main] INFO  o.s.d.r.c.RepositoryConfigurationExtensionSupport  - Spring Data Redis - Could not safely identify store assignment for repository candidate interface cn.edu.sdu.java.server.repositorys.UserRepository; If you want this repository to be a Redis repository, consider annotating your entities with one of these annotations: org.springframework.data.redis.core.RedisHash (preferred), or consider extending one of the following types with your repository: org.springframework.data.keyvalue.repository.KeyValueRepository
2026-06-05 00:31:51,242 [main] INFO  o.s.d.r.c.RepositoryConfigurationExtensionSupport  - Spring Data Redis - Could not safely identify store assignment for repository candidate interface cn.edu.sdu.java.server.repositorys.UserTypeRepository; If you want this repository to be a Redis repository, consider annotating your entities with one of these annotations: org.springframework.data.redis.core.RedisHash (preferred), or consider extending one of the following types with your repository: org.springframework.data.keyvalue.repository.KeyValueRepository
2026-06-05 00:31:51,242 [main] INFO  o.s.d.r.c.RepositoryConfigurationDelegate          - Finished Spring Data repository scanning in 22 ms. Found 0 Redis repository interfaces.
2026-06-05 00:31:52,339 [main] INFO  o.s.b.w.embedded.tomcat.TomcatWebServer            - Tomcat initialized with port 22223 (http)
2026-06-05 00:31:52,360 [main] INFO  o.apache.coyote.http11.Http11NioProtocol           - Initializing ProtocolHandler ["http-nio-22223"]
2026-06-05 00:31:52,362 [main] INFO  o.apache.catalina.core.StandardService             - Starting service [Tomcat]
2026-06-05 00:31:52,363 [main] INFO  org.apache.catalina.core.StandardEngine            - Starting Servlet engine: [Apache Tomcat/10.1.34]
2026-06-05 00:31:52,445 [main] INFO  o.a.c.c.C.[Tomcat].[localhost].[/]                 - Initializing Spring embedded WebApplicationContext
2026-06-05 00:31:52,445 [main] INFO  o.s.b.w.s.c.ServletWebServerApplicationContext     - Root WebApplicationContext: initialization completed in 2545 ms
2026-06-05 00:31:52,779 [main] INFO  o.hibernate.jpa.internal.util.LogHelper            - HHH000204: Processing PersistenceUnitInfo [name: default]
2026-06-05 00:31:52,969 [main] INFO  org.hibernate.Version                              - HHH000412: Hibernate ORM core version 6.6.5.Final
2026-06-05 00:31:53,061 [main] INFO  o.h.c.internal.RegionFactoryInitiator              - HHH000026: Second-level cache disabled
2026-06-05 00:31:53,312 [main] INFO  o.s.o.j.p.SpringPersistenceUnitInfo                - No LoadTimeWeaver setup: ignoring JPA class transformer
2026-06-05 00:31:53,338 [main] INFO  com.zaxxer.hikari.HikariDataSource                 - HikariPool-1 - Starting...
2026-06-05 00:31:58,102 [main] INFO  com.zaxxer.hikari.pool.HikariPool                  - HikariPool-1 - Added connection com.mysql.cj.jdbc.ConnectionImpl@5ddf5118
2026-06-05 00:31:58,103 [main] INFO  com.zaxxer.hikari.HikariDataSource                 - HikariPool-1 - Start completed.
2026-06-05 00:31:58,199 [main] INFO  org.hibernate.orm.connections.pooling              - HHH10001005: Database info:
	Database JDBC URL [Connecting through datasource 'HikariDataSource (HikariPool-1)']
	Database driver: undefined/unknown
	Database version: 8.0.35
	Autocommit mode: undefined/unknown
	Isolation level: undefined/unknown
	Minimum pool size: undefined/unknown
	Maximum pool size: undefined/unknown
2026-06-05 00:31:59,327 [main] INFO  o.h.e.t.j.p.i.JtaPlatformInitiator                 - HHH000489: No JTA platform available (set 'hibernate.transaction.jta.platform' to enable JTA platform integration)
2026-06-05 00:31:59,329 [main] INFO  o.s.o.j.LocalContainerEntityManagerFactoryBean     - Initialized JPA EntityManagerFactory for persistence unit 'default'
2026-06-05 00:31:59,884 [main] INFO  o.s.d.j.r.query.QueryEnhancerFactory               - Hibernate is in classpath; If applicable, HQL parser will be used.
2026-06-05 00:32:00,900 [main] WARN  o.s.b.a.o.j.JpaBaseConfiguration$JpaWebConfiguration - spring.jpa.open-in-view is enabled by default. Therefore, database queries may be performed during view rendering. Explicitly configure spring.jpa.open-in-view to disable this warning
2026-06-05 00:32:02,091 [main] INFO  o.s.s.c.a.a.c.InitializeAuthenticationProviderBeanManagerConfigurer$InitializeAuthenticationProviderManagerConfigurer - Global AuthenticationManager configured with AuthenticationProvider bean with name authenticationProvider
2026-06-05 00:32:02,093 [main] WARN  o.s.s.c.a.a.c.InitializeUserDetailsBeanManagerConfigurer$InitializeUserDetailsManagerConfigurer - Global AuthenticationManager configured with an AuthenticationProvider bean. UserDetailsService beans will not be used by Spring Security for automatically configuring username/password login. Consider removing the AuthenticationProvider bean. Alternatively, consider using the UserDetailsService in a manually instantiated DaoAuthenticationProvider. If the current configuration is intentional, to turn off this warning, increase the logging level of 'org.springframework.security.config.annotation.authentication.configuration.InitializeUserDetailsBeanManagerConfigurer' to ERROR
2026-06-05 00:32:03,272 [main] INFO  o.s.b.a.w.s.WelcomePageHandlerMapping              - Adding welcome page: class path resource [public/index.html]
2026-06-05 00:32:04,566 [main] INFO  o.apache.coyote.http11.Http11NioProtocol           - Starting ProtocolHandler ["http-nio-22223"]
2026-06-05 00:32:04,608 [main] INFO  o.s.b.w.embedded.tomcat.TomcatWebServer            - Tomcat started on port 22223 (http) with context path '/'
2026-06-05 00:32:04,619 [main] INFO  c.e.s.java.server.JavaServerApplication            - Started JavaServerApplication in 15.291 seconds (process running for 15.623)
2026-06-05 00:32:04,622 [main] INFO  c.e.s.j.server.SystemApplicationListener           - org.springframework.boot.context.event.ApplicationReadyEvent[source=org.springframework.boot.SpringApplication@724cd2b5]
2026-06-05 00:32:04,622 [main] INFO  c.e.s.j.server.SystemApplicationListener           - SystemInitStart
2026-06-05 00:32:04,792 [main] INFO  c.e.s.java.server.services.SystemService           - System config loaded, 0 items
2026-06-05 00:32:04,793 [main] INFO  c.e.s.j.server.SystemApplicationListener           - systemInitEnd
2026-06-05 00:49:29,069 [http-nio-22223-exec-1] INFO  o.a.c.c.C.[Tomcat].[localhost].[/]                 - Initializing Spring DispatcherServlet 'dispatcherServlet'
2026-06-05 00:49:29,069 [http-nio-22223-exec-1] INFO  o.s.web.servlet.DispatcherServlet                  - Initializing Servlet 'dispatcherServlet'
2026-06-05 00:49:29,070 [http-nio-22223-exec-1] INFO  o.s.web.servlet.DispatcherServlet                  - Completed initialization in 1 ms
2026-06-05 00:49:29,879 [http-nio-22223-exec-2] INFO  c.e.s.j.s.c.JwtAuthenticationFilter                - /api/base/getDataBaseUserName,admin,2026-06-05 00:49:29,0.173
2026-06-05 00:49:30,527 [http-nio-22223-exec-3] INFO  c.e.s.j.s.c.JwtAuthenticationFilter                - /api/base/getMenuList,admin,2026-06-05 00:49:29,0.535
2026-06-05 00:49:41,261 [http-nio-22223-exec-7] INFO  c.e.s.j.s.c.JwtAuthenticationFilter                - /api/score/getStudentItemOptionList,admin,2026-06-05 00:49:40,0.348
2026-06-05 00:49:41,589 [http-nio-22223-exec-4] INFO  c.e.s.j.s.c.JwtAuthenticationFilter                - /api/score/getCourseItemOptionList,admin,2026-06-05 00:49:41,0.223
2026-06-05 00:49:42,045 [http-nio-22223-exec-5] INFO  c.e.s.j.s.c.JwtAuthenticationFilter                - /api/score/getScoreList,admin,2026-06-05 00:49:41,0.268
2026-06-05 00:49:45,177 [http-nio-22223-exec-6] INFO  c.e.s.j.s.c.JwtAuthenticationFilter                - /api/exam/getCourseOptionList,admin,2026-06-05 00:49:44,0.325
2026-06-05 00:49:45,813 [http-nio-22223-exec-8] INFO  c.e.s.j.s.c.JwtAuthenticationFilter                - /api/score/getStudentItemOptionList,admin,2026-06-05 00:49:45,0.401
2026-06-05 00:49:46,302 [http-nio-22223-exec-9] INFO  c.e.s.j.s.c.JwtAuthenticationFilter                - /api/exam/getTeacherOptionList,admin,2026-06-05 00:49:46,0.282
2026-06-05 00:49:46,601 [http-nio-22223-exec-10] INFO  c.e.s.j.s.c.JwtAuthenticationFilter                - /api/exam/getExamScheduleList,admin,2026-06-05 00:49:46,0.154
2026-06-05 00:53:20,107 [SpringApplicationShutdownHook] INFO  o.s.b.w.embedded.tomcat.GracefulShutdown           - Commencing graceful shutdown. Waiting for active requests to complete
2026-06-05 00:53:20,111 [tomcat-shutdown] INFO  o.s.b.w.embedded.tomcat.GracefulShutdown           - Graceful shutdown complete
2026-06-05 00:53:20,125 [SpringApplicationShutdownHook] INFO  o.s.o.j.LocalContainerEntityManagerFactoryBean     - Closing JPA EntityManagerFactory for persistence unit 'default'
2026-06-05 00:53:20,127 [SpringApplicationShutdownHook] INFO  com.zaxxer.hikari.HikariDataSource                 - HikariPool-1 - Shutdown initiated...
2026-06-05 00:53:20,135 [SpringApplicationShutdownHook] INFO  com.zaxxer.hikari.HikariDataSource                 - HikariPool-1 - Shutdown completed.
2026-06-05 00:53:23,091 [background-preinit] INFO  o.h.validator.internal.util.Version                - HV000001: Hibernate Validator 8.0.2.Final
2026-06-05 00:53:23,143 [main] INFO  c.e.s.java.server.JavaServerApplication            - Starting JavaServerApplication using Java 21.0.10 with PID 7492 (D:\java\server\target\classes started by 星bookpro14-PC in D:\java\server)
2026-06-05 00:53:23,144 [main] INFO  c.e.s.java.server.JavaServerApplication            - No active profile set, falling back to 1 default profile: "default"
2026-06-05 00:53:24,139 [main] INFO  o.s.d.r.c.RepositoryConfigurationDelegate          - Multiple Spring Data modules found, entering strict repository configuration mode
2026-06-05 00:53:24,140 [main] INFO  o.s.d.r.c.RepositoryConfigurationDelegate          - Bootstrapping Spring Data JPA repositories in DEFAULT mode.
2026-06-05 00:53:24,289 [main] INFO  o.s.d.r.c.RepositoryConfigurationDelegate          - Finished Spring Data repository scanning in 143 ms. Found 32 JPA repository interfaces.
2026-06-05 00:53:24,317 [main] INFO  o.s.d.r.c.RepositoryConfigurationDelegate          - Multiple Spring Data modules found, entering strict repository configuration mode
2026-06-05 00:53:24,320 [main] INFO  o.s.d.r.c.RepositoryConfigurationDelegate          - Bootstrapping Spring Data Redis repositories in DEFAULT mode.
2026-06-05 00:53:24,359 [main] INFO  o.s.d.r.c.RepositoryConfigurationExtensionSupport  - Spring Data Redis - Could not safely identify store assignment for repository candidate interface cn.edu.sdu.java.server.repositorys.ApprovalRecordRepository; If you want this repository to be a Redis repository, consider annotating your entities with one of these annotations: org.springframework.data.redis.core.RedisHash (preferred), or consider extending one of the following types with your repository: org.springframework.data.keyvalue.repository.KeyValueRepository
2026-06-05 00:53:24,360 [main] INFO  o.s.d.r.c.RepositoryConfigurationExtensionSupport  - Spring Data Redis - Could not safely identify store assignment for repository candidate interface cn.edu.sdu.java.server.repositorys.AttendanceRepository; If you want this repository to be a Redis repository, consider annotating your entities with one of these annotations: org.springframework.data.redis.core.RedisHash (preferred), or consider extending one of the following types with your repository: org.springframework.data.keyvalue.repository.KeyValueRepository
2026-06-05 00:53:24,361 [main] INFO  o.s.d.r.c.RepositoryConfigurationExtensionSupport  - Spring Data Redis - Could not safely identify store assignment for repository candidate interface cn.edu.sdu.java.server.repositorys.CourseMaterialRepository; If you want this repository to be a Redis repository, consider annotating your entities with one of these annotations: org.springframework.data.redis.core.RedisHash (preferred), or consider extending one of the following types with your repository: org.springframework.data.keyvalue.repository.KeyValueRepository
2026-06-05 00:53:24,361 [main] INFO  o.s.d.r.c.RepositoryConfigurationExtensionSupport  - Spring Data Redis - Could not safely identify store assignment for repository candidate interface cn.edu.sdu.java.server.repositorys.CourseRepository; If you want this repository to be a Redis repository, consider annotating your entities with one of these annotations: org.springframework.data.redis.core.RedisHash (preferred), or consider extending one of the following types with your repository: org.springframework.data.keyvalue.repository.KeyValueRepository
2026-06-05 00:53:24,361 [main] INFO  o.s.d.r.c.RepositoryConfigurationExtensionSupport  - Spring Data Redis - Could not safely identify store assignment for repository candidate interface cn.edu.sdu.java.server.repositorys.CourseSelectionRepository; If you want this repository to be a Redis repository, consider annotating your entities with one of these annotations: org.springframework.data.redis.core.RedisHash (preferred), or consider extending one of the following types with your repository: org.springframework.data.keyvalue.repository.KeyValueRepository
2026-06-05 00:53:24,361 [main] INFO  o.s.d.r.c.RepositoryConfigurationExtensionSupport  - Spring Data Redis - Could not safely identify store assignment for repository candidate interface cn.edu.sdu.java.server.repositorys.CourseTeachingRepository; If you want this repository to be a Redis repository, consider annotating your entities with one of these annotations: org.springframework.data.redis.core.RedisHash (preferred), or consider extending one of the following types with your repository: org.springframework.data.keyvalue.repository.KeyValueRepository
2026-06-05 00:53:24,361 [main] INFO  o.s.d.r.c.RepositoryConfigurationExtensionSupport  - Spring Data Redis - Could not safely identify store assignment for repository candidate interface cn.edu.sdu.java.server.repositorys.DailyActivityRepository; If you want this repository to be a Redis repository, consider annotating your entities with one of these annotations: org.springframework.data.redis.core.RedisHash (preferred), or consider extending one of the following types with your repository: org.springframework.data.keyvalue.repository.KeyValueRepository
2026-06-05 00:53:24,363 [main] INFO  o.s.d.r.c.RepositoryConfigurationExtensionSupport  - Spring Data Redis - Could not safely identify store assignment for repository candidate interface cn.edu.sdu.java.server.repositorys.DevelopmentRepository; If you want this repository to be a Redis repository, consider annotating your entities with one of these annotations: org.springframework.data.redis.core.RedisHash (preferred), or consider extending one of the following types with your repository: org.springframework.data.keyvalue.repository.KeyValueRepository
2026-06-05 00:53:24,363 [main] INFO  o.s.d.r.c.RepositoryConfigurationExtensionSupport  - Spring Data Redis - Could not safely identify store assignment for repository candidate interface cn.edu.sdu.java.server.repositorys.DictionaryInfoRepository; If you want this repository to be a Redis repository, consider annotating your entities with one of these annotations: org.springframework.data.redis.core.RedisHash (preferred), or consider extending one of the following types with your repository: org.springframework.data.keyvalue.repository.KeyValueRepository
2026-06-05 00:53:24,364 [main] INFO  o.s.d.r.c.RepositoryConfigurationExtensionSupport  - Spring Data Redis - Could not safely identify store assignment for repository candidate interface cn.edu.sdu.java.server.repositorys.ExamScheduleRepository; If you want this repository to be a Redis repository, consider annotating your entities with one of these annotations: org.springframework.data.redis.core.RedisHash (preferred), or consider extending one of the following types with your repository: org.springframework.data.keyvalue.repository.KeyValueRepository
2026-06-05 00:53:24,364 [main] INFO  o.s.d.r.c.RepositoryConfigurationExtensionSupport  - Spring Data Redis - Could not safely identify store assignment for repository candidate interface cn.edu.sdu.java.server.repositorys.FamilyMemberRepository; If you want this repository to be a Redis repository, consider annotating your entities with one of these annotations: org.springframework.data.redis.core.RedisHash (preferred), or consider extending one of the following types with your repository: org.springframework.data.keyvalue.repository.KeyValueRepository
2026-06-05 00:53:24,364 [main] INFO  o.s.d.r.c.RepositoryConfigurationExtensionSupport  - Spring Data Redis - Could not safely identify store assignment for repository candidate interface cn.edu.sdu.java.server.repositorys.FeeRepository; If you want this repository to be a Redis repository, consider annotating your entities with one of these annotations: org.springframework.data.redis.core.RedisHash (preferred), or consider extending one of the following types with your repository: org.springframework.data.keyvalue.repository.KeyValueRepository
2026-06-05 00:53:24,365 [main] INFO  o.s.d.r.c.RepositoryConfigurationExtensionSupport  - Spring Data Redis - Could not safely identify store assignment for repository candidate interface cn.edu.sdu.java.server.repositorys.HomeworkRepository; If you want this repository to be a Redis repository, consider annotating your entities with one of these annotations: org.springframework.data.redis.core.RedisHash (preferred), or consider extending one of the following types with your repository: org.springframework.data.keyvalue.repository.KeyValueRepository
2026-06-05 00:53:24,366 [main] INFO  o.s.d.r.c.RepositoryConfigurationExtensionSupport  - Spring Data Redis - Could not safely identify store assignment for repository candidate interface cn.edu.sdu.java.server.repositorys.HomeworkSubmissionRepository; If you want this repository to be a Redis repository, consider annotating your entities with one of these annotations: org.springframework.data.redis.core.RedisHash (preferred), or consider extending one of the following types with your repository: org.springframework.data.keyvalue.repository.KeyValueRepository
2026-06-05 00:53:24,366 [main] INFO  o.s.d.r.c.RepositoryConfigurationExtensionSupport  - Spring Data Redis - Could not safely identify store assignment for repository candidate interface cn.edu.sdu.java.server.repositorys.HonorRepository; If you want this repository to be a Redis repository, consider annotating your entities with one of these annotations: org.springframework.data.redis.core.RedisHash (preferred), or consider extending one of the following types with your repository: org.springframework.data.keyvalue.repository.KeyValueRepository
2026-06-05 00:53:24,367 [main] INFO  o.s.d.r.c.RepositoryConfigurationExtensionSupport  - Spring Data Redis - Could not safely identify store assignment for repository candidate interface cn.edu.sdu.java.server.repositorys.InnovationProjectRepository; If you want this repository to be a Redis repository, consider annotating your entities with one of these annotations: org.springframework.data.redis.core.RedisHash (preferred), or consider extending one of the following types with your repository: org.springframework.data.keyvalue.repository.KeyValueRepository
2026-06-05 00:53:24,367 [main] INFO  o.s.d.r.c.RepositoryConfigurationExtensionSupport  - Spring Data Redis - Could not safely identify store assignment for repository candidate interface cn.edu.sdu.java.server.repositorys.MenuInfoRepository; If you want this repository to be a Redis repository, consider annotating your entities with one of these annotations: org.springframework.data.redis.core.RedisHash (preferred), or consider extending one of the following types with your repository: org.springframework.data.keyvalue.repository.KeyValueRepository
2026-06-05 00:53:24,368 [main] INFO  o.s.d.r.c.RepositoryConfigurationExtensionSupport  - Spring Data Redis - Could not safely identify store assignment for repository candidate interface cn.edu.sdu.java.server.repositorys.ModifyLogRepository; If you want this repository to be a Redis repository, consider annotating your entities with one of these annotations: org.springframework.data.redis.core.RedisHash (preferred), or consider extending one of the following types with your repository: org.springframework.data.keyvalue.repository.KeyValueRepository
2026-06-05 00:53:24,369 [main] INFO  o.s.d.r.c.RepositoryConfigurationExtensionSupport  - Spring Data Redis - Could not safely identify store assignment for repository candidate interface cn.edu.sdu.java.server.repositorys.PersonRepository; If you want this repository to be a Redis repository, consider annotating your entities with one of these annotations: org.springframework.data.redis.core.RedisHash (preferred), or consider extending one of the following types with your repository: org.springframework.data.keyvalue.repository.KeyValueRepository
2026-06-05 00:53:24,370 [main] INFO  o.s.d.r.c.RepositoryConfigurationExtensionSupport  - Spring Data Redis - Could not safely identify store assignment for repository candidate interface cn.edu.sdu.java.server.repositorys.PunishmentRepository; If you want this repository to be a Redis repository, consider annotating your entities with one of these annotations: org.springframework.data.redis.core.RedisHash (preferred), or consider extending one of the following types with your repository: org.springframework.data.keyvalue.repository.KeyValueRepository
2026-06-05 00:53:24,371 [main] INFO  o.s.d.r.c.RepositoryConfigurationExtensionSupport  - Spring Data Redis - Could not safely identify store assignment for repository candidate interface cn.edu.sdu.java.server.repositorys.RequestLogRepository; If you want this repository to be a Redis repository, consider annotating your entities with one of these annotations: org.springframework.data.redis.core.RedisHash (preferred), or consider extending one of the following types with your repository: org.springframework.data.keyvalue.repository.KeyValueRepository
2026-06-05 00:53:24,371 [main] INFO  o.s.d.r.c.RepositoryConfigurationExtensionSupport  - Spring Data Redis - Could not safely identify store assignment for repository candidate interface cn.edu.sdu.java.server.repositorys.ScoreRepository; If you want this repository to be a Redis repository, consider annotating your entities with one of these annotations: org.springframework.data.redis.core.RedisHash (preferred), or consider extending one of the following types with your repository: org.springframework.data.keyvalue.repository.KeyValueRepository
2026-06-05 00:53:24,372 [main] INFO  o.s.d.r.c.RepositoryConfigurationExtensionSupport  - Spring Data Redis - Could not safely identify store assignment for repository candidate interface cn.edu.sdu.java.server.repositorys.SocialRelationRepository; If you want this repository to be a Redis repository, consider annotating your entities with one of these annotations: org.springframework.data.redis.core.RedisHash (preferred), or consider extending one of the following types with your repository: org.springframework.data.keyvalue.repository.KeyValueRepository
2026-06-05 00:53:24,372 [main] INFO  o.s.d.r.c.RepositoryConfigurationExtensionSupport  - Spring Data Redis - Could not safely identify store assignment for repository candidate interface cn.edu.sdu.java.server.repositorys.StatisticsDayRepository; If you want this repository to be a Redis repository, consider annotating your entities with one of these annotations: org.springframework.data.redis.core.RedisHash (preferred), or consider extending one of the following types with your repository: org.springframework.data.keyvalue.repository.KeyValueRepository
2026-06-05 00:53:24,372 [main] INFO  o.s.d.r.c.RepositoryConfigurationExtensionSupport  - Spring Data Redis - Could not safely identify store assignment for repository candidate interface cn.edu.sdu.java.server.repositorys.StudentExamScheduleRepository; If you want this repository to be a Redis repository, consider annotating your entities with one of these annotations: org.springframework.data.redis.core.RedisHash (preferred), or consider extending one of the following types with your repository: org.springframework.data.keyvalue.repository.KeyValueRepository
2026-06-05 00:53:24,372 [main] INFO  o.s.d.r.c.RepositoryConfigurationExtensionSupport  - Spring Data Redis - Could not safely identify store assignment for repository candidate interface cn.edu.sdu.java.server.repositorys.StudentLeaveRepository; If you want this repository to be a Redis repository, consider annotating your entities with one of these annotations: org.springframework.data.redis.core.RedisHash (preferred), or consider extending one of the following types with your repository: org.springframework.data.keyvalue.repository.KeyValueRepository
2026-06-05 00:53:24,373 [main] INFO  o.s.d.r.c.RepositoryConfigurationExtensionSupport  - Spring Data Redis - Could not safely identify store assignment for repository candidate interface cn.edu.sdu.java.server.repositorys.StudentRepository; If you want this repository to be a Redis repository, consider annotating your entities with one of these annotations: org.springframework.data.redis.core.RedisHash (preferred), or consider extending one of the following types with your repository: org.springframework.data.keyvalue.repository.KeyValueRepository
2026-06-05 00:53:24,373 [main] INFO  o.s.d.r.c.RepositoryConfigurationExtensionSupport  - Spring Data Redis - Could not safely identify store assignment for repository candidate interface cn.edu.sdu.java.server.repositorys.StudentStatisticsRepository; If you want this repository to be a Redis repository, consider annotating your entities with one of these annotations: org.springframework.data.redis.core.RedisHash (preferred), or consider extending one of the following types with your repository: org.springframework.data.keyvalue.repository.KeyValueRepository
2026-06-05 00:53:24,374 [main] INFO  o.s.d.r.c.RepositoryConfigurationExtensionSupport  - Spring Data Redis - Could not safely identify store assignment for repository candidate interface cn.edu.sdu.java.server.repositorys.SystemInfoRepository; If you want this repository to be a Redis repository, consider annotating your entities with one of these annotations: org.springframework.data.redis.core.RedisHash (preferred), or consider extending one of the following types with your repository: org.springframework.data.keyvalue.repository.KeyValueRepository
2026-06-05 00:53:24,374 [main] INFO  o.s.d.r.c.RepositoryConfigurationExtensionSupport  - Spring Data Redis - Could not safely identify store assignment for repository candidate interface cn.edu.sdu.java.server.repositorys.TeacherRepository; If you want this repository to be a Redis repository, consider annotating your entities with one of these annotations: org.springframework.data.redis.core.RedisHash (preferred), or consider extending one of the following types with your repository: org.springframework.data.keyvalue.repository.KeyValueRepository
2026-06-05 00:53:24,375 [main] INFO  o.s.d.r.c.RepositoryConfigurationExtensionSupport  - Spring Data Redis - Could not safely identify store assignment for repository candidate interface cn.edu.sdu.java.server.repositorys.UserRepository; If you want this repository to be a Redis repository, consider annotating your entities with one of these annotations: org.springframework.data.redis.core.RedisHash (preferred), or consider extending one of the following types with your repository: org.springframework.data.keyvalue.repository.KeyValueRepository
2026-06-05 00:53:24,375 [main] INFO  o.s.d.r.c.RepositoryConfigurationExtensionSupport  - Spring Data Redis - Could not safely identify store assignment for repository candidate interface cn.edu.sdu.java.server.repositorys.UserTypeRepository; If you want this repository to be a Redis repository, consider annotating your entities with one of these annotations: org.springframework.data.redis.core.RedisHash (preferred), or consider extending one of the following types with your repository: org.springframework.data.keyvalue.repository.KeyValueRepository
2026-06-05 00:53:24,376 [main] INFO  o.s.d.r.c.RepositoryConfigurationDelegate          - Finished Spring Data repository scanning in 35 ms. Found 0 Redis repository interfaces.
2026-06-05 00:53:25,736 [main] INFO  o.s.b.w.embedded.tomcat.TomcatWebServer            - Tomcat initialized with port 22223 (http)
2026-06-05 00:53:25,769 [main] INFO  o.apache.coyote.http11.Http11NioProtocol           - Initializing ProtocolHandler ["http-nio-22223"]
2026-06-05 00:53:25,774 [main] INFO  o.apache.catalina.core.StandardService             - Starting service [Tomcat]
2026-06-05 00:53:25,775 [main] INFO  org.apache.catalina.core.StandardEngine            - Starting Servlet engine: [Apache Tomcat/10.1.34]
2026-06-05 00:53:25,906 [main] INFO  o.a.c.c.C.[Tomcat].[localhost].[/]                 - Initializing Spring embedded WebApplicationContext
2026-06-05 00:53:25,906 [main] INFO  o.s.b.w.s.c.ServletWebServerApplicationContext     - Root WebApplicationContext: initialization completed in 2726 ms
2026-06-05 00:53:26,587 [main] INFO  o.hibernate.jpa.internal.util.LogHelper            - HHH000204: Processing PersistenceUnitInfo [name: default]
2026-06-05 00:53:26,818 [main] INFO  org.hibernate.Version                              - HHH000412: Hibernate ORM core version 6.6.5.Final
2026-06-05 00:53:26,887 [main] INFO  o.h.c.internal.RegionFactoryInitiator              - HHH000026: Second-level cache disabled
2026-06-05 00:53:27,338 [main] INFO  o.s.o.j.p.SpringPersistenceUnitInfo                - No LoadTimeWeaver setup: ignoring JPA class transformer
2026-06-05 00:53:27,369 [main] INFO  com.zaxxer.hikari.HikariDataSource                 - HikariPool-1 - Starting...
2026-06-05 00:53:32,126 [main] INFO  com.zaxxer.hikari.pool.HikariPool                  - HikariPool-1 - Added connection com.mysql.cj.jdbc.ConnectionImpl@538f45f1
2026-06-05 00:53:32,128 [main] INFO  com.zaxxer.hikari.HikariDataSource                 - HikariPool-1 - Start completed.
2026-06-05 00:53:32,227 [main] INFO  org.hibernate.orm.connections.pooling              - HHH10001005: Database info:
	Database JDBC URL [Connecting through datasource 'HikariDataSource (HikariPool-1)']
	Database driver: undefined/unknown
	Database version: 8.0.35
	Autocommit mode: undefined/unknown
	Isolation level: undefined/unknown
	Minimum pool size: undefined/unknown
	Maximum pool size: undefined/unknown
2026-06-05 00:53:33,780 [main] INFO  o.h.e.t.j.p.i.JtaPlatformInitiator                 - HHH000489: No JTA platform available (set 'hibernate.transaction.jta.platform' to enable JTA platform integration)
2026-06-05 00:53:33,781 [main] INFO  o.s.o.j.LocalContainerEntityManagerFactoryBean     - Initialized JPA EntityManagerFactory for persistence unit 'default'
2026-06-05 00:53:34,376 [main] INFO  o.s.d.j.r.query.QueryEnhancerFactory               - Hibernate is in classpath; If applicable, HQL parser will be used.
2026-06-05 00:53:35,600 [main] WARN  o.s.b.a.o.j.JpaBaseConfiguration$JpaWebConfiguration - spring.jpa.open-in-view is enabled by default. Therefore, database queries may be performed during view rendering. Explicitly configure spring.jpa.open-in-view to disable this warning
2026-06-05 00:53:36,929 [main] INFO  o.s.s.c.a.a.c.InitializeAuthenticationProviderBeanManagerConfigurer$InitializeAuthenticationProviderManagerConfigurer - Global AuthenticationManager configured with AuthenticationProvider bean with name authenticationProvider
2026-06-05 00:53:36,930 [main] WARN  o.s.s.c.a.a.c.InitializeUserDetailsBeanManagerConfigurer$InitializeUserDetailsManagerConfigurer - Global AuthenticationManager configured with an AuthenticationProvider bean. UserDetailsService beans will not be used by Spring Security for automatically configuring username/password login. Consider removing the AuthenticationProvider bean. Alternatively, consider using the UserDetailsService in a manually instantiated DaoAuthenticationProvider. If the current configuration is intentional, to turn off this warning, increase the logging level of 'org.springframework.security.config.annotation.authentication.configuration.InitializeUserDetailsBeanManagerConfigurer' to ERROR
2026-06-05 00:53:38,399 [main] INFO  o.s.b.a.w.s.WelcomePageHandlerMapping              - Adding welcome page: class path resource [public/index.html]
2026-06-05 00:53:39,792 [main] INFO  o.apache.coyote.http11.Http11NioProtocol           - Starting ProtocolHandler ["http-nio-22223"]
2026-06-05 00:53:39,841 [main] INFO  o.s.b.w.embedded.tomcat.TomcatWebServer            - Tomcat started on port 22223 (http) with context path '/'
2026-06-05 00:53:39,854 [main] INFO  c.e.s.java.server.JavaServerApplication            - Started JavaServerApplication in 17.239 seconds (process running for 17.553)
2026-06-05 00:53:39,858 [main] INFO  c.e.s.j.server.SystemApplicationListener           - org.springframework.boot.context.event.ApplicationReadyEvent[source=org.springframework.boot.SpringApplication@66e58c35]
2026-06-05 00:53:39,858 [main] INFO  c.e.s.j.server.SystemApplicationListener           - SystemInitStart
2026-06-05 00:53:40,047 [main] INFO  c.e.s.java.server.services.SystemService           - System config loaded, 0 items
2026-06-05 00:53:40,047 [main] INFO  c.e.s.j.server.SystemApplicationListener           - systemInitEnd
2026-06-05 00:56:21,224 [http-nio-22223-exec-1] INFO  o.a.c.c.C.[Tomcat].[localhost].[/]                 - Initializing Spring DispatcherServlet 'dispatcherServlet'
2026-06-05 00:56:21,224 [http-nio-22223-exec-1] INFO  o.s.web.servlet.DispatcherServlet                  - Initializing Servlet 'dispatcherServlet'
2026-06-05 00:56:21,225 [http-nio-22223-exec-1] INFO  o.s.web.servlet.DispatcherServlet                  - Completed initialization in 1 ms
2026-06-05 00:56:22,032 [http-nio-22223-exec-2] INFO  c.e.s.j.s.c.JwtAuthenticationFilter                - /api/base/getDataBaseUserName,admin,2026-06-05 00:56:21,0.188
2026-06-05 00:56:22,663 [http-nio-22223-exec-3] INFO  c.e.s.j.s.c.JwtAuthenticationFilter                - /api/base/getMenuList,admin,2026-06-05 00:56:22,0.534
2026-06-05 00:56:30,418 [http-nio-22223-exec-4] INFO  c.e.s.j.s.c.JwtAuthenticationFilter                - /api/course/getCourseList,admin,2026-06-05 00:56:30,0.197
2026-06-05 00:56:32,081 [http-nio-22223-exec-5] INFO  c.e.s.j.s.c.JwtAuthenticationFilter                - /api/score/getScoreList,admin,2026-06-05 00:56:31,0.22
2026-06-05 00:56:33,358 [http-nio-22223-exec-6] INFO  c.e.s.j.s.c.JwtAuthenticationFilter                - /api/score/getScoreList,admin,2026-06-05 00:56:33,0.226
2026-06-05 00:56:34,148 [http-nio-22223-exec-7] INFO  c.e.s.j.s.c.JwtAuthenticationFilter                - /api/score/getScoreList,admin,2026-06-05 00:56:33,0.215
2026-06-05 00:56:35,135 [http-nio-22223-exec-8] INFO  c.e.s.j.s.c.JwtAuthenticationFilter                - /api/score/getScoreList,admin,2026-06-05 00:56:34,0.344
2026-06-05 00:56:36,304 [http-nio-22223-exec-9] INFO  c.e.s.j.s.c.JwtAuthenticationFilter                - /api/score/getScoreList,admin,2026-06-05 00:56:36,0.169
2026-06-05 00:56:36,964 [http-nio-22223-exec-10] INFO  c.e.s.j.s.c.JwtAuthenticationFilter                - /api/score/getScoreList,admin,2026-06-05 00:56:36,0.136
2026-06-05 00:56:41,989 [http-nio-22223-exec-2] INFO  c.e.s.j.s.c.JwtAuthenticationFilter                - /api/base/getDataBaseUserName,2026,2026-06-05 00:56:41,0.126
2026-06-05 00:56:42,528 [http-nio-22223-exec-3] INFO  c.e.s.j.s.c.JwtAuthenticationFilter                - /api/base/getMenuList,2026,2026-06-05 00:56:42,0.438
2026-06-05 00:56:48,296 [http-nio-22223-exec-4] INFO  c.e.s.j.s.c.JwtAuthenticationFilter                - /api/score/getStudentItemOptionList,2026,2026-06-05 00:56:47,0.306
2026-06-05 00:56:48,570 [http-nio-22223-exec-5] INFO  c.e.s.j.s.c.JwtAuthenticationFilter                - /api/score/getCourseItemOptionList,2026,2026-06-05 00:56:48,0.178
2026-06-05 00:56:49,041 [http-nio-22223-exec-6] INFO  c.e.s.j.s.c.JwtAuthenticationFilter                - /api/score/getScoreList,2026,2026-06-05 00:56:48,0.344
2026-06-05 00:57:58,100 [SpringApplicationShutdownHook] INFO  o.s.b.w.embedded.tomcat.GracefulShutdown           - Commencing graceful shutdown. Waiting for active requests to complete
2026-06-05 00:57:58,165 [tomcat-shutdown] INFO  o.s.b.w.embedded.tomcat.GracefulShutdown           - Graceful shutdown complete
2026-06-05 00:57:58,318 [SpringApplicationShutdownHook] INFO  o.s.o.j.LocalContainerEntityManagerFactoryBean     - Closing JPA EntityManagerFactory for persistence unit 'default'
2026-06-05 00:57:58,320 [SpringApplicationShutdownHook] INFO  com.zaxxer.hikari.HikariDataSource                 - HikariPool-1 - Shutdown initiated...
2026-06-05 00:57:58,331 [SpringApplicationShutdownHook] INFO  com.zaxxer.hikari.HikariDataSource                 - HikariPool-1 - Shutdown completed.
2026-06-05 09:56:02,208 [background-preinit] INFO  o.h.validator.internal.util.Version                - HV000001: Hibernate Validator 8.0.2.Final
2026-06-05 09:56:02,266 [main] INFO  c.e.s.java.server.JavaServerApplication            - Starting JavaServerApplication using Java 21.0.5 with PID 7708 (D:\JavaProject\server\target\classes started by Xinbin in D:\JavaProject\server)
2026-06-05 09:56:02,267 [main] INFO  c.e.s.java.server.JavaServerApplication            - No active profile set, falling back to 1 default profile: "default"
2026-06-05 09:56:03,236 [main] INFO  o.s.d.r.c.RepositoryConfigurationDelegate          - Multiple Spring Data modules found, entering strict repository configuration mode
2026-06-05 09:56:03,237 [main] INFO  o.s.d.r.c.RepositoryConfigurationDelegate          - Bootstrapping Spring Data JPA repositories in DEFAULT mode.
2026-06-05 09:56:03,396 [main] INFO  o.s.d.r.c.RepositoryConfigurationDelegate          - Finished Spring Data repository scanning in 152 ms. Found 32 JPA repository interfaces.
2026-06-05 09:56:03,419 [main] INFO  o.s.d.r.c.RepositoryConfigurationDelegate          - Multiple Spring Data modules found, entering strict repository configuration mode
2026-06-05 09:56:03,421 [main] INFO  o.s.d.r.c.RepositoryConfigurationDelegate          - Bootstrapping Spring Data Redis repositories in DEFAULT mode.
2026-06-05 09:56:03,435 [main] INFO  o.s.d.r.c.RepositoryConfigurationExtensionSupport  - Spring Data Redis - Could not safely identify store assignment for repository candidate interface cn.edu.sdu.java.server.repositorys.ApprovalRecordRepository; If you want this repository to be a Redis repository, consider annotating your entities with one of these annotations: org.springframework.data.redis.core.RedisHash (preferred), or consider extending one of the following types with your repository: org.springframework.data.keyvalue.repository.KeyValueRepository
2026-06-05 09:56:03,435 [main] INFO  o.s.d.r.c.RepositoryConfigurationExtensionSupport  - Spring Data Redis - Could not safely identify store assignment for repository candidate interface cn.edu.sdu.java.server.repositorys.AttendanceRepository; If you want this repository to be a Redis repository, consider annotating your entities with one of these annotations: org.springframework.data.redis.core.RedisHash (preferred), or consider extending one of the following types with your repository: org.springframework.data.keyvalue.repository.KeyValueRepository
2026-06-05 09:56:03,436 [main] INFO  o.s.d.r.c.RepositoryConfigurationExtensionSupport  - Spring Data Redis - Could not safely identify store assignment for repository candidate interface cn.edu.sdu.java.server.repositorys.CourseMaterialRepository; If you want this repository to be a Redis repository, consider annotating your entities with one of these annotations: org.springframework.data.redis.core.RedisHash (preferred), or consider extending one of the following types with your repository: org.springframework.data.keyvalue.repository.KeyValueRepository
2026-06-05 09:56:03,436 [main] INFO  o.s.d.r.c.RepositoryConfigurationExtensionSupport  - Spring Data Redis - Could not safely identify store assignment for repository candidate interface cn.edu.sdu.java.server.repositorys.CourseRepository; If you want this repository to be a Redis repository, consider annotating your entities with one of these annotations: org.springframework.data.redis.core.RedisHash (preferred), or consider extending one of the following types with your repository: org.springframework.data.keyvalue.repository.KeyValueRepository
2026-06-05 09:56:03,436 [main] INFO  o.s.d.r.c.RepositoryConfigurationExtensionSupport  - Spring Data Redis - Could not safely identify store assignment for repository candidate interface cn.edu.sdu.java.server.repositorys.CourseSelectionRepository; If you want this repository to be a Redis repository, consider annotating your entities with one of these annotations: org.springframework.data.redis.core.RedisHash (preferred), or consider extending one of the following types with your repository: org.springframework.data.keyvalue.repository.KeyValueRepository
2026-06-05 09:56:03,436 [main] INFO  o.s.d.r.c.RepositoryConfigurationExtensionSupport  - Spring Data Redis - Could not safely identify store assignment for repository candidate interface cn.edu.sdu.java.server.repositorys.CourseTeachingRepository; If you want this repository to be a Redis repository, consider annotating your entities with one of these annotations: org.springframework.data.redis.core.RedisHash (preferred), or consider extending one of the following types with your repository: org.springframework.data.keyvalue.repository.KeyValueRepository
2026-06-05 09:56:03,437 [main] INFO  o.s.d.r.c.RepositoryConfigurationExtensionSupport  - Spring Data Redis - Could not safely identify store assignment for repository candidate interface cn.edu.sdu.java.server.repositorys.DailyActivityRepository; If you want this repository to be a Redis repository, consider annotating your entities with one of these annotations: org.springframework.data.redis.core.RedisHash (preferred), or consider extending one of the following types with your repository: org.springframework.data.keyvalue.repository.KeyValueRepository
2026-06-05 09:56:03,437 [main] INFO  o.s.d.r.c.RepositoryConfigurationExtensionSupport  - Spring Data Redis - Could not safely identify store assignment for repository candidate interface cn.edu.sdu.java.server.repositorys.DevelopmentRepository; If you want this repository to be a Redis repository, consider annotating your entities with one of these annotations: org.springframework.data.redis.core.RedisHash (preferred), or consider extending one of the following types with your repository: org.springframework.data.keyvalue.repository.KeyValueRepository
2026-06-05 09:56:03,437 [main] INFO  o.s.d.r.c.RepositoryConfigurationExtensionSupport  - Spring Data Redis - Could not safely identify store assignment for repository candidate interface cn.edu.sdu.java.server.repositorys.DictionaryInfoRepository; If you want this repository to be a Redis repository, consider annotating your entities with one of these annotations: org.springframework.data.redis.core.RedisHash (preferred), or consider extending one of the following types with your repository: org.springframework.data.keyvalue.repository.KeyValueRepository
2026-06-05 09:56:03,438 [main] INFO  o.s.d.r.c.RepositoryConfigurationExtensionSupport  - Spring Data Redis - Could not safely identify store assignment for repository candidate interface cn.edu.sdu.java.server.repositorys.ExamScheduleRepository; If you want this repository to be a Redis repository, consider annotating your entities with one of these annotations: org.springframework.data.redis.core.RedisHash (preferred), or consider extending one of the following types with your repository: org.springframework.data.keyvalue.repository.KeyValueRepository
2026-06-05 09:56:03,438 [main] INFO  o.s.d.r.c.RepositoryConfigurationExtensionSupport  - Spring Data Redis - Could not safely identify store assignment for repository candidate interface cn.edu.sdu.java.server.repositorys.FamilyMemberRepository; If you want this repository to be a Redis repository, consider annotating your entities with one of these annotations: org.springframework.data.redis.core.RedisHash (preferred), or consider extending one of the following types with your repository: org.springframework.data.keyvalue.repository.KeyValueRepository
2026-06-05 09:56:03,438 [main] INFO  o.s.d.r.c.RepositoryConfigurationExtensionSupport  - Spring Data Redis - Could not safely identify store assignment for repository candidate interface cn.edu.sdu.java.server.repositorys.FeeRepository; If you want this repository to be a Redis repository, consider annotating your entities with one of these annotations: org.springframework.data.redis.core.RedisHash (preferred), or consider extending one of the following types with your repository: org.springframework.data.keyvalue.repository.KeyValueRepository
2026-06-05 09:56:03,439 [main] INFO  o.s.d.r.c.RepositoryConfigurationExtensionSupport  - Spring Data Redis - Could not safely identify store assignment for repository candidate interface cn.edu.sdu.java.server.repositorys.HomeworkRepository; If you want this repository to be a Redis repository, consider annotating your entities with one of these annotations: org.springframework.data.redis.core.RedisHash (preferred), or consider extending one of the following types with your repository: org.springframework.data.keyvalue.repository.KeyValueRepository
2026-06-05 09:56:03,439 [main] INFO  o.s.d.r.c.RepositoryConfigurationExtensionSupport  - Spring Data Redis - Could not safely identify store assignment for repository candidate interface cn.edu.sdu.java.server.repositorys.HomeworkSubmissionRepository; If you want this repository to be a Redis repository, consider annotating your entities with one of these annotations: org.springframework.data.redis.core.RedisHash (preferred), or consider extending one of the following types with your repository: org.springframework.data.keyvalue.repository.KeyValueRepository
2026-06-05 09:56:03,439 [main] INFO  o.s.d.r.c.RepositoryConfigurationExtensionSupport  - Spring Data Redis - Could not safely identify store assignment for repository candidate interface cn.edu.sdu.java.server.repositorys.HonorRepository; If you want this repository to be a Redis repository, consider annotating your entities with one of these annotations: org.springframework.data.redis.core.RedisHash (preferred), or consider extending one of the following types with your repository: org.springframework.data.keyvalue.repository.KeyValueRepository
2026-06-05 09:56:03,440 [main] INFO  o.s.d.r.c.RepositoryConfigurationExtensionSupport  - Spring Data Redis - Could not safely identify store assignment for repository candidate interface cn.edu.sdu.java.server.repositorys.InnovationProjectRepository; If you want this repository to be a Redis repository, consider annotating your entities with one of these annotations: org.springframework.data.redis.core.RedisHash (preferred), or consider extending one of the following types with your repository: org.springframework.data.keyvalue.repository.KeyValueRepository
2026-06-05 09:56:03,440 [main] INFO  o.s.d.r.c.RepositoryConfigurationExtensionSupport  - Spring Data Redis - Could not safely identify store assignment for repository candidate interface cn.edu.sdu.java.server.repositorys.MenuInfoRepository; If you want this repository to be a Redis repository, consider annotating your entities with one of these annotations: org.springframework.data.redis.core.RedisHash (preferred), or consider extending one of the following types with your repository: org.springframework.data.keyvalue.repository.KeyValueRepository
2026-06-05 09:56:03,440 [main] INFO  o.s.d.r.c.RepositoryConfigurationExtensionSupport  - Spring Data Redis - Could not safely identify store assignment for repository candidate interface cn.edu.sdu.java.server.repositorys.ModifyLogRepository; If you want this repository to be a Redis repository, consider annotating your entities with one of these annotations: org.springframework.data.redis.core.RedisHash (preferred), or consider extending one of the following types with your repository: org.springframework.data.keyvalue.repository.KeyValueRepository
2026-06-05 09:56:03,442 [main] INFO  o.s.d.r.c.RepositoryConfigurationExtensionSupport  - Spring Data Redis - Could not safely identify store assignment for repository candidate interface cn.edu.sdu.java.server.repositorys.PersonRepository; If you want this repository to be a Redis repository, consider annotating your entities with one of these annotations: org.springframework.data.redis.core.RedisHash (preferred), or consider extending one of the following types with your repository: org.springframework.data.keyvalue.repository.KeyValueRepository
2026-06-05 09:56:03,443 [main] INFO  o.s.d.r.c.RepositoryConfigurationExtensionSupport  - Spring Data Redis - Could not safely identify store assignment for repository candidate interface cn.edu.sdu.java.server.repositorys.PunishmentRepository; If you want this repository to be a Redis repository, consider annotating your entities with one of these annotations: org.springframework.data.redis.core.RedisHash (preferred), or consider extending one of the following types with your repository: org.springframework.data.keyvalue.repository.KeyValueRepository
2026-06-05 09:56:03,443 [main] INFO  o.s.d.r.c.RepositoryConfigurationExtensionSupport  - Spring Data Redis - Could not safely identify store assignment for repository candidate interface cn.edu.sdu.java.server.repositorys.RequestLogRepository; If you want this repository to be a Redis repository, consider annotating your entities with one of these annotations: org.springframework.data.redis.core.RedisHash (preferred), or consider extending one of the following types with your repository: org.springframework.data.keyvalue.repository.KeyValueRepository
2026-06-05 09:56:03,444 [main] INFO  o.s.d.r.c.RepositoryConfigurationExtensionSupport  - Spring Data Redis - Could not safely identify store assignment for repository candidate interface cn.edu.sdu.java.server.repositorys.ScoreRepository; If you want this repository to be a Redis repository, consider annotating your entities with one of these annotations: org.springframework.data.redis.core.RedisHash (preferred), or consider extending one of the following types with your repository: org.springframework.data.keyvalue.repository.KeyValueRepository
2026-06-05 09:56:03,444 [main] INFO  o.s.d.r.c.RepositoryConfigurationExtensionSupport  - Spring Data Redis - Could not safely identify store assignment for repository candidate interface cn.edu.sdu.java.server.repositorys.SocialRelationRepository; If you want this repository to be a Redis repository, consider annotating your entities with one of these annotations: org.springframework.data.redis.core.RedisHash (preferred), or consider extending one of the following types with your repository: org.springframework.data.keyvalue.repository.KeyValueRepository
2026-06-05 09:56:03,444 [main] INFO  o.s.d.r.c.RepositoryConfigurationExtensionSupport  - Spring Data Redis - Could not safely identify store assignment for repository candidate interface cn.edu.sdu.java.server.repositorys.StatisticsDayRepository; If you want this repository to be a Redis repository, consider annotating your entities with one of these annotations: org.springframework.data.redis.core.RedisHash (preferred), or consider extending one of the following types with your repository: org.springframework.data.keyvalue.repository.KeyValueRepository
2026-06-05 09:56:03,445 [main] INFO  o.s.d.r.c.RepositoryConfigurationExtensionSupport  - Spring Data Redis - Could not safely identify store assignment for repository candidate interface cn.edu.sdu.java.server.repositorys.StudentExamScheduleRepository; If you want this repository to be a Redis repository, consider annotating your entities with one of these annotations: org.springframework.data.redis.core.RedisHash (preferred), or consider extending one of the following types with your repository: org.springframework.data.keyvalue.repository.KeyValueRepository
2026-06-05 09:56:03,445 [main] INFO  o.s.d.r.c.RepositoryConfigurationExtensionSupport  - Spring Data Redis - Could not safely identify store assignment for repository candidate interface cn.edu.sdu.java.server.repositorys.StudentLeaveRepository; If you want this repository to be a Redis repository, consider annotating your entities with one of these annotations: org.springframework.data.redis.core.RedisHash (preferred), or consider extending one of the following types with your repository: org.springframework.data.keyvalue.repository.KeyValueRepository
2026-06-05 09:56:03,446 [main] INFO  o.s.d.r.c.RepositoryConfigurationExtensionSupport  - Spring Data Redis - Could not safely identify store assignment for repository candidate interface cn.edu.sdu.java.server.repositorys.StudentRepository; If you want this repository to be a Redis repository, consider annotating your entities with one of these annotations: org.springframework.data.redis.core.RedisHash (preferred), or consider extending one of the following types with your repository: org.springframework.data.keyvalue.repository.KeyValueRepository
2026-06-05 09:56:03,446 [main] INFO  o.s.d.r.c.RepositoryConfigurationExtensionSupport  - Spring Data Redis - Could not safely identify store assignment for repository candidate interface cn.edu.sdu.java.server.repositorys.StudentStatisticsRepository; If you want this repository to be a Redis repository, consider annotating your entities with one of these annotations: org.springframework.data.redis.core.RedisHash (preferred), or consider extending one of the following types with your repository: org.springframework.data.keyvalue.repository.KeyValueRepository
2026-06-05 09:56:03,446 [main] INFO  o.s.d.r.c.RepositoryConfigurationExtensionSupport  - Spring Data Redis - Could not safely identify store assignment for repository candidate interface cn.edu.sdu.java.server.repositorys.SystemInfoRepository; If you want this repository to be a Redis repository, consider annotating your entities with one of these annotations: org.springframework.data.redis.core.RedisHash (preferred), or consider extending one of the following types with your repository: org.springframework.data.keyvalue.repository.KeyValueRepository
2026-06-05 09:56:03,447 [main] INFO  o.s.d.r.c.RepositoryConfigurationExtensionSupport  - Spring Data Redis - Could not safely identify store assignment for repository candidate interface cn.edu.sdu.java.server.repositorys.TeacherRepository; If you want this repository to be a Redis repository, consider annotating your entities with one of these annotations: org.springframework.data.redis.core.RedisHash (preferred), or consider extending one of the following types with your repository: org.springframework.data.keyvalue.repository.KeyValueRepository
2026-06-05 09:56:03,447 [main] INFO  o.s.d.r.c.RepositoryConfigurationExtensionSupport  - Spring Data Redis - Could not safely identify store assignment for repository candidate interface cn.edu.sdu.java.server.repositorys.UserRepository; If you want this repository to be a Redis repository, consider annotating your entities with one of these annotations: org.springframework.data.redis.core.RedisHash (preferred), or consider extending one of the following types with your repository: org.springframework.data.keyvalue.repository.KeyValueRepository
2026-06-05 09:56:03,448 [main] INFO  o.s.d.r.c.RepositoryConfigurationExtensionSupport  - Spring Data Redis - Could not safely identify store assignment for repository candidate interface cn.edu.sdu.java.server.repositorys.UserTypeRepository; If you want this repository to be a Redis repository, consider annotating your entities with one of these annotations: org.springframework.data.redis.core.RedisHash (preferred), or consider extending one of the following types with your repository: org.springframework.data.keyvalue.repository.KeyValueRepository
2026-06-05 09:56:03,448 [main] INFO  o.s.d.r.c.RepositoryConfigurationDelegate          - Finished Spring Data repository scanning in 20 ms. Found 0 Redis repository interfaces.
2026-06-05 09:56:04,313 [main] INFO  o.s.b.w.embedded.tomcat.TomcatWebServer            - Tomcat initialized with port 22223 (http)
2026-06-05 09:56:04,325 [main] INFO  o.apache.coyote.http11.Http11NioProtocol           - Initializing ProtocolHandler ["http-nio-22223"]
2026-06-05 09:56:04,328 [main] INFO  o.apache.catalina.core.StandardService             - Starting service [Tomcat]
2026-06-05 09:56:04,328 [main] INFO  org.apache.catalina.core.StandardEngine            - Starting Servlet engine: [Apache Tomcat/10.1.34]
2026-06-05 09:56:04,403 [main] INFO  o.a.c.c.C.[Tomcat].[localhost].[/]                 - Initializing Spring embedded WebApplicationContext
2026-06-05 09:56:04,404 [main] INFO  o.s.b.w.s.c.ServletWebServerApplicationContext     - Root WebApplicationContext: initialization completed in 2100 ms
2026-06-05 09:56:04,643 [main] INFO  o.hibernate.jpa.internal.util.LogHelper            - HHH000204: Processing PersistenceUnitInfo [name: default]
2026-06-05 09:56:04,768 [main] INFO  org.hibernate.Version                              - HHH000412: Hibernate ORM core version 6.6.5.Final
2026-06-05 09:56:04,840 [main] INFO  o.h.c.internal.RegionFactoryInitiator              - HHH000026: Second-level cache disabled
2026-06-05 09:56:05,105 [main] INFO  o.s.o.j.p.SpringPersistenceUnitInfo                - No LoadTimeWeaver setup: ignoring JPA class transformer
2026-06-05 09:56:05,127 [main] INFO  com.zaxxer.hikari.HikariDataSource                 - HikariPool-1 - Starting...
2026-06-05 09:56:09,809 [main] INFO  com.zaxxer.hikari.pool.HikariPool                  - HikariPool-1 - Added connection com.mysql.cj.jdbc.ConnectionImpl@186d6033
2026-06-05 09:56:09,810 [main] INFO  com.zaxxer.hikari.HikariDataSource                 - HikariPool-1 - Start completed.
2026-06-05 09:56:09,871 [main] INFO  org.hibernate.orm.connections.pooling              - HHH10001005: Database info:
	Database JDBC URL [Connecting through datasource 'HikariDataSource (HikariPool-1)']
	Database driver: undefined/unknown
	Database version: 8.0.35
	Autocommit mode: undefined/unknown
	Isolation level: undefined/unknown
	Minimum pool size: undefined/unknown
	Maximum pool size: undefined/unknown
2026-06-05 09:56:10,921 [main] INFO  o.h.e.t.j.p.i.JtaPlatformInitiator                 - HHH000489: No JTA platform available (set 'hibernate.transaction.jta.platform' to enable JTA platform integration)
2026-06-05 09:56:10,923 [main] INFO  o.s.o.j.LocalContainerEntityManagerFactoryBean     - Initialized JPA EntityManagerFactory for persistence unit 'default'
2026-06-05 09:56:11,349 [main] INFO  o.s.d.j.r.query.QueryEnhancerFactory               - Hibernate is in classpath; If applicable, HQL parser will be used.
2026-06-05 09:56:12,159 [main] WARN  o.s.b.a.o.j.JpaBaseConfiguration$JpaWebConfiguration - spring.jpa.open-in-view is enabled by default. Therefore, database queries may be performed during view rendering. Explicitly configure spring.jpa.open-in-view to disable this warning
2026-06-05 09:56:13,140 [main] INFO  o.s.s.c.a.a.c.InitializeAuthenticationProviderBeanManagerConfigurer$InitializeAuthenticationProviderManagerConfigurer - Global AuthenticationManager configured with AuthenticationProvider bean with name authenticationProvider
2026-06-05 09:56:13,141 [main] WARN  o.s.s.c.a.a.c.InitializeUserDetailsBeanManagerConfigurer$InitializeUserDetailsManagerConfigurer - Global AuthenticationManager configured with an AuthenticationProvider bean. UserDetailsService beans will not be used by Spring Security for automatically configuring username/password login. Consider removing the AuthenticationProvider bean. Alternatively, consider using the UserDetailsService in a manually instantiated DaoAuthenticationProvider. If the current configuration is intentional, to turn off this warning, increase the logging level of 'org.springframework.security.config.annotation.authentication.configuration.InitializeUserDetailsBeanManagerConfigurer' to ERROR
2026-06-05 09:56:14,043 [main] INFO  o.s.b.a.w.s.WelcomePageHandlerMapping              - Adding welcome page: class path resource [public/index.html]
2026-06-05 09:56:15,308 [main] INFO  o.apache.coyote.http11.Http11NioProtocol           - Starting ProtocolHandler ["http-nio-22223"]
2026-06-05 09:56:15,343 [main] INFO  o.s.b.w.embedded.tomcat.TomcatWebServer            - Tomcat started on port 22223 (http) with context path '/'
2026-06-05 09:56:15,356 [main] INFO  c.e.s.java.server.JavaServerApplication            - Started JavaServerApplication in 13.575 seconds (process running for 13.885)
2026-06-05 09:56:15,362 [main] INFO  c.e.s.j.server.SystemApplicationListener           - org.springframework.boot.context.event.ApplicationReadyEvent[source=org.springframework.boot.SpringApplication@66ed78b3]
2026-06-05 09:56:15,363 [main] INFO  c.e.s.j.server.SystemApplicationListener           - SystemInitStart
2026-06-05 09:56:15,530 [main] INFO  c.e.s.java.server.services.SystemService           - System config loaded, 0 items
2026-06-05 09:56:15,530 [main] INFO  c.e.s.j.server.SystemApplicationListener           - systemInitEnd
2026-06-05 09:59:01,745 [http-nio-22223-exec-1] INFO  o.a.c.c.C.[Tomcat].[localhost].[/]                 - Initializing Spring DispatcherServlet 'dispatcherServlet'
2026-06-05 09:59:01,746 [http-nio-22223-exec-1] INFO  o.s.web.servlet.DispatcherServlet                  - Initializing Servlet 'dispatcherServlet'
2026-06-05 09:59:01,747 [http-nio-22223-exec-1] INFO  o.s.web.servlet.DispatcherServlet                  - Completed initialization in 1 ms
2026-06-05 09:59:02,439 [http-nio-22223-exec-2] INFO  c.e.s.j.s.c.JwtAuthenticationFilter                - /api/base/getDataBaseUserName,admin,2026-06-05 09:59:02,0.136
2026-06-05 09:59:03,008 [http-nio-22223-exec-3] INFO  c.e.s.j.s.c.JwtAuthenticationFilter                - /api/base/getMenuList,admin,2026-06-05 09:59:02,0.468
2026-06-05 09:59:05,125 [http-nio-22223-exec-4] INFO  c.e.s.j.s.c.JwtAuthenticationFilter                - /api/base/getDictionaryOptionItemList,admin,2026-06-05 09:59:04,0.176
2026-06-05 09:59:05,386 [http-nio-22223-exec-5] INFO  c.e.s.j.s.c.JwtAuthenticationFilter                - /api/teacher/getTeacherList,admin,2026-06-05 09:59:05,0.148
2026-06-05 09:59:29,387 [http-nio-22223-exec-7] ERROR c.e.s.j.s.configs.GlobalExceptionHandler           - 业务错误：Row was updated or deleted by another transaction (or unsaved-value mapping was incorrect): [cn.edu.sdu.java.server.models.Teacher#101]
org.springframework.orm.ObjectOptimisticLockingFailureException: Row was updated or deleted by another transaction (or unsaved-value mapping was incorrect): [cn.edu.sdu.java.server.models.Teacher#101]
	at org.springframework.orm.jpa.vendor.HibernateJpaDialect.convertHibernateAccessException(HibernateJpaDialect.java:325)
	at org.springframework.orm.jpa.vendor.HibernateJpaDialect.translateExceptionIfPossible(HibernateJpaDialect.java:244)
	at org.springframework.orm.jpa.AbstractEntityManagerFactoryBean.translateExceptionIfPossible(AbstractEntityManagerFactoryBean.java:560)
	at org.springframework.dao.support.ChainedPersistenceExceptionTranslator.translateExceptionIfPossible(ChainedPersistenceExceptionTranslator.java:61)
	at org.springframework.dao.support.DataAccessUtils.translateIfNecessary(DataAccessUtils.java:343)
	at org.springframework.dao.support.PersistenceExceptionTranslationInterceptor.invoke(PersistenceExceptionTranslationInterceptor.java:160)
	at org.springframework.aop.framework.ReflectiveMethodInvocation.proceed(ReflectiveMethodInvocation.java:184)
	at org.springframework.data.jpa.repository.support.CrudMethodMetadataPostProcessor$CrudMethodMetadataPopulatingMethodInterceptor.invoke(CrudMethodMetadataPostProcessor.java:165)
	at org.springframework.aop.framework.ReflectiveMethodInvocation.proceed(ReflectiveMethodInvocation.java:184)
	at org.springframework.aop.framework.JdkDynamicAopProxy.invoke(JdkDynamicAopProxy.java:223)
	at jdk.proxy2/jdk.proxy2.$Proxy175.save(Unknown Source)
	at cn.edu.sdu.java.server.services.TeacherService.teacherEditSave(TeacherService.java:212)
	at java.base/jdk.internal.reflect.DirectMethodHandleAccessor.invoke(DirectMethodHandleAccessor.java:103)
	at java.base/java.lang.reflect.Method.invoke(Method.java:580)
	at org.springframework.aop.support.AopUtils.invokeJoinpointUsingReflection(AopUtils.java:359)
	at org.springframework.aop.framework.ReflectiveMethodInvocation.invokeJoinpoint(ReflectiveMethodInvocation.java:196)
	at org.springframework.aop.framework.ReflectiveMethodInvocation.proceed(ReflectiveMethodInvocation.java:163)
	at org.springframework.transaction.interceptor.TransactionAspectSupport.invokeWithinTransaction(TransactionAspectSupport.java:380)
	at org.springframework.transaction.interceptor.TransactionInterceptor.invoke(TransactionInterceptor.java:119)
	at org.springframework.aop.framework.ReflectiveMethodInvocation.proceed(ReflectiveMethodInvocation.java:184)
	at org.springframework.aop.framework.CglibAopProxy$DynamicAdvisedInterceptor.intercept(CglibAopProxy.java:727)
	at cn.edu.sdu.java.server.services.TeacherService$$SpringCGLIB$$0.teacherEditSave(<generated>)
	at cn.edu.sdu.java.server.controllers.TeacherController.teacherEditSave(TeacherController.java:48)
	at java.base/jdk.internal.reflect.DirectMethodHandleAccessor.invoke(DirectMethodHandleAccessor.java:103)
	at java.base/java.lang.reflect.Method.invoke(Method.java:580)
	at org.springframework.aop.support.AopUtils.invokeJoinpointUsingReflection(AopUtils.java:359)
	at org.springframework.aop.framework.ReflectiveMethodInvocation.invokeJoinpoint(ReflectiveMethodInvocation.java:196)
	at org.springframework.aop.framework.ReflectiveMethodInvocation.proceed(ReflectiveMethodInvocation.java:163)
	at org.springframework.aop.aspectj.AspectJAfterThrowingAdvice.invoke(AspectJAfterThrowingAdvice.java:64)
	at org.springframework.aop.framework.ReflectiveMethodInvocation.proceed(ReflectiveMethodInvocation.java:184)
	at org.springframework.aop.framework.adapter.AfterReturningAdviceInterceptor.invoke(AfterReturningAdviceInterceptor.java:57)
	at org.springframework.aop.framework.ReflectiveMethodInvocation.proceed(ReflectiveMethodInvocation.java:184)
	at org.springframework.aop.framework.adapter.MethodBeforeAdviceInterceptor.invoke(MethodBeforeAdviceInterceptor.java:58)
	at org.springframework.aop.framework.ReflectiveMethodInvocation.proceed(ReflectiveMethodInvocation.java:184)
	at org.springframework.aop.interceptor.ExposeInvocationInterceptor.invoke(ExposeInvocationInterceptor.java:97)
	at org.springframework.aop.framework.ReflectiveMethodInvocation.proceed(ReflectiveMethodInvocation.java:184)
	at org.springframework.aop.framework.CglibAopProxy$DynamicAdvisedInterceptor.intercept(CglibAopProxy.java:727)
	at cn.edu.sdu.java.server.controllers.TeacherController$$SpringCGLIB$$0.teacherEditSave(<generated>)
	at java.base/jdk.internal.reflect.DirectMethodHandleAccessor.invoke(DirectMethodHandleAccessor.java:103)
	at java.base/java.lang.reflect.Method.invoke(Method.java:580)
	at org.springframework.web.method.support.InvocableHandlerMethod.doInvoke(InvocableHandlerMethod.java:257)
	at org.springframework.web.method.support.InvocableHandlerMethod.invokeForRequest(InvocableHandlerMethod.java:190)
	at org.springframework.web.servlet.mvc.method.annotation.ServletInvocableHandlerMethod.invokeAndHandle(ServletInvocableHandlerMethod.java:118)
	at org.springframework.web.servlet.mvc.method.annotation.RequestMappingHandlerAdapter.invokeHandlerMethod(RequestMappingHandlerAdapter.java:986)
	at org.springframework.web.servlet.mvc.method.annotation.RequestMappingHandlerAdapter.handleInternal(RequestMappingHandlerAdapter.java:891)
	at org.springframework.web.servlet.mvc.method.AbstractHandlerMethodAdapter.handle(AbstractHandlerMethodAdapter.java:87)
	at org.springframework.web.servlet.DispatcherServlet.doDispatch(DispatcherServlet.java:1088)
	at org.springframework.web.servlet.DispatcherServlet.doService(DispatcherServlet.java:978)
	at org.springframework.web.servlet.FrameworkServlet.processRequest(FrameworkServlet.java:1014)
	at org.springframework.web.servlet.FrameworkServlet.doPost(FrameworkServlet.java:914)
	at jakarta.servlet.http.HttpServlet.service(HttpServlet.java:590)
	at org.springframework.web.servlet.FrameworkServlet.service(FrameworkServlet.java:885)
	at jakarta.servlet.http.HttpServlet.service(HttpServlet.java:658)
	at org.apache.catalina.core.ApplicationFilterChain.internalDoFilter(ApplicationFilterChain.java:195)
	at org.apache.catalina.core.ApplicationFilterChain.doFilter(ApplicationFilterChain.java:140)
	at org.apache.tomcat.websocket.server.WsFilter.doFilter(WsFilter.java:51)
	at org.apache.catalina.core.ApplicationFilterChain.internalDoFilter(ApplicationFilterChain.java:164)
	at org.apache.catalina.core.ApplicationFilterChain.doFilter(ApplicationFilterChain.java:140)
	at org.springframework.web.filter.OncePerRequestFilter.doFilter(OncePerRequestFilter.java:110)
	at org.apache.catalina.core.ApplicationFilterChain.internalDoFilter(ApplicationFilterChain.java:164)
	at org.apache.catalina.core.ApplicationFilterChain.doFilter(ApplicationFilterChain.java:140)
	at org.springframework.web.filter.CompositeFilter$VirtualFilterChain.doFilter(CompositeFilter.java:108)
	at org.springframework.security.web.FilterChainProxy.lambda$doFilterInternal$3(FilterChainProxy.java:231)
	at org.springframework.security.web.FilterChainProxy$VirtualFilterChain.doFilter(FilterChainProxy.java:365)
	at org.springframework.security.web.access.intercept.AuthorizationFilter.doFilter(AuthorizationFilter.java:101)
	at org.springframework.security.web.FilterChainProxy$VirtualFilterChain.doFilter(FilterChainProxy.java:374)
	at org.springframework.security.web.access.ExceptionTranslationFilter.doFilter(ExceptionTranslationFilter.java:126)
	at org.springframework.security.web.access.ExceptionTranslationFilter.doFilter(ExceptionTranslationFilter.java:120)
	at org.springframework.security.web.FilterChainProxy$VirtualFilterChain.doFilter(FilterChainProxy.java:374)
	at org.springframework.security.web.session.SessionManagementFilter.doFilter(SessionManagementFilter.java:131)
	at org.springframework.security.web.session.SessionManagementFilter.doFilter(SessionManagementFilter.java:85)
	at org.springframework.security.web.FilterChainProxy$VirtualFilterChain.doFilter(FilterChainProxy.java:374)
	at org.springframework.security.web.authentication.AnonymousAuthenticationFilter.doFilter(AnonymousAuthenticationFilter.java:100)
	at org.springframework.security.web.FilterChainProxy$VirtualFilterChain.doFilter(FilterChainProxy.java:374)
	at org.springframework.security.web.servletapi.SecurityContextHolderAwareRequestFilter.doFilter(SecurityContextHolderAwareRequestFilter.java:179)
	at org.springframework.security.web.FilterChainProxy$VirtualFilterChain.doFilter(FilterChainProxy.java:374)
	at org.springframework.security.web.savedrequest.RequestCacheAwareFilter.doFilter(RequestCacheAwareFilter.java:63)
	at org.springframework.security.web.FilterChainProxy$VirtualFilterChain.doFilter(FilterChainProxy.java:374)
	at cn.edu.sdu.java.server.configs.JwtAuthenticationFilter.doFilterInternal(JwtAuthenticationFilter.java:91)
	at org.springframework.web.filter.OncePerRequestFilter.doFilter(OncePerRequestFilter.java:116)
	at org.springframework.security.web.FilterChainProxy$VirtualFilterChain.doFilter(FilterChainProxy.java:374)
	at org.springframework.security.web.authentication.logout.LogoutFilter.doFilter(LogoutFilter.java:107)
	at org.springframework.security.web.authentication.logout.LogoutFilter.doFilter(LogoutFilter.java:93)
	at org.springframework.security.web.FilterChainProxy$VirtualFilterChain.doFilter(FilterChainProxy.java:374)
	at org.springframework.web.filter.CorsFilter.doFilterInternal(CorsFilter.java:91)
	at org.springframework.web.filter.OncePerRequestFilter.doFilter(OncePerRequestFilter.java:116)
	at org.springframework.security.web.FilterChainProxy$VirtualFilterChain.doFilter(FilterChainProxy.java:374)
	at org.springframework.security.web.header.HeaderWriterFilter.doHeadersAfter(HeaderWriterFilter.java:90)
	at org.springframework.security.web.header.HeaderWriterFilter.doFilterInternal(HeaderWriterFilter.java:75)
	at org.springframework.web.filter.OncePerRequestFilter.doFilter(OncePerRequestFilter.java:116)
	at org.springframework.security.web.FilterChainProxy$VirtualFilterChain.doFilter(FilterChainProxy.java:374)
	at org.springframework.security.web.context.SecurityContextHolderFilter.doFilter(SecurityContextHolderFilter.java:82)
	at org.springframework.security.web.context.SecurityContextHolderFilter.doFilter(SecurityContextHolderFilter.java:69)
	at org.springframework.security.web.FilterChainProxy$VirtualFilterChain.doFilter(FilterChainProxy.java:374)
	at org.springframework.security.web.context.request.async.WebAsyncManagerIntegrationFilter.doFilterInternal(WebAsyncManagerIntegrationFilter.java:62)
	at org.springframework.web.filter.OncePerRequestFilter.doFilter(OncePerRequestFilter.java:116)
	at org.springframework.security.web.FilterChainProxy$VirtualFilterChain.doFilter(FilterChainProxy.java:374)
	at org.springframework.security.web.session.DisableEncodeUrlFilter.doFilterInternal(DisableEncodeUrlFilter.java:42)
	at org.springframework.web.filter.OncePerRequestFilter.doFilter(OncePerRequestFilter.java:116)
	at org.springframework.security.web.FilterChainProxy$VirtualFilterChain.doFilter(FilterChainProxy.java:374)
	at org.springframework.security.web.FilterChainProxy.doFilterInternal(FilterChainProxy.java:233)
	at org.springframework.security.web.FilterChainProxy.doFilter(FilterChainProxy.java:191)
	at org.springframework.web.filter.CompositeFilter$VirtualFilterChain.doFilter(CompositeFilter.java:113)
	at org.springframework.web.servlet.handler.HandlerMappingIntrospector.lambda$createCacheFilter$3(HandlerMappingIntrospector.java:243)
	at org.springframework.web.filter.CompositeFilter$VirtualFilterChain.doFilter(CompositeFilter.java:113)
	at org.springframework.web.filter.CompositeFilter.doFilter(CompositeFilter.java:74)
	at org.springframework.security.config.annotation.web.configuration.WebMvcSecurityConfiguration$CompositeFilterChainProxy.doFilter(WebMvcSecurityConfiguration.java:238)
	at org.springframework.web.filter.DelegatingFilterProxy.invokeDelegate(DelegatingFilterProxy.java:362)
	at org.springframework.web.filter.DelegatingFilterProxy.doFilter(DelegatingFilterProxy.java:278)
	at org.apache.catalina.core.ApplicationFilterChain.internalDoFilter(ApplicationFilterChain.java:164)
	at org.apache.catalina.core.ApplicationFilterChain.doFilter(ApplicationFilterChain.java:140)
	at org.springframework.web.filter.RequestContextFilter.doFilterInternal(RequestContextFilter.java:100)
	at org.springframework.web.filter.OncePerRequestFilter.doFilter(OncePerRequestFilter.java:116)
	at org.apache.catalina.core.ApplicationFilterChain.internalDoFilter(ApplicationFilterChain.java:164)
	at org.apache.catalina.core.ApplicationFilterChain.doFilter(ApplicationFilterChain.java:140)
	at org.springframework.web.filter.FormContentFilter.doFilterInternal(FormContentFilter.java:93)
	at org.springframework.web.filter.OncePerRequestFilter.doFilter(OncePerRequestFilter.java:116)
	at org.apache.catalina.core.ApplicationFilterChain.internalDoFilter(ApplicationFilterChain.java:164)
	at org.apache.catalina.core.ApplicationFilterChain.doFilter(ApplicationFilterChain.java:140)
	at org.springframework.web.filter.CharacterEncodingFilter.doFilterInternal(CharacterEncodingFilter.java:201)
	at org.springframework.web.filter.OncePerRequestFilter.doFilter(OncePerRequestFilter.java:116)
	at org.apache.catalina.core.ApplicationFilterChain.internalDoFilter(ApplicationFilterChain.java:164)
	at org.apache.catalina.core.ApplicationFilterChain.doFilter(ApplicationFilterChain.java:140)
	at org.apache.catalina.core.StandardWrapperValve.invoke(StandardWrapperValve.java:167)
	at org.apache.catalina.core.StandardContextValve.invoke(StandardContextValve.java:90)
	at org.apache.catalina.authenticator.AuthenticatorBase.invoke(AuthenticatorBase.java:483)
	at org.apache.catalina.core.StandardHostValve.invoke(StandardHostValve.java:115)
	at org.apache.catalina.valves.ErrorReportValve.invoke(ErrorReportValve.java:93)
	at org.apache.catalina.core.StandardEngineValve.invoke(StandardEngineValve.java:74)
	at org.apache.catalina.connector.CoyoteAdapter.service(CoyoteAdapter.java:344)
	at org.apache.coyote.http11.Http11Processor.service(Http11Processor.java:397)
	at org.apache.coyote.AbstractProcessorLight.process(AbstractProcessorLight.java:63)
	at org.apache.coyote.AbstractProtocol$ConnectionHandler.process(AbstractProtocol.java:905)
	at org.apache.tomcat.util.net.NioEndpoint$SocketProcessor.doRun(NioEndpoint.java:1741)
	at org.apache.tomcat.util.net.SocketProcessorBase.run(SocketProcessorBase.java:52)
	at org.apache.tomcat.util.threads.ThreadPoolExecutor.runWorker(ThreadPoolExecutor.java:1190)
	at org.apache.tomcat.util.threads.ThreadPoolExecutor$Worker.run(ThreadPoolExecutor.java:659)
	at org.apache.tomcat.util.threads.TaskThread$WrappingRunnable.run(TaskThread.java:63)
	at java.base/java.lang.Thread.run(Thread.java:1583)
Caused by: org.hibernate.StaleObjectStateException: Row was updated or deleted by another transaction (or unsaved-value mapping was incorrect): [cn.edu.sdu.java.server.models.Teacher#101]
	at org.hibernate.event.internal.DefaultMergeEventListener.entityIsDetached(DefaultMergeEventListener.java:426)
	at org.hibernate.event.internal.DefaultMergeEventListener.merge(DefaultMergeEventListener.java:214)
	at org.hibernate.event.internal.DefaultMergeEventListener.doMerge(DefaultMergeEventListener.java:152)
	at org.hibernate.event.internal.DefaultMergeEventListener.onMerge(DefaultMergeEventListener.java:136)
	at org.hibernate.event.internal.DefaultMergeEventListener.onMerge(DefaultMergeEventListener.java:89)
	at org.hibernate.event.service.internal.EventListenerGroupImpl.fireEventOnEachListener(EventListenerGroupImpl.java:127)
	at org.hibernate.internal.SessionImpl.fireMerge(SessionImpl.java:854)
	at org.hibernate.internal.SessionImpl.merge(SessionImpl.java:840)
	at java.base/jdk.internal.reflect.DirectMethodHandleAccessor.invoke(DirectMethodHandleAccessor.java:103)
	at java.base/java.lang.reflect.Method.invoke(Method.java:580)
	at org.springframework.orm.jpa.ExtendedEntityManagerCreator$ExtendedEntityManagerInvocationHandler.invoke(ExtendedEntityManagerCreator.java:364)
	at jdk.proxy2/jdk.proxy2.$Proxy155.merge(Unknown Source)
	at java.base/jdk.internal.reflect.DirectMethodHandleAccessor.invoke(DirectMethodHandleAccessor.java:103)
	at java.base/java.lang.reflect.Method.invoke(Method.java:580)
	at org.springframework.orm.jpa.SharedEntityManagerCreator$SharedEntityManagerInvocationHandler.invoke(SharedEntityManagerCreator.java:320)
	at jdk.proxy2/jdk.proxy2.$Proxy155.merge(Unknown Source)
	at org.springframework.data.jpa.repository.support.SimpleJpaRepository.save(SimpleJpaRepository.java:630)
	at java.base/jdk.internal.reflect.DirectMethodHandleAccessor.invoke(DirectMethodHandleAccessor.java:103)
	at java.base/java.lang.reflect.Method.invoke(Method.java:580)
	at org.springframework.aop.support.AopUtils.invokeJoinpointUsingReflection(AopUtils.java:359)
	at org.springframework.data.repository.core.support.RepositoryMethodInvoker$RepositoryFragmentMethodInvoker.lambda$new$0(RepositoryMethodInvoker.java:277)
	at org.springframework.data.repository.core.support.RepositoryMethodInvoker.doInvoke(RepositoryMethodInvoker.java:170)
	at org.springframework.data.repository.core.support.RepositoryMethodInvoker.invoke(RepositoryMethodInvoker.java:158)
	at org.springframework.data.repository.core.support.RepositoryComposition$RepositoryFragments.invoke(RepositoryComposition.java:515)
	at org.springframework.data.repository.core.support.RepositoryComposition.invoke(RepositoryComposition.java:284)
	at org.springframework.data.repository.core.support.RepositoryFactorySupport$ImplementationMethodExecutionInterceptor.invoke(RepositoryFactorySupport.java:752)
	at org.springframework.aop.framework.ReflectiveMethodInvocation.proceed(ReflectiveMethodInvocation.java:184)
	at org.springframework.data.repository.core.support.QueryExecutorMethodInterceptor.doInvoke(QueryExecutorMethodInterceptor.java:174)
	at org.springframework.data.repository.core.support.QueryExecutorMethodInterceptor.invoke(QueryExecutorMethodInterceptor.java:149)
	at org.springframework.aop.framework.ReflectiveMethodInvocation.proceed(ReflectiveMethodInvocation.java:184)
	at org.springframework.data.projection.DefaultMethodInvokingMethodInterceptor.invoke(DefaultMethodInvokingMethodInterceptor.java:69)
	at org.springframework.aop.framework.ReflectiveMethodInvocation.proceed(ReflectiveMethodInvocation.java:184)
	at org.springframework.transaction.interceptor.TransactionAspectSupport.invokeWithinTransaction(TransactionAspectSupport.java:380)
	at org.springframework.transaction.interceptor.TransactionInterceptor.invoke(TransactionInterceptor.java:119)
	at org.springframework.aop.framework.ReflectiveMethodInvocation.proceed(ReflectiveMethodInvocation.java:184)
	at org.springframework.dao.support.PersistenceExceptionTranslationInterceptor.invoke(PersistenceExceptionTranslationInterceptor.java:138)
	... 133 common frames omitted
2026-06-05 09:59:29,394 [http-nio-22223-exec-7] INFO  c.e.s.j.s.c.JwtAuthenticationFilter                - /api/teacher/teacherEditSave,admin,2026-06-05 09:59:29,0.285
2026-06-05 09:59:34,312 [http-nio-22223-exec-9] ERROR c.e.s.j.s.configs.GlobalExceptionHandler           - 业务错误：Row was updated or deleted by another transaction (or unsaved-value mapping was incorrect): [cn.edu.sdu.java.server.models.Teacher#102]
org.springframework.orm.ObjectOptimisticLockingFailureException: Row was updated or deleted by another transaction (or unsaved-value mapping was incorrect): [cn.edu.sdu.java.server.models.Teacher#102]
	at org.springframework.orm.jpa.vendor.HibernateJpaDialect.convertHibernateAccessException(HibernateJpaDialect.java:325)
	at org.springframework.orm.jpa.vendor.HibernateJpaDialect.translateExceptionIfPossible(HibernateJpaDialect.java:244)
	at org.springframework.orm.jpa.AbstractEntityManagerFactoryBean.translateExceptionIfPossible(AbstractEntityManagerFactoryBean.java:560)
	at org.springframework.dao.support.ChainedPersistenceExceptionTranslator.translateExceptionIfPossible(ChainedPersistenceExceptionTranslator.java:61)
	at org.springframework.dao.support.DataAccessUtils.translateIfNecessary(DataAccessUtils.java:343)
	at org.springframework.dao.support.PersistenceExceptionTranslationInterceptor.invoke(PersistenceExceptionTranslationInterceptor.java:160)
	at org.springframework.aop.framework.ReflectiveMethodInvocation.proceed(ReflectiveMethodInvocation.java:184)
	at org.springframework.data.jpa.repository.support.CrudMethodMetadataPostProcessor$CrudMethodMetadataPopulatingMethodInterceptor.invoke(CrudMethodMetadataPostProcessor.java:165)
	at org.springframework.aop.framework.ReflectiveMethodInvocation.proceed(ReflectiveMethodInvocation.java:184)
	at org.springframework.aop.framework.JdkDynamicAopProxy.invoke(JdkDynamicAopProxy.java:223)
	at jdk.proxy2/jdk.proxy2.$Proxy175.save(Unknown Source)
	at cn.edu.sdu.java.server.services.TeacherService.teacherEditSave(TeacherService.java:212)
	at java.base/jdk.internal.reflect.DirectMethodHandleAccessor.invoke(DirectMethodHandleAccessor.java:103)
	at java.base/java.lang.reflect.Method.invoke(Method.java:580)
	at org.springframework.aop.support.AopUtils.invokeJoinpointUsingReflection(AopUtils.java:359)
	at org.springframework.aop.framework.ReflectiveMethodInvocation.invokeJoinpoint(ReflectiveMethodInvocation.java:196)
	at org.springframework.aop.framework.ReflectiveMethodInvocation.proceed(ReflectiveMethodInvocation.java:163)
	at org.springframework.transaction.interceptor.TransactionAspectSupport.invokeWithinTransaction(TransactionAspectSupport.java:380)
	at org.springframework.transaction.interceptor.TransactionInterceptor.invoke(TransactionInterceptor.java:119)
	at org.springframework.aop.framework.ReflectiveMethodInvocation.proceed(ReflectiveMethodInvocation.java:184)
	at org.springframework.aop.framework.CglibAopProxy$DynamicAdvisedInterceptor.intercept(CglibAopProxy.java:727)
	at cn.edu.sdu.java.server.services.TeacherService$$SpringCGLIB$$0.teacherEditSave(<generated>)
	at cn.edu.sdu.java.server.controllers.TeacherController.teacherEditSave(TeacherController.java:48)
	at java.base/jdk.internal.reflect.DirectMethodHandleAccessor.invoke(DirectMethodHandleAccessor.java:103)
	at java.base/java.lang.reflect.Method.invoke(Method.java:580)
	at org.springframework.aop.support.AopUtils.invokeJoinpointUsingReflection(AopUtils.java:359)
	at org.springframework.aop.framework.ReflectiveMethodInvocation.invokeJoinpoint(ReflectiveMethodInvocation.java:196)
	at org.springframework.aop.framework.ReflectiveMethodInvocation.proceed(ReflectiveMethodInvocation.java:163)
	at org.springframework.aop.aspectj.AspectJAfterThrowingAdvice.invoke(AspectJAfterThrowingAdvice.java:64)
	at org.springframework.aop.framework.ReflectiveMethodInvocation.proceed(ReflectiveMethodInvocation.java:184)
	at org.springframework.aop.framework.adapter.AfterReturningAdviceInterceptor.invoke(AfterReturningAdviceInterceptor.java:57)
	at org.springframework.aop.framework.ReflectiveMethodInvocation.proceed(ReflectiveMethodInvocation.java:184)
	at org.springframework.aop.framework.adapter.MethodBeforeAdviceInterceptor.invoke(MethodBeforeAdviceInterceptor.java:58)
	at org.springframework.aop.framework.ReflectiveMethodInvocation.proceed(ReflectiveMethodInvocation.java:184)
	at org.springframework.aop.interceptor.ExposeInvocationInterceptor.invoke(ExposeInvocationInterceptor.java:97)
	at org.springframework.aop.framework.ReflectiveMethodInvocation.proceed(ReflectiveMethodInvocation.java:184)
	at org.springframework.aop.framework.CglibAopProxy$DynamicAdvisedInterceptor.intercept(CglibAopProxy.java:727)
	at cn.edu.sdu.java.server.controllers.TeacherController$$SpringCGLIB$$0.teacherEditSave(<generated>)
	at java.base/jdk.internal.reflect.DirectMethodHandleAccessor.invoke(DirectMethodHandleAccessor.java:103)
	at java.base/java.lang.reflect.Method.invoke(Method.java:580)
	at org.springframework.web.method.support.InvocableHandlerMethod.doInvoke(InvocableHandlerMethod.java:257)
	at org.springframework.web.method.support.InvocableHandlerMethod.invokeForRequest(InvocableHandlerMethod.java:190)
	at org.springframework.web.servlet.mvc.method.annotation.ServletInvocableHandlerMethod.invokeAndHandle(ServletInvocableHandlerMethod.java:118)
	at org.springframework.web.servlet.mvc.method.annotation.RequestMappingHandlerAdapter.invokeHandlerMethod(RequestMappingHandlerAdapter.java:986)
	at org.springframework.web.servlet.mvc.method.annotation.RequestMappingHandlerAdapter.handleInternal(RequestMappingHandlerAdapter.java:891)
	at org.springframework.web.servlet.mvc.method.AbstractHandlerMethodAdapter.handle(AbstractHandlerMethodAdapter.java:87)
	at org.springframework.web.servlet.DispatcherServlet.doDispatch(DispatcherServlet.java:1088)
	at org.springframework.web.servlet.DispatcherServlet.doService(DispatcherServlet.java:978)
	at org.springframework.web.servlet.FrameworkServlet.processRequest(FrameworkServlet.java:1014)
	at org.springframework.web.servlet.FrameworkServlet.doPost(FrameworkServlet.java:914)
	at jakarta.servlet.http.HttpServlet.service(HttpServlet.java:590)
	at org.springframework.web.servlet.FrameworkServlet.service(FrameworkServlet.java:885)
	at jakarta.servlet.http.HttpServlet.service(HttpServlet.java:658)
	at org.apache.catalina.core.ApplicationFilterChain.internalDoFilter(ApplicationFilterChain.java:195)
	at org.apache.catalina.core.ApplicationFilterChain.doFilter(ApplicationFilterChain.java:140)
	at org.apache.tomcat.websocket.server.WsFilter.doFilter(WsFilter.java:51)
	at org.apache.catalina.core.ApplicationFilterChain.internalDoFilter(ApplicationFilterChain.java:164)
	at org.apache.catalina.core.ApplicationFilterChain.doFilter(ApplicationFilterChain.java:140)
	at org.springframework.web.filter.OncePerRequestFilter.doFilter(OncePerRequestFilter.java:110)
	at org.apache.catalina.core.ApplicationFilterChain.internalDoFilter(ApplicationFilterChain.java:164)
	at org.apache.catalina.core.ApplicationFilterChain.doFilter(ApplicationFilterChain.java:140)
	at org.springframework.web.filter.CompositeFilter$VirtualFilterChain.doFilter(CompositeFilter.java:108)
	at org.springframework.security.web.FilterChainProxy.lambda$doFilterInternal$3(FilterChainProxy.java:231)
	at org.springframework.security.web.FilterChainProxy$VirtualFilterChain.doFilter(FilterChainProxy.java:365)
	at org.springframework.security.web.access.intercept.AuthorizationFilter.doFilter(AuthorizationFilter.java:101)
	at org.springframework.security.web.FilterChainProxy$VirtualFilterChain.doFilter(FilterChainProxy.java:374)
	at org.springframework.security.web.access.ExceptionTranslationFilter.doFilter(ExceptionTranslationFilter.java:126)
	at org.springframework.security.web.access.ExceptionTranslationFilter.doFilter(ExceptionTranslationFilter.java:120)
	at org.springframework.security.web.FilterChainProxy$VirtualFilterChain.doFilter(FilterChainProxy.java:374)
	at org.springframework.security.web.session.SessionManagementFilter.doFilter(SessionManagementFilter.java:131)
	at org.springframework.security.web.session.SessionManagementFilter.doFilter(SessionManagementFilter.java:85)
	at org.springframework.security.web.FilterChainProxy$VirtualFilterChain.doFilter(FilterChainProxy.java:374)
	at org.springframework.security.web.authentication.AnonymousAuthenticationFilter.doFilter(AnonymousAuthenticationFilter.java:100)
	at org.springframework.security.web.FilterChainProxy$VirtualFilterChain.doFilter(FilterChainProxy.java:374)
	at org.springframework.security.web.servletapi.SecurityContextHolderAwareRequestFilter.doFilter(SecurityContextHolderAwareRequestFilter.java:179)
	at org.springframework.security.web.FilterChainProxy$VirtualFilterChain.doFilter(FilterChainProxy.java:374)
	at org.springframework.security.web.savedrequest.RequestCacheAwareFilter.doFilter(RequestCacheAwareFilter.java:63)
	at org.springframework.security.web.FilterChainProxy$VirtualFilterChain.doFilter(FilterChainProxy.java:374)
	at cn.edu.sdu.java.server.configs.JwtAuthenticationFilter.doFilterInternal(JwtAuthenticationFilter.java:91)
	at org.springframework.web.filter.OncePerRequestFilter.doFilter(OncePerRequestFilter.java:116)
	at org.springframework.security.web.FilterChainProxy$VirtualFilterChain.doFilter(FilterChainProxy.java:374)
	at org.springframework.security.web.authentication.logout.LogoutFilter.doFilter(LogoutFilter.java:107)
	at org.springframework.security.web.authentication.logout.LogoutFilter.doFilter(LogoutFilter.java:93)
	at org.springframework.security.web.FilterChainProxy$VirtualFilterChain.doFilter(FilterChainProxy.java:374)
	at org.springframework.web.filter.CorsFilter.doFilterInternal(CorsFilter.java:91)
	at org.springframework.web.filter.OncePerRequestFilter.doFilter(OncePerRequestFilter.java:116)
	at org.springframework.security.web.FilterChainProxy$VirtualFilterChain.doFilter(FilterChainProxy.java:374)
	at org.springframework.security.web.header.HeaderWriterFilter.doHeadersAfter(HeaderWriterFilter.java:90)
	at org.springframework.security.web.header.HeaderWriterFilter.doFilterInternal(HeaderWriterFilter.java:75)
	at org.springframework.web.filter.OncePerRequestFilter.doFilter(OncePerRequestFilter.java:116)
	at org.springframework.security.web.FilterChainProxy$VirtualFilterChain.doFilter(FilterChainProxy.java:374)
	at org.springframework.security.web.context.SecurityContextHolderFilter.doFilter(SecurityContextHolderFilter.java:82)
	at org.springframework.security.web.context.SecurityContextHolderFilter.doFilter(SecurityContextHolderFilter.java:69)
	at org.springframework.security.web.FilterChainProxy$VirtualFilterChain.doFilter(FilterChainProxy.java:374)
	at org.springframework.security.web.context.request.async.WebAsyncManagerIntegrationFilter.doFilterInternal(WebAsyncManagerIntegrationFilter.java:62)
	at org.springframework.web.filter.OncePerRequestFilter.doFilter(OncePerRequestFilter.java:116)
	at org.springframework.security.web.FilterChainProxy$VirtualFilterChain.doFilter(FilterChainProxy.java:374)
	at org.springframework.security.web.session.DisableEncodeUrlFilter.doFilterInternal(DisableEncodeUrlFilter.java:42)
	at org.springframework.web.filter.OncePerRequestFilter.doFilter(OncePerRequestFilter.java:116)
	at org.springframework.security.web.FilterChainProxy$VirtualFilterChain.doFilter(FilterChainProxy.java:374)
	at org.springframework.security.web.FilterChainProxy.doFilterInternal(FilterChainProxy.java:233)
	at org.springframework.security.web.FilterChainProxy.doFilter(FilterChainProxy.java:191)
	at org.springframework.web.filter.CompositeFilter$VirtualFilterChain.doFilter(CompositeFilter.java:113)
	at org.springframework.web.servlet.handler.HandlerMappingIntrospector.lambda$createCacheFilter$3(HandlerMappingIntrospector.java:243)
	at org.springframework.web.filter.CompositeFilter$VirtualFilterChain.doFilter(CompositeFilter.java:113)
	at org.springframework.web.filter.CompositeFilter.doFilter(CompositeFilter.java:74)
	at org.springframework.security.config.annotation.web.configuration.WebMvcSecurityConfiguration$CompositeFilterChainProxy.doFilter(WebMvcSecurityConfiguration.java:238)
	at org.springframework.web.filter.DelegatingFilterProxy.invokeDelegate(DelegatingFilterProxy.java:362)
	at org.springframework.web.filter.DelegatingFilterProxy.doFilter(DelegatingFilterProxy.java:278)
	at org.apache.catalina.core.ApplicationFilterChain.internalDoFilter(ApplicationFilterChain.java:164)
	at org.apache.catalina.core.ApplicationFilterChain.doFilter(ApplicationFilterChain.java:140)
	at org.springframework.web.filter.RequestContextFilter.doFilterInternal(RequestContextFilter.java:100)
	at org.springframework.web.filter.OncePerRequestFilter.doFilter(OncePerRequestFilter.java:116)
	at org.apache.catalina.core.ApplicationFilterChain.internalDoFilter(ApplicationFilterChain.java:164)
	at org.apache.catalina.core.ApplicationFilterChain.doFilter(ApplicationFilterChain.java:140)
	at org.springframework.web.filter.FormContentFilter.doFilterInternal(FormContentFilter.java:93)
	at org.springframework.web.filter.OncePerRequestFilter.doFilter(OncePerRequestFilter.java:116)
	at org.apache.catalina.core.ApplicationFilterChain.internalDoFilter(ApplicationFilterChain.java:164)
	at org.apache.catalina.core.ApplicationFilterChain.doFilter(ApplicationFilterChain.java:140)
	at org.springframework.web.filter.CharacterEncodingFilter.doFilterInternal(CharacterEncodingFilter.java:201)
	at org.springframework.web.filter.OncePerRequestFilter.doFilter(OncePerRequestFilter.java:116)
	at org.apache.catalina.core.ApplicationFilterChain.internalDoFilter(ApplicationFilterChain.java:164)
	at org.apache.catalina.core.ApplicationFilterChain.doFilter(ApplicationFilterChain.java:140)
	at org.apache.catalina.core.StandardWrapperValve.invoke(StandardWrapperValve.java:167)
	at org.apache.catalina.core.StandardContextValve.invoke(StandardContextValve.java:90)
	at org.apache.catalina.authenticator.AuthenticatorBase.invoke(AuthenticatorBase.java:483)
	at org.apache.catalina.core.StandardHostValve.invoke(StandardHostValve.java:115)
	at org.apache.catalina.valves.ErrorReportValve.invoke(ErrorReportValve.java:93)
	at org.apache.catalina.core.StandardEngineValve.invoke(StandardEngineValve.java:74)
	at org.apache.catalina.connector.CoyoteAdapter.service(CoyoteAdapter.java:344)
	at org.apache.coyote.http11.Http11Processor.service(Http11Processor.java:397)
	at org.apache.coyote.AbstractProcessorLight.process(AbstractProcessorLight.java:63)
	at org.apache.coyote.AbstractProtocol$ConnectionHandler.process(AbstractProtocol.java:905)
	at org.apache.tomcat.util.net.NioEndpoint$SocketProcessor.doRun(NioEndpoint.java:1741)
	at org.apache.tomcat.util.net.SocketProcessorBase.run(SocketProcessorBase.java:52)
	at org.apache.tomcat.util.threads.ThreadPoolExecutor.runWorker(ThreadPoolExecutor.java:1190)
	at org.apache.tomcat.util.threads.ThreadPoolExecutor$Worker.run(ThreadPoolExecutor.java:659)
	at org.apache.tomcat.util.threads.TaskThread$WrappingRunnable.run(TaskThread.java:63)
	at java.base/java.lang.Thread.run(Thread.java:1583)
Caused by: org.hibernate.StaleObjectStateException: Row was updated or deleted by another transaction (or unsaved-value mapping was incorrect): [cn.edu.sdu.java.server.models.Teacher#102]
	at org.hibernate.event.internal.DefaultMergeEventListener.entityIsDetached(DefaultMergeEventListener.java:426)
	at org.hibernate.event.internal.DefaultMergeEventListener.merge(DefaultMergeEventListener.java:214)
	at org.hibernate.event.internal.DefaultMergeEventListener.doMerge(DefaultMergeEventListener.java:152)
	at org.hibernate.event.internal.DefaultMergeEventListener.onMerge(DefaultMergeEventListener.java:136)
	at org.hibernate.event.internal.DefaultMergeEventListener.onMerge(DefaultMergeEventListener.java:89)
	at org.hibernate.event.service.internal.EventListenerGroupImpl.fireEventOnEachListener(EventListenerGroupImpl.java:127)
	at org.hibernate.internal.SessionImpl.fireMerge(SessionImpl.java:854)
	at org.hibernate.internal.SessionImpl.merge(SessionImpl.java:840)
	at java.base/jdk.internal.reflect.DirectMethodHandleAccessor.invoke(DirectMethodHandleAccessor.java:103)
	at java.base/java.lang.reflect.Method.invoke(Method.java:580)
	at org.springframework.orm.jpa.ExtendedEntityManagerCreator$ExtendedEntityManagerInvocationHandler.invoke(ExtendedEntityManagerCreator.java:364)
	at jdk.proxy2/jdk.proxy2.$Proxy155.merge(Unknown Source)
	at java.base/jdk.internal.reflect.DirectMethodHandleAccessor.invoke(DirectMethodHandleAccessor.java:103)
	at java.base/java.lang.reflect.Method.invoke(Method.java:580)
	at org.springframework.orm.jpa.SharedEntityManagerCreator$SharedEntityManagerInvocationHandler.invoke(SharedEntityManagerCreator.java:320)
	at jdk.proxy2/jdk.proxy2.$Proxy155.merge(Unknown Source)
	at org.springframework.data.jpa.repository.support.SimpleJpaRepository.save(SimpleJpaRepository.java:630)
	at java.base/jdk.internal.reflect.DirectMethodHandleAccessor.invoke(DirectMethodHandleAccessor.java:103)
	at java.base/java.lang.reflect.Method.invoke(Method.java:580)
	at org.springframework.aop.support.AopUtils.invokeJoinpointUsingReflection(AopUtils.java:359)
	at org.springframework.data.repository.core.support.RepositoryMethodInvoker$RepositoryFragmentMethodInvoker.lambda$new$0(RepositoryMethodInvoker.java:277)
	at org.springframework.data.repository.core.support.RepositoryMethodInvoker.doInvoke(RepositoryMethodInvoker.java:170)
	at org.springframework.data.repository.core.support.RepositoryMethodInvoker.invoke(RepositoryMethodInvoker.java:158)
	at org.springframework.data.repository.core.support.RepositoryComposition$RepositoryFragments.invoke(RepositoryComposition.java:515)
	at org.springframework.data.repository.core.support.RepositoryComposition.invoke(RepositoryComposition.java:284)
	at org.springframework.data.repository.core.support.RepositoryFactorySupport$ImplementationMethodExecutionInterceptor.invoke(RepositoryFactorySupport.java:752)
	at org.springframework.aop.framework.ReflectiveMethodInvocation.proceed(ReflectiveMethodInvocation.java:184)
	at org.springframework.data.repository.core.support.QueryExecutorMethodInterceptor.doInvoke(QueryExecutorMethodInterceptor.java:174)
	at org.springframework.data.repository.core.support.QueryExecutorMethodInterceptor.invoke(QueryExecutorMethodInterceptor.java:149)
	at org.springframework.aop.framework.ReflectiveMethodInvocation.proceed(ReflectiveMethodInvocation.java:184)
	at org.springframework.data.projection.DefaultMethodInvokingMethodInterceptor.invoke(DefaultMethodInvokingMethodInterceptor.java:69)
	at org.springframework.aop.framework.ReflectiveMethodInvocation.proceed(ReflectiveMethodInvocation.java:184)
	at org.springframework.transaction.interceptor.TransactionAspectSupport.invokeWithinTransaction(TransactionAspectSupport.java:380)
	at org.springframework.transaction.interceptor.TransactionInterceptor.invoke(TransactionInterceptor.java:119)
	at org.springframework.aop.framework.ReflectiveMethodInvocation.proceed(ReflectiveMethodInvocation.java:184)
	at org.springframework.dao.support.PersistenceExceptionTranslationInterceptor.invoke(PersistenceExceptionTranslationInterceptor.java:138)
	... 133 common frames omitted
2026-06-05 09:59:34,316 [http-nio-22223-exec-9] INFO  c.e.s.j.s.c.JwtAuthenticationFilter                - /api/teacher/teacherEditSave,admin,2026-06-05 09:59:34,0.252
2026-06-05 09:59:38,031 [http-nio-22223-exec-10] ERROR c.e.s.j.s.configs.GlobalExceptionHandler           - 业务错误：Row was updated or deleted by another transaction (or unsaved-value mapping was incorrect): [cn.edu.sdu.java.server.models.Teacher#103]
org.springframework.orm.ObjectOptimisticLockingFailureException: Row was updated or deleted by another transaction (or unsaved-value mapping was incorrect): [cn.edu.sdu.java.server.models.Teacher#103]
	at org.springframework.orm.jpa.vendor.HibernateJpaDialect.convertHibernateAccessException(HibernateJpaDialect.java:325)
	at org.springframework.orm.jpa.vendor.HibernateJpaDialect.translateExceptionIfPossible(HibernateJpaDialect.java:244)
	at org.springframework.orm.jpa.AbstractEntityManagerFactoryBean.translateExceptionIfPossible(AbstractEntityManagerFactoryBean.java:560)
	at org.springframework.dao.support.ChainedPersistenceExceptionTranslator.translateExceptionIfPossible(ChainedPersistenceExceptionTranslator.java:61)
	at org.springframework.dao.support.DataAccessUtils.translateIfNecessary(DataAccessUtils.java:343)
	at org.springframework.dao.support.PersistenceExceptionTranslationInterceptor.invoke(PersistenceExceptionTranslationInterceptor.java:160)
	at org.springframework.aop.framework.ReflectiveMethodInvocation.proceed(ReflectiveMethodInvocation.java:184)
	at org.springframework.data.jpa.repository.support.CrudMethodMetadataPostProcessor$CrudMethodMetadataPopulatingMethodInterceptor.invoke(CrudMethodMetadataPostProcessor.java:165)
	at org.springframework.aop.framework.ReflectiveMethodInvocation.proceed(ReflectiveMethodInvocation.java:184)
	at org.springframework.aop.framework.JdkDynamicAopProxy.invoke(JdkDynamicAopProxy.java:223)
	at jdk.proxy2/jdk.proxy2.$Proxy175.save(Unknown Source)
	at cn.edu.sdu.java.server.services.TeacherService.teacherEditSave(TeacherService.java:212)
	at java.base/jdk.internal.reflect.DirectMethodHandleAccessor.invoke(DirectMethodHandleAccessor.java:103)
	at java.base/java.lang.reflect.Method.invoke(Method.java:580)
	at org.springframework.aop.support.AopUtils.invokeJoinpointUsingReflection(AopUtils.java:359)
	at org.springframework.aop.framework.ReflectiveMethodInvocation.invokeJoinpoint(ReflectiveMethodInvocation.java:196)
	at org.springframework.aop.framework.ReflectiveMethodInvocation.proceed(ReflectiveMethodInvocation.java:163)
	at org.springframework.transaction.interceptor.TransactionAspectSupport.invokeWithinTransaction(TransactionAspectSupport.java:380)
	at org.springframework.transaction.interceptor.TransactionInterceptor.invoke(TransactionInterceptor.java:119)
	at org.springframework.aop.framework.ReflectiveMethodInvocation.proceed(ReflectiveMethodInvocation.java:184)
	at org.springframework.aop.framework.CglibAopProxy$DynamicAdvisedInterceptor.intercept(CglibAopProxy.java:727)
	at cn.edu.sdu.java.server.services.TeacherService$$SpringCGLIB$$0.teacherEditSave(<generated>)
	at cn.edu.sdu.java.server.controllers.TeacherController.teacherEditSave(TeacherController.java:48)
	at java.base/jdk.internal.reflect.DirectMethodHandleAccessor.invoke(DirectMethodHandleAccessor.java:103)
	at java.base/java.lang.reflect.Method.invoke(Method.java:580)
	at org.springframework.aop.support.AopUtils.invokeJoinpointUsingReflection(AopUtils.java:359)
	at org.springframework.aop.framework.ReflectiveMethodInvocation.invokeJoinpoint(ReflectiveMethodInvocation.java:196)
	at org.springframework.aop.framework.ReflectiveMethodInvocation.proceed(ReflectiveMethodInvocation.java:163)
	at org.springframework.aop.aspectj.AspectJAfterThrowingAdvice.invoke(AspectJAfterThrowingAdvice.java:64)
	at org.springframework.aop.framework.ReflectiveMethodInvocation.proceed(ReflectiveMethodInvocation.java:184)
	at org.springframework.aop.framework.adapter.AfterReturningAdviceInterceptor.invoke(AfterReturningAdviceInterceptor.java:57)
	at org.springframework.aop.framework.ReflectiveMethodInvocation.proceed(ReflectiveMethodInvocation.java:184)
	at org.springframework.aop.framework.adapter.MethodBeforeAdviceInterceptor.invoke(MethodBeforeAdviceInterceptor.java:58)
	at org.springframework.aop.framework.ReflectiveMethodInvocation.proceed(ReflectiveMethodInvocation.java:184)
	at org.springframework.aop.interceptor.ExposeInvocationInterceptor.invoke(ExposeInvocationInterceptor.java:97)
	at org.springframework.aop.framework.ReflectiveMethodInvocation.proceed(ReflectiveMethodInvocation.java:184)
	at org.springframework.aop.framework.CglibAopProxy$DynamicAdvisedInterceptor.intercept(CglibAopProxy.java:727)
	at cn.edu.sdu.java.server.controllers.TeacherController$$SpringCGLIB$$0.teacherEditSave(<generated>)
	at java.base/jdk.internal.reflect.DirectMethodHandleAccessor.invoke(DirectMethodHandleAccessor.java:103)
	at java.base/java.lang.reflect.Method.invoke(Method.java:580)
	at org.springframework.web.method.support.InvocableHandlerMethod.doInvoke(InvocableHandlerMethod.java:257)
	at org.springframework.web.method.support.InvocableHandlerMethod.invokeForRequest(InvocableHandlerMethod.java:190)
	at org.springframework.web.servlet.mvc.method.annotation.ServletInvocableHandlerMethod.invokeAndHandle(ServletInvocableHandlerMethod.java:118)
	at org.springframework.web.servlet.mvc.method.annotation.RequestMappingHandlerAdapter.invokeHandlerMethod(RequestMappingHandlerAdapter.java:986)
	at org.springframework.web.servlet.mvc.method.annotation.RequestMappingHandlerAdapter.handleInternal(RequestMappingHandlerAdapter.java:891)
	at org.springframework.web.servlet.mvc.method.AbstractHandlerMethodAdapter.handle(AbstractHandlerMethodAdapter.java:87)
	at org.springframework.web.servlet.DispatcherServlet.doDispatch(DispatcherServlet.java:1088)
	at org.springframework.web.servlet.DispatcherServlet.doService(DispatcherServlet.java:978)
	at org.springframework.web.servlet.FrameworkServlet.processRequest(FrameworkServlet.java:1014)
	at org.springframework.web.servlet.FrameworkServlet.doPost(FrameworkServlet.java:914)
	at jakarta.servlet.http.HttpServlet.service(HttpServlet.java:590)
	at org.springframework.web.servlet.FrameworkServlet.service(FrameworkServlet.java:885)
	at jakarta.servlet.http.HttpServlet.service(HttpServlet.java:658)
	at org.apache.catalina.core.ApplicationFilterChain.internalDoFilter(ApplicationFilterChain.java:195)
	at org.apache.catalina.core.ApplicationFilterChain.doFilter(ApplicationFilterChain.java:140)
	at org.apache.tomcat.websocket.server.WsFilter.doFilter(WsFilter.java:51)
	at org.apache.catalina.core.ApplicationFilterChain.internalDoFilter(ApplicationFilterChain.java:164)
	at org.apache.catalina.core.ApplicationFilterChain.doFilter(ApplicationFilterChain.java:140)
	at org.springframework.web.filter.OncePerRequestFilter.doFilter(OncePerRequestFilter.java:110)
	at org.apache.catalina.core.ApplicationFilterChain.internalDoFilter(ApplicationFilterChain.java:164)
	at org.apache.catalina.core.ApplicationFilterChain.doFilter(ApplicationFilterChain.java:140)
	at org.springframework.web.filter.CompositeFilter$VirtualFilterChain.doFilter(CompositeFilter.java:108)
	at org.springframework.security.web.FilterChainProxy.lambda$doFilterInternal$3(FilterChainProxy.java:231)
	at org.springframework.security.web.FilterChainProxy$VirtualFilterChain.doFilter(FilterChainProxy.java:365)
	at org.springframework.security.web.access.intercept.AuthorizationFilter.doFilter(AuthorizationFilter.java:101)
	at org.springframework.security.web.FilterChainProxy$VirtualFilterChain.doFilter(FilterChainProxy.java:374)
	at org.springframework.security.web.access.ExceptionTranslationFilter.doFilter(ExceptionTranslationFilter.java:126)
	at org.springframework.security.web.access.ExceptionTranslationFilter.doFilter(ExceptionTranslationFilter.java:120)
	at org.springframework.security.web.FilterChainProxy$VirtualFilterChain.doFilter(FilterChainProxy.java:374)
	at org.springframework.security.web.session.SessionManagementFilter.doFilter(SessionManagementFilter.java:131)
	at org.springframework.security.web.session.SessionManagementFilter.doFilter(SessionManagementFilter.java:85)
	at org.springframework.security.web.FilterChainProxy$VirtualFilterChain.doFilter(FilterChainProxy.java:374)
	at org.springframework.security.web.authentication.AnonymousAuthenticationFilter.doFilter(AnonymousAuthenticationFilter.java:100)
	at org.springframework.security.web.FilterChainProxy$VirtualFilterChain.doFilter(FilterChainProxy.java:374)
	at org.springframework.security.web.servletapi.SecurityContextHolderAwareRequestFilter.doFilter(SecurityContextHolderAwareRequestFilter.java:179)
	at org.springframework.security.web.FilterChainProxy$VirtualFilterChain.doFilter(FilterChainProxy.java:374)
	at org.springframework.security.web.savedrequest.RequestCacheAwareFilter.doFilter(RequestCacheAwareFilter.java:63)
	at org.springframework.security.web.FilterChainProxy$VirtualFilterChain.doFilter(FilterChainProxy.java:374)
	at cn.edu.sdu.java.server.configs.JwtAuthenticationFilter.doFilterInternal(JwtAuthenticationFilter.java:91)
	at org.springframework.web.filter.OncePerRequestFilter.doFilter(OncePerRequestFilter.java:116)
	at org.springframework.security.web.FilterChainProxy$VirtualFilterChain.doFilter(FilterChainProxy.java:374)
	at org.springframework.security.web.authentication.logout.LogoutFilter.doFilter(LogoutFilter.java:107)
	at org.springframework.security.web.authentication.logout.LogoutFilter.doFilter(LogoutFilter.java:93)
	at org.springframework.security.web.FilterChainProxy$VirtualFilterChain.doFilter(FilterChainProxy.java:374)
	at org.springframework.web.filter.CorsFilter.doFilterInternal(CorsFilter.java:91)
	at org.springframework.web.filter.OncePerRequestFilter.doFilter(OncePerRequestFilter.java:116)
	at org.springframework.security.web.FilterChainProxy$VirtualFilterChain.doFilter(FilterChainProxy.java:374)
	at org.springframework.security.web.header.HeaderWriterFilter.doHeadersAfter(HeaderWriterFilter.java:90)
	at org.springframework.security.web.header.HeaderWriterFilter.doFilterInternal(HeaderWriterFilter.java:75)
	at org.springframework.web.filter.OncePerRequestFilter.doFilter(OncePerRequestFilter.java:116)
	at org.springframework.security.web.FilterChainProxy$VirtualFilterChain.doFilter(FilterChainProxy.java:374)
	at org.springframework.security.web.context.SecurityContextHolderFilter.doFilter(SecurityContextHolderFilter.java:82)
	at org.springframework.security.web.context.SecurityContextHolderFilter.doFilter(SecurityContextHolderFilter.java:69)
	at org.springframework.security.web.FilterChainProxy$VirtualFilterChain.doFilter(FilterChainProxy.java:374)
	at org.springframework.security.web.context.request.async.WebAsyncManagerIntegrationFilter.doFilterInternal(WebAsyncManagerIntegrationFilter.java:62)
	at org.springframework.web.filter.OncePerRequestFilter.doFilter(OncePerRequestFilter.java:116)
	at org.springframework.security.web.FilterChainProxy$VirtualFilterChain.doFilter(FilterChainProxy.java:374)
	at org.springframework.security.web.session.DisableEncodeUrlFilter.doFilterInternal(DisableEncodeUrlFilter.java:42)
	at org.springframework.web.filter.OncePerRequestFilter.doFilter(OncePerRequestFilter.java:116)
	at org.springframework.security.web.FilterChainProxy$VirtualFilterChain.doFilter(FilterChainProxy.java:374)
	at org.springframework.security.web.FilterChainProxy.doFilterInternal(FilterChainProxy.java:233)
	at org.springframework.security.web.FilterChainProxy.doFilter(FilterChainProxy.java:191)
	at org.springframework.web.filter.CompositeFilter$VirtualFilterChain.doFilter(CompositeFilter.java:113)
	at org.springframework.web.servlet.handler.HandlerMappingIntrospector.lambda$createCacheFilter$3(HandlerMappingIntrospector.java:243)
	at org.springframework.web.filter.CompositeFilter$VirtualFilterChain.doFilter(CompositeFilter.java:113)
	at org.springframework.web.filter.CompositeFilter.doFilter(CompositeFilter.java:74)
	at org.springframework.security.config.annotation.web.configuration.WebMvcSecurityConfiguration$CompositeFilterChainProxy.doFilter(WebMvcSecurityConfiguration.java:238)
	at org.springframework.web.filter.DelegatingFilterProxy.invokeDelegate(DelegatingFilterProxy.java:362)
	at org.springframework.web.filter.DelegatingFilterProxy.doFilter(DelegatingFilterProxy.java:278)
	at org.apache.catalina.core.ApplicationFilterChain.internalDoFilter(ApplicationFilterChain.java:164)
	at org.apache.catalina.core.ApplicationFilterChain.doFilter(ApplicationFilterChain.java:140)
	at org.springframework.web.filter.RequestContextFilter.doFilterInternal(RequestContextFilter.java:100)
	at org.springframework.web.filter.OncePerRequestFilter.doFilter(OncePerRequestFilter.java:116)
	at org.apache.catalina.core.ApplicationFilterChain.internalDoFilter(ApplicationFilterChain.java:164)
	at org.apache.catalina.core.ApplicationFilterChain.doFilter(ApplicationFilterChain.java:140)
	at org.springframework.web.filter.FormContentFilter.doFilterInternal(FormContentFilter.java:93)
	at org.springframework.web.filter.OncePerRequestFilter.doFilter(OncePerRequestFilter.java:116)
	at org.apache.catalina.core.ApplicationFilterChain.internalDoFilter(ApplicationFilterChain.java:164)
	at org.apache.catalina.core.ApplicationFilterChain.doFilter(ApplicationFilterChain.java:140)
	at org.springframework.web.filter.CharacterEncodingFilter.doFilterInternal(CharacterEncodingFilter.java:201)
	at org.springframework.web.filter.OncePerRequestFilter.doFilter(OncePerRequestFilter.java:116)
	at org.apache.catalina.core.ApplicationFilterChain.internalDoFilter(ApplicationFilterChain.java:164)
	at org.apache.catalina.core.ApplicationFilterChain.doFilter(ApplicationFilterChain.java:140)
	at org.apache.catalina.core.StandardWrapperValve.invoke(StandardWrapperValve.java:167)
	at org.apache.catalina.core.StandardContextValve.invoke(StandardContextValve.java:90)
	at org.apache.catalina.authenticator.AuthenticatorBase.invoke(AuthenticatorBase.java:483)
	at org.apache.catalina.core.StandardHostValve.invoke(StandardHostValve.java:115)
	at org.apache.catalina.valves.ErrorReportValve.invoke(ErrorReportValve.java:93)
	at org.apache.catalina.core.StandardEngineValve.invoke(StandardEngineValve.java:74)
	at org.apache.catalina.connector.CoyoteAdapter.service(CoyoteAdapter.java:344)
	at org.apache.coyote.http11.Http11Processor.service(Http11Processor.java:397)
	at org.apache.coyote.AbstractProcessorLight.process(AbstractProcessorLight.java:63)
	at org.apache.coyote.AbstractProtocol$ConnectionHandler.process(AbstractProtocol.java:905)
	at org.apache.tomcat.util.net.NioEndpoint$SocketProcessor.doRun(NioEndpoint.java:1741)
	at org.apache.tomcat.util.net.SocketProcessorBase.run(SocketProcessorBase.java:52)
	at org.apache.tomcat.util.threads.ThreadPoolExecutor.runWorker(ThreadPoolExecutor.java:1190)
	at org.apache.tomcat.util.threads.ThreadPoolExecutor$Worker.run(ThreadPoolExecutor.java:659)
	at org.apache.tomcat.util.threads.TaskThread$WrappingRunnable.run(TaskThread.java:63)
	at java.base/java.lang.Thread.run(Thread.java:1583)
Caused by: org.hibernate.StaleObjectStateException: Row was updated or deleted by another transaction (or unsaved-value mapping was incorrect): [cn.edu.sdu.java.server.models.Teacher#103]
	at org.hibernate.event.internal.DefaultMergeEventListener.entityIsDetached(DefaultMergeEventListener.java:426)
	at org.hibernate.event.internal.DefaultMergeEventListener.merge(DefaultMergeEventListener.java:214)
	at org.hibernate.event.internal.DefaultMergeEventListener.doMerge(DefaultMergeEventListener.java:152)
	at org.hibernate.event.internal.DefaultMergeEventListener.onMerge(DefaultMergeEventListener.java:136)
	at org.hibernate.event.internal.DefaultMergeEventListener.onMerge(DefaultMergeEventListener.java:89)
	at org.hibernate.event.service.internal.EventListenerGroupImpl.fireEventOnEachListener(EventListenerGroupImpl.java:127)
	at org.hibernate.internal.SessionImpl.fireMerge(SessionImpl.java:854)
	at org.hibernate.internal.SessionImpl.merge(SessionImpl.java:840)
	at java.base/jdk.internal.reflect.DirectMethodHandleAccessor.invoke(DirectMethodHandleAccessor.java:103)
	at java.base/java.lang.reflect.Method.invoke(Method.java:580)
	at org.springframework.orm.jpa.ExtendedEntityManagerCreator$ExtendedEntityManagerInvocationHandler.invoke(ExtendedEntityManagerCreator.java:364)
	at jdk.proxy2/jdk.proxy2.$Proxy155.merge(Unknown Source)
	at java.base/jdk.internal.reflect.DirectMethodHandleAccessor.invoke(DirectMethodHandleAccessor.java:103)
	at java.base/java.lang.reflect.Method.invoke(Method.java:580)
	at org.springframework.orm.jpa.SharedEntityManagerCreator$SharedEntityManagerInvocationHandler.invoke(SharedEntityManagerCreator.java:320)
	at jdk.proxy2/jdk.proxy2.$Proxy155.merge(Unknown Source)
	at org.springframework.data.jpa.repository.support.SimpleJpaRepository.save(SimpleJpaRepository.java:630)
	at java.base/jdk.internal.reflect.DirectMethodHandleAccessor.invoke(DirectMethodHandleAccessor.java:103)
	at java.base/java.lang.reflect.Method.invoke(Method.java:580)
	at org.springframework.aop.support.AopUtils.invokeJoinpointUsingReflection(AopUtils.java:359)
	at org.springframework.data.repository.core.support.RepositoryMethodInvoker$RepositoryFragmentMethodInvoker.lambda$new$0(RepositoryMethodInvoker.java:277)
	at org.springframework.data.repository.core.support.RepositoryMethodInvoker.doInvoke(RepositoryMethodInvoker.java:170)
	at org.springframework.data.repository.core.support.RepositoryMethodInvoker.invoke(RepositoryMethodInvoker.java:158)
	at org.springframework.data.repository.core.support.RepositoryComposition$RepositoryFragments.invoke(RepositoryComposition.java:515)
	at org.springframework.data.repository.core.support.RepositoryComposition.invoke(RepositoryComposition.java:284)
	at org.springframework.data.repository.core.support.RepositoryFactorySupport$ImplementationMethodExecutionInterceptor.invoke(RepositoryFactorySupport.java:752)
	at org.springframework.aop.framework.ReflectiveMethodInvocation.proceed(ReflectiveMethodInvocation.java:184)
	at org.springframework.data.repository.core.support.QueryExecutorMethodInterceptor.doInvoke(QueryExecutorMethodInterceptor.java:174)
	at org.springframework.data.repository.core.support.QueryExecutorMethodInterceptor.invoke(QueryExecutorMethodInterceptor.java:149)
	at org.springframework.aop.framework.ReflectiveMethodInvocation.proceed(ReflectiveMethodInvocation.java:184)
	at org.springframework.data.projection.DefaultMethodInvokingMethodInterceptor.invoke(DefaultMethodInvokingMethodInterceptor.java:69)
	at org.springframework.aop.framework.ReflectiveMethodInvocation.proceed(ReflectiveMethodInvocation.java:184)
	at org.springframework.transaction.interceptor.TransactionAspectSupport.invokeWithinTransaction(TransactionAspectSupport.java:380)
	at org.springframework.transaction.interceptor.TransactionInterceptor.invoke(TransactionInterceptor.java:119)
	at org.springframework.aop.framework.ReflectiveMethodInvocation.proceed(ReflectiveMethodInvocation.java:184)
	at org.springframework.dao.support.PersistenceExceptionTranslationInterceptor.invoke(PersistenceExceptionTranslationInterceptor.java:138)
	... 133 common frames omitted
2026-06-05 09:59:38,033 [http-nio-22223-exec-10] INFO  c.e.s.j.s.c.JwtAuthenticationFilter                - /api/teacher/teacherEditSave,admin,2026-06-05 09:59:37,0.246
2026-06-05 09:59:40,066 [http-nio-22223-exec-1] ERROR c.e.s.j.s.configs.GlobalExceptionHandler           - 业务错误：Row was updated or deleted by another transaction (or unsaved-value mapping was incorrect): [cn.edu.sdu.java.server.models.Teacher#104]
org.springframework.orm.ObjectOptimisticLockingFailureException: Row was updated or deleted by another transaction (or unsaved-value mapping was incorrect): [cn.edu.sdu.java.server.models.Teacher#104]
	at org.springframework.orm.jpa.vendor.HibernateJpaDialect.convertHibernateAccessException(HibernateJpaDialect.java:325)
	at org.springframework.orm.jpa.vendor.HibernateJpaDialect.translateExceptionIfPossible(HibernateJpaDialect.java:244)
	at org.springframework.orm.jpa.AbstractEntityManagerFactoryBean.translateExceptionIfPossible(AbstractEntityManagerFactoryBean.java:560)
	at org.springframework.dao.support.ChainedPersistenceExceptionTranslator.translateExceptionIfPossible(ChainedPersistenceExceptionTranslator.java:61)
	at org.springframework.dao.support.DataAccessUtils.translateIfNecessary(DataAccessUtils.java:343)
	at org.springframework.dao.support.PersistenceExceptionTranslationInterceptor.invoke(PersistenceExceptionTranslationInterceptor.java:160)
	at org.springframework.aop.framework.ReflectiveMethodInvocation.proceed(ReflectiveMethodInvocation.java:184)
	at org.springframework.data.jpa.repository.support.CrudMethodMetadataPostProcessor$CrudMethodMetadataPopulatingMethodInterceptor.invoke(CrudMethodMetadataPostProcessor.java:165)
	at org.springframework.aop.framework.ReflectiveMethodInvocation.proceed(ReflectiveMethodInvocation.java:184)
	at org.springframework.aop.framework.JdkDynamicAopProxy.invoke(JdkDynamicAopProxy.java:223)
	at jdk.proxy2/jdk.proxy2.$Proxy175.save(Unknown Source)
	at cn.edu.sdu.java.server.services.TeacherService.teacherEditSave(TeacherService.java:212)
	at java.base/jdk.internal.reflect.DirectMethodHandleAccessor.invoke(DirectMethodHandleAccessor.java:103)
	at java.base/java.lang.reflect.Method.invoke(Method.java:580)
	at org.springframework.aop.support.AopUtils.invokeJoinpointUsingReflection(AopUtils.java:359)
	at org.springframework.aop.framework.ReflectiveMethodInvocation.invokeJoinpoint(ReflectiveMethodInvocation.java:196)
	at org.springframework.aop.framework.ReflectiveMethodInvocation.proceed(ReflectiveMethodInvocation.java:163)
	at org.springframework.transaction.interceptor.TransactionAspectSupport.invokeWithinTransaction(TransactionAspectSupport.java:380)
	at org.springframework.transaction.interceptor.TransactionInterceptor.invoke(TransactionInterceptor.java:119)
	at org.springframework.aop.framework.ReflectiveMethodInvocation.proceed(ReflectiveMethodInvocation.java:184)
	at org.springframework.aop.framework.CglibAopProxy$DynamicAdvisedInterceptor.intercept(CglibAopProxy.java:727)
	at cn.edu.sdu.java.server.services.TeacherService$$SpringCGLIB$$0.teacherEditSave(<generated>)
	at cn.edu.sdu.java.server.controllers.TeacherController.teacherEditSave(TeacherController.java:48)
	at java.base/jdk.internal.reflect.DirectMethodHandleAccessor.invoke(DirectMethodHandleAccessor.java:103)
	at java.base/java.lang.reflect.Method.invoke(Method.java:580)
	at org.springframework.aop.support.AopUtils.invokeJoinpointUsingReflection(AopUtils.java:359)
	at org.springframework.aop.framework.ReflectiveMethodInvocation.invokeJoinpoint(ReflectiveMethodInvocation.java:196)
	at org.springframework.aop.framework.ReflectiveMethodInvocation.proceed(ReflectiveMethodInvocation.java:163)
	at org.springframework.aop.aspectj.AspectJAfterThrowingAdvice.invoke(AspectJAfterThrowingAdvice.java:64)
	at org.springframework.aop.framework.ReflectiveMethodInvocation.proceed(ReflectiveMethodInvocation.java:184)
	at org.springframework.aop.framework.adapter.AfterReturningAdviceInterceptor.invoke(AfterReturningAdviceInterceptor.java:57)
	at org.springframework.aop.framework.ReflectiveMethodInvocation.proceed(ReflectiveMethodInvocation.java:184)
	at org.springframework.aop.framework.adapter.MethodBeforeAdviceInterceptor.invoke(MethodBeforeAdviceInterceptor.java:58)
	at org.springframework.aop.framework.ReflectiveMethodInvocation.proceed(ReflectiveMethodInvocation.java:184)
	at org.springframework.aop.interceptor.ExposeInvocationInterceptor.invoke(ExposeInvocationInterceptor.java:97)
	at org.springframework.aop.framework.ReflectiveMethodInvocation.proceed(ReflectiveMethodInvocation.java:184)
	at org.springframework.aop.framework.CglibAopProxy$DynamicAdvisedInterceptor.intercept(CglibAopProxy.java:727)
	at cn.edu.sdu.java.server.controllers.TeacherController$$SpringCGLIB$$0.teacherEditSave(<generated>)
	at java.base/jdk.internal.reflect.DirectMethodHandleAccessor.invoke(DirectMethodHandleAccessor.java:103)
	at java.base/java.lang.reflect.Method.invoke(Method.java:580)
	at org.springframework.web.method.support.InvocableHandlerMethod.doInvoke(InvocableHandlerMethod.java:257)
	at org.springframework.web.method.support.InvocableHandlerMethod.invokeForRequest(InvocableHandlerMethod.java:190)
	at org.springframework.web.servlet.mvc.method.annotation.ServletInvocableHandlerMethod.invokeAndHandle(ServletInvocableHandlerMethod.java:118)
	at org.springframework.web.servlet.mvc.method.annotation.RequestMappingHandlerAdapter.invokeHandlerMethod(RequestMappingHandlerAdapter.java:986)
	at org.springframework.web.servlet.mvc.method.annotation.RequestMappingHandlerAdapter.handleInternal(RequestMappingHandlerAdapter.java:891)
	at org.springframework.web.servlet.mvc.method.AbstractHandlerMethodAdapter.handle(AbstractHandlerMethodAdapter.java:87)
	at org.springframework.web.servlet.DispatcherServlet.doDispatch(DispatcherServlet.java:1088)
	at org.springframework.web.servlet.DispatcherServlet.doService(DispatcherServlet.java:978)
	at org.springframework.web.servlet.FrameworkServlet.processRequest(FrameworkServlet.java:1014)
	at org.springframework.web.servlet.FrameworkServlet.doPost(FrameworkServlet.java:914)
	at jakarta.servlet.http.HttpServlet.service(HttpServlet.java:590)
	at org.springframework.web.servlet.FrameworkServlet.service(FrameworkServlet.java:885)
	at jakarta.servlet.http.HttpServlet.service(HttpServlet.java:658)
	at org.apache.catalina.core.ApplicationFilterChain.internalDoFilter(ApplicationFilterChain.java:195)
	at org.apache.catalina.core.ApplicationFilterChain.doFilter(ApplicationFilterChain.java:140)
	at org.apache.tomcat.websocket.server.WsFilter.doFilter(WsFilter.java:51)
	at org.apache.catalina.core.ApplicationFilterChain.internalDoFilter(ApplicationFilterChain.java:164)
	at org.apache.catalina.core.ApplicationFilterChain.doFilter(ApplicationFilterChain.java:140)
	at org.springframework.web.filter.OncePerRequestFilter.doFilter(OncePerRequestFilter.java:110)
	at org.apache.catalina.core.ApplicationFilterChain.internalDoFilter(ApplicationFilterChain.java:164)
	at org.apache.catalina.core.ApplicationFilterChain.doFilter(ApplicationFilterChain.java:140)
	at org.springframework.web.filter.CompositeFilter$VirtualFilterChain.doFilter(CompositeFilter.java:108)
	at org.springframework.security.web.FilterChainProxy.lambda$doFilterInternal$3(FilterChainProxy.java:231)
	at org.springframework.security.web.FilterChainProxy$VirtualFilterChain.doFilter(FilterChainProxy.java:365)
	at org.springframework.security.web.access.intercept.AuthorizationFilter.doFilter(AuthorizationFilter.java:101)
	at org.springframework.security.web.FilterChainProxy$VirtualFilterChain.doFilter(FilterChainProxy.java:374)
	at org.springframework.security.web.access.ExceptionTranslationFilter.doFilter(ExceptionTranslationFilter.java:126)
	at org.springframework.security.web.access.ExceptionTranslationFilter.doFilter(ExceptionTranslationFilter.java:120)
	at org.springframework.security.web.FilterChainProxy$VirtualFilterChain.doFilter(FilterChainProxy.java:374)
	at org.springframework.security.web.session.SessionManagementFilter.doFilter(SessionManagementFilter.java:131)
	at org.springframework.security.web.session.SessionManagementFilter.doFilter(SessionManagementFilter.java:85)
	at org.springframework.security.web.FilterChainProxy$VirtualFilterChain.doFilter(FilterChainProxy.java:374)
	at org.springframework.security.web.authentication.AnonymousAuthenticationFilter.doFilter(AnonymousAuthenticationFilter.java:100)
	at org.springframework.security.web.FilterChainProxy$VirtualFilterChain.doFilter(FilterChainProxy.java:374)
	at org.springframework.security.web.servletapi.SecurityContextHolderAwareRequestFilter.doFilter(SecurityContextHolderAwareRequestFilter.java:179)
	at org.springframework.security.web.FilterChainProxy$VirtualFilterChain.doFilter(FilterChainProxy.java:374)
	at org.springframework.security.web.savedrequest.RequestCacheAwareFilter.doFilter(RequestCacheAwareFilter.java:63)
	at org.springframework.security.web.FilterChainProxy$VirtualFilterChain.doFilter(FilterChainProxy.java:374)
	at cn.edu.sdu.java.server.configs.JwtAuthenticationFilter.doFilterInternal(JwtAuthenticationFilter.java:91)
	at org.springframework.web.filter.OncePerRequestFilter.doFilter(OncePerRequestFilter.java:116)
	at org.springframework.security.web.FilterChainProxy$VirtualFilterChain.doFilter(FilterChainProxy.java:374)
	at org.springframework.security.web.authentication.logout.LogoutFilter.doFilter(LogoutFilter.java:107)
	at org.springframework.security.web.authentication.logout.LogoutFilter.doFilter(LogoutFilter.java:93)
	at org.springframework.security.web.FilterChainProxy$VirtualFilterChain.doFilter(FilterChainProxy.java:374)
	at org.springframework.web.filter.CorsFilter.doFilterInternal(CorsFilter.java:91)
	at org.springframework.web.filter.OncePerRequestFilter.doFilter(OncePerRequestFilter.java:116)
	at org.springframework.security.web.FilterChainProxy$VirtualFilterChain.doFilter(FilterChainProxy.java:374)
	at org.springframework.security.web.header.HeaderWriterFilter.doHeadersAfter(HeaderWriterFilter.java:90)
	at org.springframework.security.web.header.HeaderWriterFilter.doFilterInternal(HeaderWriterFilter.java:75)
	at org.springframework.web.filter.OncePerRequestFilter.doFilter(OncePerRequestFilter.java:116)
	at org.springframework.security.web.FilterChainProxy$VirtualFilterChain.doFilter(FilterChainProxy.java:374)
	at org.springframework.security.web.context.SecurityContextHolderFilter.doFilter(SecurityContextHolderFilter.java:82)
	at org.springframework.security.web.context.SecurityContextHolderFilter.doFilter(SecurityContextHolderFilter.java:69)
	at org.springframework.security.web.FilterChainProxy$VirtualFilterChain.doFilter(FilterChainProxy.java:374)
	at org.springframework.security.web.context.request.async.WebAsyncManagerIntegrationFilter.doFilterInternal(WebAsyncManagerIntegrationFilter.java:62)
	at org.springframework.web.filter.OncePerRequestFilter.doFilter(OncePerRequestFilter.java:116)
	at org.springframework.security.web.FilterChainProxy$VirtualFilterChain.doFilter(FilterChainProxy.java:374)
	at org.springframework.security.web.session.DisableEncodeUrlFilter.doFilterInternal(DisableEncodeUrlFilter.java:42)
	at org.springframework.web.filter.OncePerRequestFilter.doFilter(OncePerRequestFilter.java:116)
	at org.springframework.security.web.FilterChainProxy$VirtualFilterChain.doFilter(FilterChainProxy.java:374)
	at org.springframework.security.web.FilterChainProxy.doFilterInternal(FilterChainProxy.java:233)
	at org.springframework.security.web.FilterChainProxy.doFilter(FilterChainProxy.java:191)
	at org.springframework.web.filter.CompositeFilter$VirtualFilterChain.doFilter(CompositeFilter.java:113)
	at org.springframework.web.servlet.handler.HandlerMappingIntrospector.lambda$createCacheFilter$3(HandlerMappingIntrospector.java:243)
	at org.springframework.web.filter.CompositeFilter$VirtualFilterChain.doFilter(CompositeFilter.java:113)
	at org.springframework.web.filter.CompositeFilter.doFilter(CompositeFilter.java:74)
	at org.springframework.security.config.annotation.web.configuration.WebMvcSecurityConfiguration$CompositeFilterChainProxy.doFilter(WebMvcSecurityConfiguration.java:238)
	at org.springframework.web.filter.DelegatingFilterProxy.invokeDelegate(DelegatingFilterProxy.java:362)
	at org.springframework.web.filter.DelegatingFilterProxy.doFilter(DelegatingFilterProxy.java:278)
	at org.apache.catalina.core.ApplicationFilterChain.internalDoFilter(ApplicationFilterChain.java:164)
	at org.apache.catalina.core.ApplicationFilterChain.doFilter(ApplicationFilterChain.java:140)
	at org.springframework.web.filter.RequestContextFilter.doFilterInternal(RequestContextFilter.java:100)
	at org.springframework.web.filter.OncePerRequestFilter.doFilter(OncePerRequestFilter.java:116)
	at org.apache.catalina.core.ApplicationFilterChain.internalDoFilter(ApplicationFilterChain.java:164)
	at org.apache.catalina.core.ApplicationFilterChain.doFilter(ApplicationFilterChain.java:140)
	at org.springframework.web.filter.FormContentFilter.doFilterInternal(FormContentFilter.java:93)
	at org.springframework.web.filter.OncePerRequestFilter.doFilter(OncePerRequestFilter.java:116)
	at org.apache.catalina.core.ApplicationFilterChain.internalDoFilter(ApplicationFilterChain.java:164)
	at org.apache.catalina.core.ApplicationFilterChain.doFilter(ApplicationFilterChain.java:140)
	at org.springframework.web.filter.CharacterEncodingFilter.doFilterInternal(CharacterEncodingFilter.java:201)
	at org.springframework.web.filter.OncePerRequestFilter.doFilter(OncePerRequestFilter.java:116)
	at org.apache.catalina.core.ApplicationFilterChain.internalDoFilter(ApplicationFilterChain.java:164)
	at org.apache.catalina.core.ApplicationFilterChain.doFilter(ApplicationFilterChain.java:140)
	at org.apache.catalina.core.StandardWrapperValve.invoke(StandardWrapperValve.java:167)
	at org.apache.catalina.core.StandardContextValve.invoke(StandardContextValve.java:90)
	at org.apache.catalina.authenticator.AuthenticatorBase.invoke(AuthenticatorBase.java:483)
	at org.apache.catalina.core.StandardHostValve.invoke(StandardHostValve.java:115)
	at org.apache.catalina.valves.ErrorReportValve.invoke(ErrorReportValve.java:93)
	at org.apache.catalina.core.StandardEngineValve.invoke(StandardEngineValve.java:74)
	at org.apache.catalina.connector.CoyoteAdapter.service(CoyoteAdapter.java:344)
	at org.apache.coyote.http11.Http11Processor.service(Http11Processor.java:397)
	at org.apache.coyote.AbstractProcessorLight.process(AbstractProcessorLight.java:63)
	at org.apache.coyote.AbstractProtocol$ConnectionHandler.process(AbstractProtocol.java:905)
	at org.apache.tomcat.util.net.NioEndpoint$SocketProcessor.doRun(NioEndpoint.java:1741)
	at org.apache.tomcat.util.net.SocketProcessorBase.run(SocketProcessorBase.java:52)
	at org.apache.tomcat.util.threads.ThreadPoolExecutor.runWorker(ThreadPoolExecutor.java:1190)
	at org.apache.tomcat.util.threads.ThreadPoolExecutor$Worker.run(ThreadPoolExecutor.java:659)
	at org.apache.tomcat.util.threads.TaskThread$WrappingRunnable.run(TaskThread.java:63)
	at java.base/java.lang.Thread.run(Thread.java:1583)
Caused by: org.hibernate.StaleObjectStateException: Row was updated or deleted by another transaction (or unsaved-value mapping was incorrect): [cn.edu.sdu.java.server.models.Teacher#104]
	at org.hibernate.event.internal.DefaultMergeEventListener.entityIsDetached(DefaultMergeEventListener.java:426)
	at org.hibernate.event.internal.DefaultMergeEventListener.merge(DefaultMergeEventListener.java:214)
	at org.hibernate.event.internal.DefaultMergeEventListener.doMerge(DefaultMergeEventListener.java:152)
	at org.hibernate.event.internal.DefaultMergeEventListener.onMerge(DefaultMergeEventListener.java:136)
	at org.hibernate.event.internal.DefaultMergeEventListener.onMerge(DefaultMergeEventListener.java:89)
	at org.hibernate.event.service.internal.EventListenerGroupImpl.fireEventOnEachListener(EventListenerGroupImpl.java:127)
	at org.hibernate.internal.SessionImpl.fireMerge(SessionImpl.java:854)
	at org.hibernate.internal.SessionImpl.merge(SessionImpl.java:840)
	at java.base/jdk.internal.reflect.DirectMethodHandleAccessor.invoke(DirectMethodHandleAccessor.java:103)
	at java.base/java.lang.reflect.Method.invoke(Method.java:580)
	at org.springframework.orm.jpa.ExtendedEntityManagerCreator$ExtendedEntityManagerInvocationHandler.invoke(ExtendedEntityManagerCreator.java:364)
	at jdk.proxy2/jdk.proxy2.$Proxy155.merge(Unknown Source)
	at java.base/jdk.internal.reflect.DirectMethodHandleAccessor.invoke(DirectMethodHandleAccessor.java:103)
	at java.base/java.lang.reflect.Method.invoke(Method.java:580)
	at org.springframework.orm.jpa.SharedEntityManagerCreator$SharedEntityManagerInvocationHandler.invoke(SharedEntityManagerCreator.java:320)
	at jdk.proxy2/jdk.proxy2.$Proxy155.merge(Unknown Source)
	at org.springframework.data.jpa.repository.support.SimpleJpaRepository.save(SimpleJpaRepository.java:630)
	at java.base/jdk.internal.reflect.DirectMethodHandleAccessor.invoke(DirectMethodHandleAccessor.java:103)
	at java.base/java.lang.reflect.Method.invoke(Method.java:580)
	at org.springframework.aop.support.AopUtils.invokeJoinpointUsingReflection(AopUtils.java:359)
	at org.springframework.data.repository.core.support.RepositoryMethodInvoker$RepositoryFragmentMethodInvoker.lambda$new$0(RepositoryMethodInvoker.java:277)
	at org.springframework.data.repository.core.support.RepositoryMethodInvoker.doInvoke(RepositoryMethodInvoker.java:170)
	at org.springframework.data.repository.core.support.RepositoryMethodInvoker.invoke(RepositoryMethodInvoker.java:158)
	at org.springframework.data.repository.core.support.RepositoryComposition$RepositoryFragments.invoke(RepositoryComposition.java:515)
	at org.springframework.data.repository.core.support.RepositoryComposition.invoke(RepositoryComposition.java:284)
	at org.springframework.data.repository.core.support.RepositoryFactorySupport$ImplementationMethodExecutionInterceptor.invoke(RepositoryFactorySupport.java:752)
	at org.springframework.aop.framework.ReflectiveMethodInvocation.proceed(ReflectiveMethodInvocation.java:184)
	at org.springframework.data.repository.core.support.QueryExecutorMethodInterceptor.doInvoke(QueryExecutorMethodInterceptor.java:174)
	at org.springframework.data.repository.core.support.QueryExecutorMethodInterceptor.invoke(QueryExecutorMethodInterceptor.java:149)
	at org.springframework.aop.framework.ReflectiveMethodInvocation.proceed(ReflectiveMethodInvocation.java:184)
	at org.springframework.data.projection.DefaultMethodInvokingMethodInterceptor.invoke(DefaultMethodInvokingMethodInterceptor.java:69)
	at org.springframework.aop.framework.ReflectiveMethodInvocation.proceed(ReflectiveMethodInvocation.java:184)
	at org.springframework.transaction.interceptor.TransactionAspectSupport.invokeWithinTransaction(TransactionAspectSupport.java:380)
	at org.springframework.transaction.interceptor.TransactionInterceptor.invoke(TransactionInterceptor.java:119)
	at org.springframework.aop.framework.ReflectiveMethodInvocation.proceed(ReflectiveMethodInvocation.java:184)
	at org.springframework.dao.support.PersistenceExceptionTranslationInterceptor.invoke(PersistenceExceptionTranslationInterceptor.java:138)
	... 133 common frames omitted
2026-06-05 09:59:40,069 [http-nio-22223-exec-1] INFO  c.e.s.j.s.c.JwtAuthenticationFilter                - /api/teacher/teacherEditSave,admin,2026-06-05 09:59:39,0.249
2026-06-05 10:00:00,024 [http-nio-22223-exec-3] INFO  c.e.s.j.s.c.JwtAuthenticationFilter                - /api/student/getStudentList,admin,2026-06-05 09:59:59,0.261
2026-06-05 10:00:00,520 [http-nio-22223-exec-4] INFO  c.e.s.j.s.c.JwtAuthenticationFilter                - /api/base/getDictionaryOptionItemList,admin,2026-06-05 10:00:00,0.393
2026-06-05 10:00:10,072 [http-nio-22223-exec-6] ERROR c.e.s.j.s.configs.GlobalExceptionHandler           - 业务异常[STUDENT_VALIDATION_ERROR]：学生信息校验未通过，请检查邮箱、学号等字段格式
cn.edu.sdu.java.server.exception.BusinessException: 学生信息校验未通过，请检查邮箱、学号等字段格式
	at cn.edu.sdu.java.server.services.StudentService.rethrowStudentSaveException(StudentService.java:388)
	at cn.edu.sdu.java.server.services.StudentService.studentEditSave(StudentService.java:492)
	at java.base/jdk.internal.reflect.DirectMethodHandleAccessor.invoke(DirectMethodHandleAccessor.java:103)
	at java.base/java.lang.reflect.Method.invoke(Method.java:580)
	at org.springframework.aop.support.AopUtils.invokeJoinpointUsingReflection(AopUtils.java:359)
	at org.springframework.aop.framework.ReflectiveMethodInvocation.invokeJoinpoint(ReflectiveMethodInvocation.java:196)
	at org.springframework.aop.framework.ReflectiveMethodInvocation.proceed(ReflectiveMethodInvocation.java:163)
	at org.springframework.transaction.interceptor.TransactionAspectSupport.invokeWithinTransaction(TransactionAspectSupport.java:380)
	at org.springframework.transaction.interceptor.TransactionInterceptor.invoke(TransactionInterceptor.java:119)
	at org.springframework.aop.framework.ReflectiveMethodInvocation.proceed(ReflectiveMethodInvocation.java:184)
	at org.springframework.aop.framework.CglibAopProxy$DynamicAdvisedInterceptor.intercept(CglibAopProxy.java:727)
	at cn.edu.sdu.java.server.services.StudentService$$SpringCGLIB$$0.studentEditSave(<generated>)
	at cn.edu.sdu.java.server.controllers.StudentController.studentEditSave(StudentController.java:117)
	at java.base/jdk.internal.reflect.DirectMethodHandleAccessor.invoke(DirectMethodHandleAccessor.java:103)
	at java.base/java.lang.reflect.Method.invoke(Method.java:580)
	at org.springframework.aop.support.AopUtils.invokeJoinpointUsingReflection(AopUtils.java:359)
	at org.springframework.aop.framework.ReflectiveMethodInvocation.invokeJoinpoint(ReflectiveMethodInvocation.java:196)
	at org.springframework.aop.framework.ReflectiveMethodInvocation.proceed(ReflectiveMethodInvocation.java:163)
	at org.springframework.aop.aspectj.AspectJAfterThrowingAdvice.invoke(AspectJAfterThrowingAdvice.java:64)
	at org.springframework.aop.framework.ReflectiveMethodInvocation.proceed(ReflectiveMethodInvocation.java:184)
	at org.springframework.aop.framework.adapter.AfterReturningAdviceInterceptor.invoke(AfterReturningAdviceInterceptor.java:57)
	at org.springframework.aop.framework.ReflectiveMethodInvocation.proceed(ReflectiveMethodInvocation.java:184)
	at org.springframework.aop.framework.adapter.MethodBeforeAdviceInterceptor.invoke(MethodBeforeAdviceInterceptor.java:58)
	at org.springframework.aop.framework.ReflectiveMethodInvocation.proceed(ReflectiveMethodInvocation.java:184)
	at org.springframework.aop.interceptor.ExposeInvocationInterceptor.invoke(ExposeInvocationInterceptor.java:97)
	at org.springframework.aop.framework.ReflectiveMethodInvocation.proceed(ReflectiveMethodInvocation.java:184)
	at org.springframework.aop.framework.CglibAopProxy$DynamicAdvisedInterceptor.intercept(CglibAopProxy.java:727)
	at cn.edu.sdu.java.server.controllers.StudentController$$SpringCGLIB$$0.studentEditSave(<generated>)
	at java.base/jdk.internal.reflect.DirectMethodHandleAccessor.invoke(DirectMethodHandleAccessor.java:103)
	at java.base/java.lang.reflect.Method.invoke(Method.java:580)
	at org.springframework.web.method.support.InvocableHandlerMethod.doInvoke(InvocableHandlerMethod.java:257)
	at org.springframework.web.method.support.InvocableHandlerMethod.invokeForRequest(InvocableHandlerMethod.java:190)
	at org.springframework.web.servlet.mvc.method.annotation.ServletInvocableHandlerMethod.invokeAndHandle(ServletInvocableHandlerMethod.java:118)
	at org.springframework.web.servlet.mvc.method.annotation.RequestMappingHandlerAdapter.invokeHandlerMethod(RequestMappingHandlerAdapter.java:986)
	at org.springframework.web.servlet.mvc.method.annotation.RequestMappingHandlerAdapter.handleInternal(RequestMappingHandlerAdapter.java:891)
	at org.springframework.web.servlet.mvc.method.AbstractHandlerMethodAdapter.handle(AbstractHandlerMethodAdapter.java:87)
	at org.springframework.web.servlet.DispatcherServlet.doDispatch(DispatcherServlet.java:1088)
	at org.springframework.web.servlet.DispatcherServlet.doService(DispatcherServlet.java:978)
	at org.springframework.web.servlet.FrameworkServlet.processRequest(FrameworkServlet.java:1014)
	at org.springframework.web.servlet.FrameworkServlet.doPost(FrameworkServlet.java:914)
	at jakarta.servlet.http.HttpServlet.service(HttpServlet.java:590)
	at org.springframework.web.servlet.FrameworkServlet.service(FrameworkServlet.java:885)
	at jakarta.servlet.http.HttpServlet.service(HttpServlet.java:658)
	at org.apache.catalina.core.ApplicationFilterChain.internalDoFilter(ApplicationFilterChain.java:195)
	at org.apache.catalina.core.ApplicationFilterChain.doFilter(ApplicationFilterChain.java:140)
	at org.apache.tomcat.websocket.server.WsFilter.doFilter(WsFilter.java:51)
	at org.apache.catalina.core.ApplicationFilterChain.internalDoFilter(ApplicationFilterChain.java:164)
	at org.apache.catalina.core.ApplicationFilterChain.doFilter(ApplicationFilterChain.java:140)
	at org.springframework.web.filter.OncePerRequestFilter.doFilter(OncePerRequestFilter.java:110)
	at org.apache.catalina.core.ApplicationFilterChain.internalDoFilter(ApplicationFilterChain.java:164)
	at org.apache.catalina.core.ApplicationFilterChain.doFilter(ApplicationFilterChain.java:140)
	at org.springframework.web.filter.CompositeFilter$VirtualFilterChain.doFilter(CompositeFilter.java:108)
	at org.springframework.security.web.FilterChainProxy.lambda$doFilterInternal$3(FilterChainProxy.java:231)
	at org.springframework.security.web.FilterChainProxy$VirtualFilterChain.doFilter(FilterChainProxy.java:365)
	at org.springframework.security.web.access.intercept.AuthorizationFilter.doFilter(AuthorizationFilter.java:101)
	at org.springframework.security.web.FilterChainProxy$VirtualFilterChain.doFilter(FilterChainProxy.java:374)
	at org.springframework.security.web.access.ExceptionTranslationFilter.doFilter(ExceptionTranslationFilter.java:126)
	at org.springframework.security.web.access.ExceptionTranslationFilter.doFilter(ExceptionTranslationFilter.java:120)
	at org.springframework.security.web.FilterChainProxy$VirtualFilterChain.doFilter(FilterChainProxy.java:374)
	at org.springframework.security.web.session.SessionManagementFilter.doFilter(SessionManagementFilter.java:131)
	at org.springframework.security.web.session.SessionManagementFilter.doFilter(SessionManagementFilter.java:85)
	at org.springframework.security.web.FilterChainProxy$VirtualFilterChain.doFilter(FilterChainProxy.java:374)
	at org.springframework.security.web.authentication.AnonymousAuthenticationFilter.doFilter(AnonymousAuthenticationFilter.java:100)
	at org.springframework.security.web.FilterChainProxy$VirtualFilterChain.doFilter(FilterChainProxy.java:374)
	at org.springframework.security.web.servletapi.SecurityContextHolderAwareRequestFilter.doFilter(SecurityContextHolderAwareRequestFilter.java:179)
	at org.springframework.security.web.FilterChainProxy$VirtualFilterChain.doFilter(FilterChainProxy.java:374)
	at org.springframework.security.web.savedrequest.RequestCacheAwareFilter.doFilter(RequestCacheAwareFilter.java:63)
	at org.springframework.security.web.FilterChainProxy$VirtualFilterChain.doFilter(FilterChainProxy.java:374)
	at cn.edu.sdu.java.server.configs.JwtAuthenticationFilter.doFilterInternal(JwtAuthenticationFilter.java:91)
	at org.springframework.web.filter.OncePerRequestFilter.doFilter(OncePerRequestFilter.java:116)
	at org.springframework.security.web.FilterChainProxy$VirtualFilterChain.doFilter(FilterChainProxy.java:374)
	at org.springframework.security.web.authentication.logout.LogoutFilter.doFilter(LogoutFilter.java:107)
	at org.springframework.security.web.authentication.logout.LogoutFilter.doFilter(LogoutFilter.java:93)
	at org.springframework.security.web.FilterChainProxy$VirtualFilterChain.doFilter(FilterChainProxy.java:374)
	at org.springframework.web.filter.CorsFilter.doFilterInternal(CorsFilter.java:91)
	at org.springframework.web.filter.OncePerRequestFilter.doFilter(OncePerRequestFilter.java:116)
	at org.springframework.security.web.FilterChainProxy$VirtualFilterChain.doFilter(FilterChainProxy.java:374)
	at org.springframework.security.web.header.HeaderWriterFilter.doHeadersAfter(HeaderWriterFilter.java:90)
	at org.springframework.security.web.header.HeaderWriterFilter.doFilterInternal(HeaderWriterFilter.java:75)
	at org.springframework.web.filter.OncePerRequestFilter.doFilter(OncePerRequestFilter.java:116)
	at org.springframework.security.web.FilterChainProxy$VirtualFilterChain.doFilter(FilterChainProxy.java:374)
	at org.springframework.security.web.context.SecurityContextHolderFilter.doFilter(SecurityContextHolderFilter.java:82)
	at org.springframework.security.web.context.SecurityContextHolderFilter.doFilter(SecurityContextHolderFilter.java:69)
	at org.springframework.security.web.FilterChainProxy$VirtualFilterChain.doFilter(FilterChainProxy.java:374)
	at org.springframework.security.web.context.request.async.WebAsyncManagerIntegrationFilter.doFilterInternal(WebAsyncManagerIntegrationFilter.java:62)
	at org.springframework.web.filter.OncePerRequestFilter.doFilter(OncePerRequestFilter.java:116)
	at org.springframework.security.web.FilterChainProxy$VirtualFilterChain.doFilter(FilterChainProxy.java:374)
	at org.springframework.security.web.session.DisableEncodeUrlFilter.doFilterInternal(DisableEncodeUrlFilter.java:42)
	at org.springframework.web.filter.OncePerRequestFilter.doFilter(OncePerRequestFilter.java:116)
	at org.springframework.security.web.FilterChainProxy$VirtualFilterChain.doFilter(FilterChainProxy.java:374)
	at org.springframework.security.web.FilterChainProxy.doFilterInternal(FilterChainProxy.java:233)
	at org.springframework.security.web.FilterChainProxy.doFilter(FilterChainProxy.java:191)
	at org.springframework.web.filter.CompositeFilter$VirtualFilterChain.doFilter(CompositeFilter.java:113)
	at org.springframework.web.servlet.handler.HandlerMappingIntrospector.lambda$createCacheFilter$3(HandlerMappingIntrospector.java:243)
	at org.springframework.web.filter.CompositeFilter$VirtualFilterChain.doFilter(CompositeFilter.java:113)
	at org.springframework.web.filter.CompositeFilter.doFilter(CompositeFilter.java:74)
	at org.springframework.security.config.annotation.web.configuration.WebMvcSecurityConfiguration$CompositeFilterChainProxy.doFilter(WebMvcSecurityConfiguration.java:238)
	at org.springframework.web.filter.DelegatingFilterProxy.invokeDelegate(DelegatingFilterProxy.java:362)
	at org.springframework.web.filter.DelegatingFilterProxy.doFilter(DelegatingFilterProxy.java:278)
	at org.apache.catalina.core.ApplicationFilterChain.internalDoFilter(ApplicationFilterChain.java:164)
	at org.apache.catalina.core.ApplicationFilterChain.doFilter(ApplicationFilterChain.java:140)
	at org.springframework.web.filter.RequestContextFilter.doFilterInternal(RequestContextFilter.java:100)
	at org.springframework.web.filter.OncePerRequestFilter.doFilter(OncePerRequestFilter.java:116)
	at org.apache.catalina.core.ApplicationFilterChain.internalDoFilter(ApplicationFilterChain.java:164)
	at org.apache.catalina.core.ApplicationFilterChain.doFilter(ApplicationFilterChain.java:140)
	at org.springframework.web.filter.FormContentFilter.doFilterInternal(FormContentFilter.java:93)
	at org.springframework.web.filter.OncePerRequestFilter.doFilter(OncePerRequestFilter.java:116)
	at org.apache.catalina.core.ApplicationFilterChain.internalDoFilter(ApplicationFilterChain.java:164)
	at org.apache.catalina.core.ApplicationFilterChain.doFilter(ApplicationFilterChain.java:140)
	at org.springframework.web.filter.CharacterEncodingFilter.doFilterInternal(CharacterEncodingFilter.java:201)
	at org.springframework.web.filter.OncePerRequestFilter.doFilter(OncePerRequestFilter.java:116)
	at org.apache.catalina.core.ApplicationFilterChain.internalDoFilter(ApplicationFilterChain.java:164)
	at org.apache.catalina.core.ApplicationFilterChain.doFilter(ApplicationFilterChain.java:140)
	at org.apache.catalina.core.StandardWrapperValve.invoke(StandardWrapperValve.java:167)
	at org.apache.catalina.core.StandardContextValve.invoke(StandardContextValve.java:90)
	at org.apache.catalina.authenticator.AuthenticatorBase.invoke(AuthenticatorBase.java:483)
	at org.apache.catalina.core.StandardHostValve.invoke(StandardHostValve.java:115)
	at org.apache.catalina.valves.ErrorReportValve.invoke(ErrorReportValve.java:93)
	at org.apache.catalina.core.StandardEngineValve.invoke(StandardEngineValve.java:74)
	at org.apache.catalina.connector.CoyoteAdapter.service(CoyoteAdapter.java:344)
	at org.apache.coyote.http11.Http11Processor.service(Http11Processor.java:397)
	at org.apache.coyote.AbstractProcessorLight.process(AbstractProcessorLight.java:63)
	at org.apache.coyote.AbstractProtocol$ConnectionHandler.process(AbstractProtocol.java:905)
	at org.apache.tomcat.util.net.NioEndpoint$SocketProcessor.doRun(NioEndpoint.java:1741)
	at org.apache.tomcat.util.net.SocketProcessorBase.run(SocketProcessorBase.java:52)
	at org.apache.tomcat.util.threads.ThreadPoolExecutor.runWorker(ThreadPoolExecutor.java:1190)
	at org.apache.tomcat.util.threads.ThreadPoolExecutor$Worker.run(ThreadPoolExecutor.java:659)
	at org.apache.tomcat.util.threads.TaskThread$WrappingRunnable.run(TaskThread.java:63)
	at java.base/java.lang.Thread.run(Thread.java:1583)
Caused by: jakarta.validation.ConstraintViolationException: Validation failed for classes [cn.edu.sdu.java.server.models.Person] during persist time for groups [jakarta.validation.groups.Default, ]
List of constraint violations:[
	ConstraintViolationImpl{interpolatedMessage='不是一个合法的电子邮件地址', propertyPath=email, rootBeanClass=class cn.edu.sdu.java.server.models.Person, messageTemplate='{jakarta.validation.constraints.Email.message}'}
]
	at org.hibernate.boot.beanvalidation.BeanValidationEventListener.validate(BeanValidationEventListener.java:161)
	at org.hibernate.boot.beanvalidation.BeanValidationEventListener.onPreInsert(BeanValidationEventListener.java:84)
	at org.hibernate.action.internal.EntityIdentityInsertAction.preInsert(EntityIdentityInsertAction.java:201)
	at org.hibernate.action.internal.EntityIdentityInsertAction.execute(EntityIdentityInsertAction.java:79)
	at org.hibernate.engine.spi.ActionQueue.execute(ActionQueue.java:682)
	at org.hibernate.engine.spi.ActionQueue.addResolvedEntityInsertAction(ActionQueue.java:293)
	at org.hibernate.engine.spi.ActionQueue.addInsertAction(ActionQueue.java:274)
	at org.hibernate.engine.spi.ActionQueue.addAction(ActionQueue.java:324)
	at org.hibernate.event.internal.AbstractSaveEventListener.addInsertAction(AbstractSaveEventListener.java:393)
	at org.hibernate.event.internal.AbstractSaveEventListener.performSaveOrReplicate(AbstractSaveEventListener.java:307)
	at org.hibernate.event.internal.AbstractSaveEventListener.performSave(AbstractSaveEventListener.java:223)
	at org.hibernate.event.internal.AbstractSaveEventListener.saveWithGeneratedId(AbstractSaveEventListener.java:136)
	at org.hibernate.event.internal.DefaultPersistEventListener.entityIsTransient(DefaultPersistEventListener.java:177)
	at org.hibernate.event.internal.DefaultPersistEventListener.persist(DefaultPersistEventListener.java:95)
	at org.hibernate.event.internal.DefaultPersistEventListener.onPersist(DefaultPersistEventListener.java:79)
	at org.hibernate.event.internal.DefaultPersistEventListener.onPersist(DefaultPersistEventListener.java:55)
	at org.hibernate.event.service.internal.EventListenerGroupImpl.fireEventOnEachListener(EventListenerGroupImpl.java:127)
	at org.hibernate.internal.SessionImpl.firePersist(SessionImpl.java:761)
	at org.hibernate.internal.SessionImpl.persist(SessionImpl.java:745)
	at java.base/jdk.internal.reflect.DirectMethodHandleAccessor.invoke(DirectMethodHandleAccessor.java:103)
	at java.base/java.lang.reflect.Method.invoke(Method.java:580)
	at org.springframework.orm.jpa.ExtendedEntityManagerCreator$ExtendedEntityManagerInvocationHandler.invoke(ExtendedEntityManagerCreator.java:364)
	at jdk.proxy2/jdk.proxy2.$Proxy155.persist(Unknown Source)
	at java.base/jdk.internal.reflect.DirectMethodHandleAccessor.invoke(DirectMethodHandleAccessor.java:103)
	at java.base/java.lang.reflect.Method.invoke(Method.java:580)
	at org.springframework.orm.jpa.SharedEntityManagerCreator$SharedEntityManagerInvocationHandler.invoke(SharedEntityManagerCreator.java:320)
	at jdk.proxy2/jdk.proxy2.$Proxy155.persist(Unknown Source)
	at org.springframework.data.jpa.repository.support.SimpleJpaRepository.save(SimpleJpaRepository.java:627)
	at org.springframework.data.jpa.repository.support.SimpleJpaRepository.saveAndFlush(SimpleJpaRepository.java:638)
	at java.base/jdk.internal.reflect.DirectMethodHandleAccessor.invoke(DirectMethodHandleAccessor.java:103)
	at java.base/java.lang.reflect.Method.invoke(Method.java:580)
	at org.springframework.aop.support.AopUtils.invokeJoinpointUsingReflection(AopUtils.java:359)
	at org.springframework.data.repository.core.support.RepositoryMethodInvoker$RepositoryFragmentMethodInvoker.lambda$new$0(RepositoryMethodInvoker.java:277)
	at org.springframework.data.repository.core.support.RepositoryMethodInvoker.doInvoke(RepositoryMethodInvoker.java:170)
	at org.springframework.data.repository.core.support.RepositoryMethodInvoker.invoke(RepositoryMethodInvoker.java:158)
	at org.springframework.data.repository.core.support.RepositoryComposition$RepositoryFragments.invoke(RepositoryComposition.java:515)
	at org.springframework.data.repository.core.support.RepositoryComposition.invoke(RepositoryComposition.java:284)
	at org.springframework.data.repository.core.support.RepositoryFactorySupport$ImplementationMethodExecutionInterceptor.invoke(RepositoryFactorySupport.java:752)
	at org.springframework.aop.framework.ReflectiveMethodInvocation.proceed(ReflectiveMethodInvocation.java:184)
	at org.springframework.data.repository.core.support.QueryExecutorMethodInterceptor.doInvoke(QueryExecutorMethodInterceptor.java:174)
	at org.springframework.data.repository.core.support.QueryExecutorMethodInterceptor.invoke(QueryExecutorMethodInterceptor.java:149)
	at org.springframework.aop.framework.ReflectiveMethodInvocation.proceed(ReflectiveMethodInvocation.java:184)
	at org.springframework.data.projection.DefaultMethodInvokingMethodInterceptor.invoke(DefaultMethodInvokingMethodInterceptor.java:69)
	at org.springframework.aop.framework.ReflectiveMethodInvocation.proceed(ReflectiveMethodInvocation.java:184)
	at org.springframework.transaction.interceptor.TransactionAspectSupport.invokeWithinTransaction(TransactionAspectSupport.java:380)
	at org.springframework.transaction.interceptor.TransactionInterceptor.invoke(TransactionInterceptor.java:119)
	at org.springframework.aop.framework.ReflectiveMethodInvocation.proceed(ReflectiveMethodInvocation.java:184)
	at org.springframework.dao.support.PersistenceExceptionTranslationInterceptor.invoke(PersistenceExceptionTranslationInterceptor.java:138)
	at org.springframework.aop.framework.ReflectiveMethodInvocation.proceed(ReflectiveMethodInvocation.java:184)
	at org.springframework.data.jpa.repository.support.CrudMethodMetadataPostProcessor$CrudMethodMetadataPopulatingMethodInterceptor.invoke(CrudMethodMetadataPostProcessor.java:165)
	at org.springframework.aop.framework.ReflectiveMethodInvocation.proceed(ReflectiveMethodInvocation.java:184)
	at org.springframework.aop.framework.JdkDynamicAopProxy.invoke(JdkDynamicAopProxy.java:223)
	at jdk.proxy2/jdk.proxy2.$Proxy179.saveAndFlush(Unknown Source)
	at cn.edu.sdu.java.server.services.StudentService.studentEditSave(StudentService.java:441)
	... 127 common frames omitted
2026-06-05 10:00:10,075 [http-nio-22223-exec-6] INFO  c.e.s.j.s.c.JwtAuthenticationFilter                - /api/student/studentEditSave,admin,2026-06-05 10:00:09,0.155
2026-06-05 10:20:52,558 [background-preinit] INFO  o.h.validator.internal.util.Version                - HV000001: Hibernate Validator 8.0.2.Final
2026-06-05 10:20:52,621 [main] INFO  c.e.s.java.server.JavaServerApplication            - Starting JavaServerApplication using Java 21.0.5 with PID 16752 (D:\JavaProject\server\target\classes started by Xinbin in D:\JavaProject\server)
2026-06-05 10:20:52,622 [main] INFO  c.e.s.java.server.JavaServerApplication            - No active profile set, falling back to 1 default profile: "default"
2026-06-05 10:20:53,616 [main] INFO  o.s.d.r.c.RepositoryConfigurationDelegate          - Multiple Spring Data modules found, entering strict repository configuration mode
2026-06-05 10:20:53,618 [main] INFO  o.s.d.r.c.RepositoryConfigurationDelegate          - Bootstrapping Spring Data JPA repositories in DEFAULT mode.
2026-06-05 10:20:53,809 [main] INFO  o.s.d.r.c.RepositoryConfigurationDelegate          - Finished Spring Data repository scanning in 180 ms. Found 32 JPA repository interfaces.
2026-06-05 10:20:53,838 [main] INFO  o.s.d.r.c.RepositoryConfigurationDelegate          - Multiple Spring Data modules found, entering strict repository configuration mode
2026-06-05 10:20:53,840 [main] INFO  o.s.d.r.c.RepositoryConfigurationDelegate          - Bootstrapping Spring Data Redis repositories in DEFAULT mode.
2026-06-05 10:20:53,858 [main] INFO  o.s.d.r.c.RepositoryConfigurationExtensionSupport  - Spring Data Redis - Could not safely identify store assignment for repository candidate interface cn.edu.sdu.java.server.repositorys.ApprovalRecordRepository; If you want this repository to be a Redis repository, consider annotating your entities with one of these annotations: org.springframework.data.redis.core.RedisHash (preferred), or consider extending one of the following types with your repository: org.springframework.data.keyvalue.repository.KeyValueRepository
2026-06-05 10:20:53,859 [main] INFO  o.s.d.r.c.RepositoryConfigurationExtensionSupport  - Spring Data Redis - Could not safely identify store assignment for repository candidate interface cn.edu.sdu.java.server.repositorys.AttendanceRepository; If you want this repository to be a Redis repository, consider annotating your entities with one of these annotations: org.springframework.data.redis.core.RedisHash (preferred), or consider extending one of the following types with your repository: org.springframework.data.keyvalue.repository.KeyValueRepository
2026-06-05 10:20:53,859 [main] INFO  o.s.d.r.c.RepositoryConfigurationExtensionSupport  - Spring Data Redis - Could not safely identify store assignment for repository candidate interface cn.edu.sdu.java.server.repositorys.CourseMaterialRepository; If you want this repository to be a Redis repository, consider annotating your entities with one of these annotations: org.springframework.data.redis.core.RedisHash (preferred), or consider extending one of the following types with your repository: org.springframework.data.keyvalue.repository.KeyValueRepository
2026-06-05 10:20:53,860 [main] INFO  o.s.d.r.c.RepositoryConfigurationExtensionSupport  - Spring Data Redis - Could not safely identify store assignment for repository candidate interface cn.edu.sdu.java.server.repositorys.CourseRepository; If you want this repository to be a Redis repository, consider annotating your entities with one of these annotations: org.springframework.data.redis.core.RedisHash (preferred), or consider extending one of the following types with your repository: org.springframework.data.keyvalue.repository.KeyValueRepository
2026-06-05 10:20:53,860 [main] INFO  o.s.d.r.c.RepositoryConfigurationExtensionSupport  - Spring Data Redis - Could not safely identify store assignment for repository candidate interface cn.edu.sdu.java.server.repositorys.CourseSelectionRepository; If you want this repository to be a Redis repository, consider annotating your entities with one of these annotations: org.springframework.data.redis.core.RedisHash (preferred), or consider extending one of the following types with your repository: org.springframework.data.keyvalue.repository.KeyValueRepository
2026-06-05 10:20:53,860 [main] INFO  o.s.d.r.c.RepositoryConfigurationExtensionSupport  - Spring Data Redis - Could not safely identify store assignment for repository candidate interface cn.edu.sdu.java.server.repositorys.CourseTeachingRepository; If you want this repository to be a Redis repository, consider annotating your entities with one of these annotations: org.springframework.data.redis.core.RedisHash (preferred), or consider extending one of the following types with your repository: org.springframework.data.keyvalue.repository.KeyValueRepository
2026-06-05 10:20:53,861 [main] INFO  o.s.d.r.c.RepositoryConfigurationExtensionSupport  - Spring Data Redis - Could not safely identify store assignment for repository candidate interface cn.edu.sdu.java.server.repositorys.DailyActivityRepository; If you want this repository to be a Redis repository, consider annotating your entities with one of these annotations: org.springframework.data.redis.core.RedisHash (preferred), or consider extending one of the following types with your repository: org.springframework.data.keyvalue.repository.KeyValueRepository
2026-06-05 10:20:53,861 [main] INFO  o.s.d.r.c.RepositoryConfigurationExtensionSupport  - Spring Data Redis - Could not safely identify store assignment for repository candidate interface cn.edu.sdu.java.server.repositorys.DevelopmentRepository; If you want this repository to be a Redis repository, consider annotating your entities with one of these annotations: org.springframework.data.redis.core.RedisHash (preferred), or consider extending one of the following types with your repository: org.springframework.data.keyvalue.repository.KeyValueRepository
2026-06-05 10:20:53,862 [main] INFO  o.s.d.r.c.RepositoryConfigurationExtensionSupport  - Spring Data Redis - Could not safely identify store assignment for repository candidate interface cn.edu.sdu.java.server.repositorys.DictionaryInfoRepository; If you want this repository to be a Redis repository, consider annotating your entities with one of these annotations: org.springframework.data.redis.core.RedisHash (preferred), or consider extending one of the following types with your repository: org.springframework.data.keyvalue.repository.KeyValueRepository
2026-06-05 10:20:53,862 [main] INFO  o.s.d.r.c.RepositoryConfigurationExtensionSupport  - Spring Data Redis - Could not safely identify store assignment for repository candidate interface cn.edu.sdu.java.server.repositorys.ExamScheduleRepository; If you want this repository to be a Redis repository, consider annotating your entities with one of these annotations: org.springframework.data.redis.core.RedisHash (preferred), or consider extending one of the following types with your repository: org.springframework.data.keyvalue.repository.KeyValueRepository
2026-06-05 10:20:53,862 [main] INFO  o.s.d.r.c.RepositoryConfigurationExtensionSupport  - Spring Data Redis - Could not safely identify store assignment for repository candidate interface cn.edu.sdu.java.server.repositorys.FamilyMemberRepository; If you want this repository to be a Redis repository, consider annotating your entities with one of these annotations: org.springframework.data.redis.core.RedisHash (preferred), or consider extending one of the following types with your repository: org.springframework.data.keyvalue.repository.KeyValueRepository
2026-06-05 10:20:53,863 [main] INFO  o.s.d.r.c.RepositoryConfigurationExtensionSupport  - Spring Data Redis - Could not safely identify store assignment for repository candidate interface cn.edu.sdu.java.server.repositorys.FeeRepository; If you want this repository to be a Redis repository, consider annotating your entities with one of these annotations: org.springframework.data.redis.core.RedisHash (preferred), or consider extending one of the following types with your repository: org.springframework.data.keyvalue.repository.KeyValueRepository
2026-06-05 10:20:53,863 [main] INFO  o.s.d.r.c.RepositoryConfigurationExtensionSupport  - Spring Data Redis - Could not safely identify store assignment for repository candidate interface cn.edu.sdu.java.server.repositorys.HomeworkRepository; If you want this repository to be a Redis repository, consider annotating your entities with one of these annotations: org.springframework.data.redis.core.RedisHash (preferred), or consider extending one of the following types with your repository: org.springframework.data.keyvalue.repository.KeyValueRepository
2026-06-05 10:20:53,864 [main] INFO  o.s.d.r.c.RepositoryConfigurationExtensionSupport  - Spring Data Redis - Could not safely identify store assignment for repository candidate interface cn.edu.sdu.java.server.repositorys.HomeworkSubmissionRepository; If you want this repository to be a Redis repository, consider annotating your entities with one of these annotations: org.springframework.data.redis.core.RedisHash (preferred), or consider extending one of the following types with your repository: org.springframework.data.keyvalue.repository.KeyValueRepository
2026-06-05 10:20:53,864 [main] INFO  o.s.d.r.c.RepositoryConfigurationExtensionSupport  - Spring Data Redis - Could not safely identify store assignment for repository candidate interface cn.edu.sdu.java.server.repositorys.HonorRepository; If you want this repository to be a Redis repository, consider annotating your entities with one of these annotations: org.springframework.data.redis.core.RedisHash (preferred), or consider extending one of the following types with your repository: org.springframework.data.keyvalue.repository.KeyValueRepository
2026-06-05 10:20:53,864 [main] INFO  o.s.d.r.c.RepositoryConfigurationExtensionSupport  - Spring Data Redis - Could not safely identify store assignment for repository candidate interface cn.edu.sdu.java.server.repositorys.InnovationProjectRepository; If you want this repository to be a Redis repository, consider annotating your entities with one of these annotations: org.springframework.data.redis.core.RedisHash (preferred), or consider extending one of the following types with your repository: org.springframework.data.keyvalue.repository.KeyValueRepository
2026-06-05 10:20:53,865 [main] INFO  o.s.d.r.c.RepositoryConfigurationExtensionSupport  - Spring Data Redis - Could not safely identify store assignment for repository candidate interface cn.edu.sdu.java.server.repositorys.MenuInfoRepository; If you want this repository to be a Redis repository, consider annotating your entities with one of these annotations: org.springframework.data.redis.core.RedisHash (preferred), or consider extending one of the following types with your repository: org.springframework.data.keyvalue.repository.KeyValueRepository
2026-06-05 10:20:53,865 [main] INFO  o.s.d.r.c.RepositoryConfigurationExtensionSupport  - Spring Data Redis - Could not safely identify store assignment for repository candidate interface cn.edu.sdu.java.server.repositorys.ModifyLogRepository; If you want this repository to be a Redis repository, consider annotating your entities with one of these annotations: org.springframework.data.redis.core.RedisHash (preferred), or consider extending one of the following types with your repository: org.springframework.data.keyvalue.repository.KeyValueRepository
2026-06-05 10:20:53,866 [main] INFO  o.s.d.r.c.RepositoryConfigurationExtensionSupport  - Spring Data Redis - Could not safely identify store assignment for repository candidate interface cn.edu.sdu.java.server.repositorys.PersonRepository; If you want this repository to be a Redis repository, consider annotating your entities with one of these annotations: org.springframework.data.redis.core.RedisHash (preferred), or consider extending one of the following types with your repository: org.springframework.data.keyvalue.repository.KeyValueRepository
2026-06-05 10:20:53,867 [main] INFO  o.s.d.r.c.RepositoryConfigurationExtensionSupport  - Spring Data Redis - Could not safely identify store assignment for repository candidate interface cn.edu.sdu.java.server.repositorys.PunishmentRepository; If you want this repository to be a Redis repository, consider annotating your entities with one of these annotations: org.springframework.data.redis.core.RedisHash (preferred), or consider extending one of the following types with your repository: org.springframework.data.keyvalue.repository.KeyValueRepository
2026-06-05 10:20:53,867 [main] INFO  o.s.d.r.c.RepositoryConfigurationExtensionSupport  - Spring Data Redis - Could not safely identify store assignment for repository candidate interface cn.edu.sdu.java.server.repositorys.RequestLogRepository; If you want this repository to be a Redis repository, consider annotating your entities with one of these annotations: org.springframework.data.redis.core.RedisHash (preferred), or consider extending one of the following types with your repository: org.springframework.data.keyvalue.repository.KeyValueRepository
2026-06-05 10:20:53,867 [main] INFO  o.s.d.r.c.RepositoryConfigurationExtensionSupport  - Spring Data Redis - Could not safely identify store assignment for repository candidate interface cn.edu.sdu.java.server.repositorys.ScoreRepository; If you want this repository to be a Redis repository, consider annotating your entities with one of these annotations: org.springframework.data.redis.core.RedisHash (preferred), or consider extending one of the following types with your repository: org.springframework.data.keyvalue.repository.KeyValueRepository
2026-06-05 10:20:53,868 [main] INFO  o.s.d.r.c.RepositoryConfigurationExtensionSupport  - Spring Data Redis - Could not safely identify store assignment for repository candidate interface cn.edu.sdu.java.server.repositorys.SocialRelationRepository; If you want this repository to be a Redis repository, consider annotating your entities with one of these annotations: org.springframework.data.redis.core.RedisHash (preferred), or consider extending one of the following types with your repository: org.springframework.data.keyvalue.repository.KeyValueRepository
2026-06-05 10:20:53,868 [main] INFO  o.s.d.r.c.RepositoryConfigurationExtensionSupport  - Spring Data Redis - Could not safely identify store assignment for repository candidate interface cn.edu.sdu.java.server.repositorys.StatisticsDayRepository; If you want this repository to be a Redis repository, consider annotating your entities with one of these annotations: org.springframework.data.redis.core.RedisHash (preferred), or consider extending one of the following types with your repository: org.springframework.data.keyvalue.repository.KeyValueRepository
2026-06-05 10:20:53,869 [main] INFO  o.s.d.r.c.RepositoryConfigurationExtensionSupport  - Spring Data Redis - Could not safely identify store assignment for repository candidate interface cn.edu.sdu.java.server.repositorys.StudentExamScheduleRepository; If you want this repository to be a Redis repository, consider annotating your entities with one of these annotations: org.springframework.data.redis.core.RedisHash (preferred), or consider extending one of the following types with your repository: org.springframework.data.keyvalue.repository.KeyValueRepository
2026-06-05 10:20:53,869 [main] INFO  o.s.d.r.c.RepositoryConfigurationExtensionSupport  - Spring Data Redis - Could not safely identify store assignment for repository candidate interface cn.edu.sdu.java.server.repositorys.StudentLeaveRepository; If you want this repository to be a Redis repository, consider annotating your entities with one of these annotations: org.springframework.data.redis.core.RedisHash (preferred), or consider extending one of the following types with your repository: org.springframework.data.keyvalue.repository.KeyValueRepository
2026-06-05 10:20:53,869 [main] INFO  o.s.d.r.c.RepositoryConfigurationExtensionSupport  - Spring Data Redis - Could not safely identify store assignment for repository candidate interface cn.edu.sdu.java.server.repositorys.StudentRepository; If you want this repository to be a Redis repository, consider annotating your entities with one of these annotations: org.springframework.data.redis.core.RedisHash (preferred), or consider extending one of the following types with your repository: org.springframework.data.keyvalue.repository.KeyValueRepository
2026-06-05 10:20:53,870 [main] INFO  o.s.d.r.c.RepositoryConfigurationExtensionSupport  - Spring Data Redis - Could not safely identify store assignment for repository candidate interface cn.edu.sdu.java.server.repositorys.StudentStatisticsRepository; If you want this repository to be a Redis repository, consider annotating your entities with one of these annotations: org.springframework.data.redis.core.RedisHash (preferred), or consider extending one of the following types with your repository: org.springframework.data.keyvalue.repository.KeyValueRepository
2026-06-05 10:20:53,870 [main] INFO  o.s.d.r.c.RepositoryConfigurationExtensionSupport  - Spring Data Redis - Could not safely identify store assignment for repository candidate interface cn.edu.sdu.java.server.repositorys.SystemInfoRepository; If you want this repository to be a Redis repository, consider annotating your entities with one of these annotations: org.springframework.data.redis.core.RedisHash (preferred), or consider extending one of the following types with your repository: org.springframework.data.keyvalue.repository.KeyValueRepository
2026-06-05 10:20:53,870 [main] INFO  o.s.d.r.c.RepositoryConfigurationExtensionSupport  - Spring Data Redis - Could not safely identify store assignment for repository candidate interface cn.edu.sdu.java.server.repositorys.TeacherRepository; If you want this repository to be a Redis repository, consider annotating your entities with one of these annotations: org.springframework.data.redis.core.RedisHash (preferred), or consider extending one of the following types with your repository: org.springframework.data.keyvalue.repository.KeyValueRepository
2026-06-05 10:20:53,871 [main] INFO  o.s.d.r.c.RepositoryConfigurationExtensionSupport  - Spring Data Redis - Could not safely identify store assignment for repository candidate interface cn.edu.sdu.java.server.repositorys.UserRepository; If you want this repository to be a Redis repository, consider annotating your entities with one of these annotations: org.springframework.data.redis.core.RedisHash (preferred), or consider extending one of the following types with your repository: org.springframework.data.keyvalue.repository.KeyValueRepository
2026-06-05 10:20:53,871 [main] INFO  o.s.d.r.c.RepositoryConfigurationExtensionSupport  - Spring Data Redis - Could not safely identify store assignment for repository candidate interface cn.edu.sdu.java.server.repositorys.UserTypeRepository; If you want this repository to be a Redis repository, consider annotating your entities with one of these annotations: org.springframework.data.redis.core.RedisHash (preferred), or consider extending one of the following types with your repository: org.springframework.data.keyvalue.repository.KeyValueRepository
2026-06-05 10:20:53,871 [main] INFO  o.s.d.r.c.RepositoryConfigurationDelegate          - Finished Spring Data repository scanning in 21 ms. Found 0 Redis repository interfaces.
2026-06-05 10:20:55,064 [main] INFO  o.s.b.w.embedded.tomcat.TomcatWebServer            - Tomcat initialized with port 22223 (http)
2026-06-05 10:20:55,083 [main] INFO  o.apache.coyote.http11.Http11NioProtocol           - Initializing ProtocolHandler ["http-nio-22223"]
2026-06-05 10:20:55,088 [main] INFO  o.apache.catalina.core.StandardService             - Starting service [Tomcat]
2026-06-05 10:20:55,089 [main] INFO  org.apache.catalina.core.StandardEngine            - Starting Servlet engine: [Apache Tomcat/10.1.34]
2026-06-05 10:20:55,156 [main] INFO  o.a.c.c.C.[Tomcat].[localhost].[/]                 - Initializing Spring embedded WebApplicationContext
2026-06-05 10:20:55,156 [main] INFO  o.s.b.w.s.c.ServletWebServerApplicationContext     - Root WebApplicationContext: initialization completed in 2503 ms
2026-06-05 10:20:55,407 [main] INFO  o.hibernate.jpa.internal.util.LogHelper            - HHH000204: Processing PersistenceUnitInfo [name: default]
2026-06-05 10:20:55,510 [main] INFO  org.hibernate.Version                              - HHH000412: Hibernate ORM core version 6.6.5.Final
2026-06-05 10:20:55,544 [main] INFO  o.h.c.internal.RegionFactoryInitiator              - HHH000026: Second-level cache disabled
2026-06-05 10:20:55,746 [main] INFO  o.s.o.j.p.SpringPersistenceUnitInfo                - No LoadTimeWeaver setup: ignoring JPA class transformer
2026-06-05 10:20:55,767 [main] INFO  com.zaxxer.hikari.HikariDataSource                 - HikariPool-1 - Starting...
2026-06-05 10:21:00,490 [main] INFO  com.zaxxer.hikari.pool.HikariPool                  - HikariPool-1 - Added connection com.mysql.cj.jdbc.ConnectionImpl@18209303
2026-06-05 10:21:00,492 [main] INFO  com.zaxxer.hikari.HikariDataSource                 - HikariPool-1 - Start completed.
2026-06-05 10:21:00,564 [main] INFO  org.hibernate.orm.connections.pooling              - HHH10001005: Database info:
	Database JDBC URL [Connecting through datasource 'HikariDataSource (HikariPool-1)']
	Database driver: undefined/unknown
	Database version: 8.0.35
	Autocommit mode: undefined/unknown
	Isolation level: undefined/unknown
	Minimum pool size: undefined/unknown
	Maximum pool size: undefined/unknown
2026-06-05 10:21:01,626 [main] INFO  o.h.e.t.j.p.i.JtaPlatformInitiator                 - HHH000489: No JTA platform available (set 'hibernate.transaction.jta.platform' to enable JTA platform integration)
2026-06-05 10:21:01,628 [main] INFO  o.s.o.j.LocalContainerEntityManagerFactoryBean     - Initialized JPA EntityManagerFactory for persistence unit 'default'
2026-06-05 10:21:02,076 [main] INFO  o.s.d.j.r.query.QueryEnhancerFactory               - Hibernate is in classpath; If applicable, HQL parser will be used.
2026-06-05 10:21:02,965 [main] WARN  o.s.b.a.o.j.JpaBaseConfiguration$JpaWebConfiguration - spring.jpa.open-in-view is enabled by default. Therefore, database queries may be performed during view rendering. Explicitly configure spring.jpa.open-in-view to disable this warning
2026-06-05 10:21:03,923 [main] INFO  o.s.s.c.a.a.c.InitializeAuthenticationProviderBeanManagerConfigurer$InitializeAuthenticationProviderManagerConfigurer - Global AuthenticationManager configured with AuthenticationProvider bean with name authenticationProvider
2026-06-05 10:21:03,924 [main] WARN  o.s.s.c.a.a.c.InitializeUserDetailsBeanManagerConfigurer$InitializeUserDetailsManagerConfigurer - Global AuthenticationManager configured with an AuthenticationProvider bean. UserDetailsService beans will not be used by Spring Security for automatically configuring username/password login. Consider removing the AuthenticationProvider bean. Alternatively, consider using the UserDetailsService in a manually instantiated DaoAuthenticationProvider. If the current configuration is intentional, to turn off this warning, increase the logging level of 'org.springframework.security.config.annotation.authentication.configuration.InitializeUserDetailsBeanManagerConfigurer' to ERROR
2026-06-05 10:21:04,816 [main] INFO  o.s.b.a.w.s.WelcomePageHandlerMapping              - Adding welcome page: class path resource [public/index.html]
2026-06-05 10:21:05,731 [main] INFO  o.apache.coyote.http11.Http11NioProtocol           - Starting ProtocolHandler ["http-nio-22223"]
2026-06-05 10:21:05,745 [main] INFO  o.s.b.w.embedded.tomcat.TomcatWebServer            - Tomcat started on port 22223 (http) with context path '/'
2026-06-05 10:21:05,756 [main] INFO  c.e.s.java.server.JavaServerApplication            - Started JavaServerApplication in 13.59 seconds (process running for 13.88)
2026-06-05 10:21:05,759 [main] INFO  c.e.s.j.server.SystemApplicationListener           - org.springframework.boot.context.event.ApplicationReadyEvent[source=org.springframework.boot.SpringApplication@d5ce7bb]
2026-06-05 10:21:05,759 [main] INFO  c.e.s.j.server.SystemApplicationListener           - SystemInitStart
2026-06-05 10:21:05,904 [main] INFO  c.e.s.java.server.services.SystemService           - System config loaded, 0 items
2026-06-05 10:21:05,904 [main] INFO  c.e.s.j.server.SystemApplicationListener           - systemInitEnd
2026-06-05 10:21:26,117 [http-nio-22223-exec-1] INFO  o.a.c.c.C.[Tomcat].[localhost].[/]                 - Initializing Spring DispatcherServlet 'dispatcherServlet'
2026-06-05 10:21:26,117 [http-nio-22223-exec-1] INFO  o.s.web.servlet.DispatcherServlet                  - Initializing Servlet 'dispatcherServlet'
2026-06-05 10:21:26,119 [http-nio-22223-exec-1] INFO  o.s.web.servlet.DispatcherServlet                  - Completed initialization in 1 ms
2026-06-05 10:21:26,823 [http-nio-22223-exec-2] INFO  c.e.s.j.s.c.JwtAuthenticationFilter                - /api/base/getDataBaseUserName,admin,2026-06-05 10:21:26,0.128
2026-06-05 10:21:27,316 [http-nio-22223-exec-3] INFO  c.e.s.j.s.c.JwtAuthenticationFilter                - /api/base/getMenuList,admin,2026-06-05 10:21:26,0.383
2026-06-05 10:21:28,920 [http-nio-22223-exec-4] INFO  c.e.s.j.s.c.JwtAuthenticationFilter                - /api/base/getDictionaryOptionItemList,admin,2026-06-05 10:21:28,0.184
2026-06-05 10:21:29,157 [http-nio-22223-exec-5] INFO  c.e.s.j.s.c.JwtAuthenticationFilter                - /api/teacher/getTeacherList,admin,2026-06-05 10:21:29,0.125
2026-06-05 10:21:52,107 [http-nio-22223-exec-7] INFO  c.e.s.j.s.c.JwtAuthenticationFilter                - /api/teacher/teacherEditSave,admin,2026-06-05 10:21:51,0.354
2026-06-05 10:21:53,746 [http-nio-22223-exec-8] INFO  c.e.s.j.s.c.JwtAuthenticationFilter                - /api/teacher/getTeacherList,admin,2026-06-05 10:21:53,0.131
2026-06-05 10:21:54,787 [http-nio-22223-exec-9] INFO  c.e.s.j.s.c.JwtAuthenticationFilter                - /api/base/getBlobByteData,admin,2026-06-05 10:21:54,0.127
2026-06-05 10:22:31,952 [http-nio-22223-exec-2] INFO  c.e.s.j.s.c.JwtAuthenticationFilter                - /api/teacher/teacherDelete,admin,2026-06-05 10:22:31,0.512
2026-06-05 10:22:32,277 [http-nio-22223-exec-3] INFO  c.e.s.j.s.c.JwtAuthenticationFilter                - /api/teacher/getTeacherList,admin,2026-06-05 10:22:32,0.198
2026-06-05 10:22:39,537 [http-nio-22223-exec-4] INFO  c.e.s.j.s.c.JwtAuthenticationFilter                - /api/student/getStudentList,admin,2026-06-05 10:22:39,0.271
2026-06-05 10:22:39,840 [http-nio-22223-exec-5] INFO  c.e.s.j.s.c.JwtAuthenticationFilter                - /api/base/getDictionaryOptionItemList,admin,2026-06-05 10:22:39,0.2
2026-06-05 10:22:44,442 [http-nio-22223-exec-6] INFO  c.e.s.j.s.c.JwtAuthenticationFilter                - /api/student/getStudentInfo,admin,2026-06-05 10:22:44,0.205
2026-06-05 10:22:44,738 [http-nio-22223-exec-7] INFO  c.e.s.j.s.c.JwtAuthenticationFilter                - /api/base/getBlobByteData,admin,2026-06-05 10:22:44,0.193
2026-06-05 10:23:20,707 [http-nio-22223-exec-10] INFO  c.e.s.j.s.c.JwtAuthenticationFilter                - /api/base/getDataBaseUserName,admin,2026-06-05 10:23:20,0.414
2026-06-05 10:23:21,132 [http-nio-22223-exec-1] INFO  c.e.s.j.s.c.JwtAuthenticationFilter                - /api/base/getMenuList,admin,2026-06-05 10:23:20,0.304
2026-06-05 10:23:22,409 [http-nio-22223-exec-2] INFO  c.e.s.j.s.c.JwtAuthenticationFilter                - /api/base/getDictionaryOptionItemList,admin,2026-06-05 10:23:22,0.105
2026-06-05 10:23:22,632 [http-nio-22223-exec-3] INFO  c.e.s.j.s.c.JwtAuthenticationFilter                - /api/teacher/getTeacherList,admin,2026-06-05 10:23:22,0.121
2026-06-05 10:23:42,036 [http-nio-22223-exec-5] INFO  c.e.s.j.s.c.JwtAuthenticationFilter                - /api/teacher/teacherEditSave,admin,2026-06-05 10:23:41,0.33
2026-06-05 10:23:43,021 [http-nio-22223-exec-6] INFO  c.e.s.j.s.c.JwtAuthenticationFilter                - /api/teacher/getTeacherList,admin,2026-06-05 10:23:42,0.159
2026-06-05 10:23:43,729 [http-nio-22223-exec-7] INFO  c.e.s.j.s.c.JwtAuthenticationFilter                - /api/base/getBlobByteData,admin,2026-06-05 10:23:43,0.147
2026-06-05 10:23:45,123 [http-nio-22223-exec-8] INFO  c.e.s.j.s.c.JwtAuthenticationFilter                - /api/teacher/teacherDelete,admin,2026-06-05 10:23:44,0.389
2026-06-05 10:23:45,340 [http-nio-22223-exec-9] INFO  c.e.s.j.s.c.JwtAuthenticationFilter                - /api/teacher/getTeacherList,admin,2026-06-05 10:23:45,0.106
2026-06-05 10:26:35,836 [http-nio-22223-exec-3] INFO  c.e.s.j.s.c.JwtAuthenticationFilter                - /api/base/getDataBaseUserName,admin,2026-06-05 10:26:35,0.116
2026-06-05 10:26:36,340 [http-nio-22223-exec-4] INFO  c.e.s.j.s.c.JwtAuthenticationFilter                - /api/base/getMenuList,admin,2026-06-05 10:26:35,0.394
2026-06-05 10:26:38,062 [http-nio-22223-exec-5] INFO  c.e.s.j.s.c.JwtAuthenticationFilter                - /api/base/getDictionaryOptionItemList,admin,2026-06-05 10:26:37,0.323
2026-06-05 10:26:38,320 [http-nio-22223-exec-6] INFO  c.e.s.j.s.c.JwtAuthenticationFilter                - /api/teacher/getTeacherList,admin,2026-06-05 10:26:38,0.146
2026-06-05 10:26:47,867 [http-nio-22223-exec-8] ERROR c.e.s.j.s.configs.GlobalExceptionHandler           - 业务错误：Could not commit JPA transaction
org.springframework.transaction.TransactionSystemException: Could not commit JPA transaction
	at org.springframework.orm.jpa.JpaTransactionManager.doCommit(JpaTransactionManager.java:571)
	at org.springframework.transaction.support.AbstractPlatformTransactionManager.processCommit(AbstractPlatformTransactionManager.java:795)
	at org.springframework.transaction.support.AbstractPlatformTransactionManager.commit(AbstractPlatformTransactionManager.java:758)
	at org.springframework.transaction.interceptor.TransactionAspectSupport.commitTransactionAfterReturning(TransactionAspectSupport.java:698)
	at org.springframework.transaction.interceptor.TransactionAspectSupport.invokeWithinTransaction(TransactionAspectSupport.java:416)
	at org.springframework.transaction.interceptor.TransactionInterceptor.invoke(TransactionInterceptor.java:119)
	at org.springframework.aop.framework.ReflectiveMethodInvocation.proceed(ReflectiveMethodInvocation.java:184)
	at org.springframework.aop.framework.CglibAopProxy$DynamicAdvisedInterceptor.intercept(CglibAopProxy.java:727)
	at cn.edu.sdu.java.server.services.TeacherService$$SpringCGLIB$$0.teacherEditSave(<generated>)
	at cn.edu.sdu.java.server.controllers.TeacherController.teacherEditSave(TeacherController.java:48)
	at java.base/jdk.internal.reflect.DirectMethodHandleAccessor.invoke(DirectMethodHandleAccessor.java:103)
	at java.base/java.lang.reflect.Method.invoke(Method.java:580)
	at org.springframework.aop.support.AopUtils.invokeJoinpointUsingReflection(AopUtils.java:359)
	at org.springframework.aop.framework.ReflectiveMethodInvocation.invokeJoinpoint(ReflectiveMethodInvocation.java:196)
	at org.springframework.aop.framework.ReflectiveMethodInvocation.proceed(ReflectiveMethodInvocation.java:163)
	at org.springframework.aop.aspectj.AspectJAfterThrowingAdvice.invoke(AspectJAfterThrowingAdvice.java:64)
	at org.springframework.aop.framework.ReflectiveMethodInvocation.proceed(ReflectiveMethodInvocation.java:184)
	at org.springframework.aop.framework.adapter.AfterReturningAdviceInterceptor.invoke(AfterReturningAdviceInterceptor.java:57)
	at org.springframework.aop.framework.ReflectiveMethodInvocation.proceed(ReflectiveMethodInvocation.java:184)
	at org.springframework.aop.framework.adapter.MethodBeforeAdviceInterceptor.invoke(MethodBeforeAdviceInterceptor.java:58)
	at org.springframework.aop.framework.ReflectiveMethodInvocation.proceed(ReflectiveMethodInvocation.java:184)
	at org.springframework.aop.interceptor.ExposeInvocationInterceptor.invoke(ExposeInvocationInterceptor.java:97)
	at org.springframework.aop.framework.ReflectiveMethodInvocation.proceed(ReflectiveMethodInvocation.java:184)
	at org.springframework.aop.framework.CglibAopProxy$DynamicAdvisedInterceptor.intercept(CglibAopProxy.java:727)
	at cn.edu.sdu.java.server.controllers.TeacherController$$SpringCGLIB$$0.teacherEditSave(<generated>)
	at java.base/jdk.internal.reflect.DirectMethodHandleAccessor.invoke(DirectMethodHandleAccessor.java:103)
	at java.base/java.lang.reflect.Method.invoke(Method.java:580)
	at org.springframework.web.method.support.InvocableHandlerMethod.doInvoke(InvocableHandlerMethod.java:257)
	at org.springframework.web.method.support.InvocableHandlerMethod.invokeForRequest(InvocableHandlerMethod.java:190)
	at org.springframework.web.servlet.mvc.method.annotation.ServletInvocableHandlerMethod.invokeAndHandle(ServletInvocableHandlerMethod.java:118)
	at org.springframework.web.servlet.mvc.method.annotation.RequestMappingHandlerAdapter.invokeHandlerMethod(RequestMappingHandlerAdapter.java:986)
	at org.springframework.web.servlet.mvc.method.annotation.RequestMappingHandlerAdapter.handleInternal(RequestMappingHandlerAdapter.java:891)
	at org.springframework.web.servlet.mvc.method.AbstractHandlerMethodAdapter.handle(AbstractHandlerMethodAdapter.java:87)
	at org.springframework.web.servlet.DispatcherServlet.doDispatch(DispatcherServlet.java:1088)
	at org.springframework.web.servlet.DispatcherServlet.doService(DispatcherServlet.java:978)
	at org.springframework.web.servlet.FrameworkServlet.processRequest(FrameworkServlet.java:1014)
	at org.springframework.web.servlet.FrameworkServlet.doPost(FrameworkServlet.java:914)
	at jakarta.servlet.http.HttpServlet.service(HttpServlet.java:590)
	at org.springframework.web.servlet.FrameworkServlet.service(FrameworkServlet.java:885)
	at jakarta.servlet.http.HttpServlet.service(HttpServlet.java:658)
	at org.apache.catalina.core.ApplicationFilterChain.internalDoFilter(ApplicationFilterChain.java:195)
	at org.apache.catalina.core.ApplicationFilterChain.doFilter(ApplicationFilterChain.java:140)
	at org.apache.tomcat.websocket.server.WsFilter.doFilter(WsFilter.java:51)
	at org.apache.catalina.core.ApplicationFilterChain.internalDoFilter(ApplicationFilterChain.java:164)
	at org.apache.catalina.core.ApplicationFilterChain.doFilter(ApplicationFilterChain.java:140)
	at org.springframework.web.filter.OncePerRequestFilter.doFilter(OncePerRequestFilter.java:110)
	at org.apache.catalina.core.ApplicationFilterChain.internalDoFilter(ApplicationFilterChain.java:164)
	at org.apache.catalina.core.ApplicationFilterChain.doFilter(ApplicationFilterChain.java:140)
	at org.springframework.web.filter.CompositeFilter$VirtualFilterChain.doFilter(CompositeFilter.java:108)
	at org.springframework.security.web.FilterChainProxy.lambda$doFilterInternal$3(FilterChainProxy.java:231)
	at org.springframework.security.web.FilterChainProxy$VirtualFilterChain.doFilter(FilterChainProxy.java:365)
	at org.springframework.security.web.access.intercept.AuthorizationFilter.doFilter(AuthorizationFilter.java:101)
	at org.springframework.security.web.FilterChainProxy$VirtualFilterChain.doFilter(FilterChainProxy.java:374)
	at org.springframework.security.web.access.ExceptionTranslationFilter.doFilter(ExceptionTranslationFilter.java:126)
	at org.springframework.security.web.access.ExceptionTranslationFilter.doFilter(ExceptionTranslationFilter.java:120)
	at org.springframework.security.web.FilterChainProxy$VirtualFilterChain.doFilter(FilterChainProxy.java:374)
	at org.springframework.security.web.session.SessionManagementFilter.doFilter(SessionManagementFilter.java:131)
	at org.springframework.security.web.session.SessionManagementFilter.doFilter(SessionManagementFilter.java:85)
	at org.springframework.security.web.FilterChainProxy$VirtualFilterChain.doFilter(FilterChainProxy.java:374)
	at org.springframework.security.web.authentication.AnonymousAuthenticationFilter.doFilter(AnonymousAuthenticationFilter.java:100)
	at org.springframework.security.web.FilterChainProxy$VirtualFilterChain.doFilter(FilterChainProxy.java:374)
	at org.springframework.security.web.servletapi.SecurityContextHolderAwareRequestFilter.doFilter(SecurityContextHolderAwareRequestFilter.java:179)
	at org.springframework.security.web.FilterChainProxy$VirtualFilterChain.doFilter(FilterChainProxy.java:374)
	at org.springframework.security.web.savedrequest.RequestCacheAwareFilter.doFilter(RequestCacheAwareFilter.java:63)
	at org.springframework.security.web.FilterChainProxy$VirtualFilterChain.doFilter(FilterChainProxy.java:374)
	at cn.edu.sdu.java.server.configs.JwtAuthenticationFilter.doFilterInternal(JwtAuthenticationFilter.java:91)
	at org.springframework.web.filter.OncePerRequestFilter.doFilter(OncePerRequestFilter.java:116)
	at org.springframework.security.web.FilterChainProxy$VirtualFilterChain.doFilter(FilterChainProxy.java:374)
	at org.springframework.security.web.authentication.logout.LogoutFilter.doFilter(LogoutFilter.java:107)
	at org.springframework.security.web.authentication.logout.LogoutFilter.doFilter(LogoutFilter.java:93)
	at org.springframework.security.web.FilterChainProxy$VirtualFilterChain.doFilter(FilterChainProxy.java:374)
	at org.springframework.web.filter.CorsFilter.doFilterInternal(CorsFilter.java:91)
	at org.springframework.web.filter.OncePerRequestFilter.doFilter(OncePerRequestFilter.java:116)
	at org.springframework.security.web.FilterChainProxy$VirtualFilterChain.doFilter(FilterChainProxy.java:374)
	at org.springframework.security.web.header.HeaderWriterFilter.doHeadersAfter(HeaderWriterFilter.java:90)
	at org.springframework.security.web.header.HeaderWriterFilter.doFilterInternal(HeaderWriterFilter.java:75)
	at org.springframework.web.filter.OncePerRequestFilter.doFilter(OncePerRequestFilter.java:116)
	at org.springframework.security.web.FilterChainProxy$VirtualFilterChain.doFilter(FilterChainProxy.java:374)
	at org.springframework.security.web.context.SecurityContextHolderFilter.doFilter(SecurityContextHolderFilter.java:82)
	at org.springframework.security.web.context.SecurityContextHolderFilter.doFilter(SecurityContextHolderFilter.java:69)
	at org.springframework.security.web.FilterChainProxy$VirtualFilterChain.doFilter(FilterChainProxy.java:374)
	at org.springframework.security.web.context.request.async.WebAsyncManagerIntegrationFilter.doFilterInternal(WebAsyncManagerIntegrationFilter.java:62)
	at org.springframework.web.filter.OncePerRequestFilter.doFilter(OncePerRequestFilter.java:116)
	at org.springframework.security.web.FilterChainProxy$VirtualFilterChain.doFilter(FilterChainProxy.java:374)
	at org.springframework.security.web.session.DisableEncodeUrlFilter.doFilterInternal(DisableEncodeUrlFilter.java:42)
	at org.springframework.web.filter.OncePerRequestFilter.doFilter(OncePerRequestFilter.java:116)
	at org.springframework.security.web.FilterChainProxy$VirtualFilterChain.doFilter(FilterChainProxy.java:374)
	at org.springframework.security.web.FilterChainProxy.doFilterInternal(FilterChainProxy.java:233)
	at org.springframework.security.web.FilterChainProxy.doFilter(FilterChainProxy.java:191)
	at org.springframework.web.filter.CompositeFilter$VirtualFilterChain.doFilter(CompositeFilter.java:113)
	at org.springframework.web.servlet.handler.HandlerMappingIntrospector.lambda$createCacheFilter$3(HandlerMappingIntrospector.java:243)
	at org.springframework.web.filter.CompositeFilter$VirtualFilterChain.doFilter(CompositeFilter.java:113)
	at org.springframework.web.filter.CompositeFilter.doFilter(CompositeFilter.java:74)
	at org.springframework.security.config.annotation.web.configuration.WebMvcSecurityConfiguration$CompositeFilterChainProxy.doFilter(WebMvcSecurityConfiguration.java:238)
	at org.springframework.web.filter.DelegatingFilterProxy.invokeDelegate(DelegatingFilterProxy.java:362)
	at org.springframework.web.filter.DelegatingFilterProxy.doFilter(DelegatingFilterProxy.java:278)
	at org.apache.catalina.core.ApplicationFilterChain.internalDoFilter(ApplicationFilterChain.java:164)
	at org.apache.catalina.core.ApplicationFilterChain.doFilter(ApplicationFilterChain.java:140)
	at org.springframework.web.filter.RequestContextFilter.doFilterInternal(RequestContextFilter.java:100)
	at org.springframework.web.filter.OncePerRequestFilter.doFilter(OncePerRequestFilter.java:116)
	at org.apache.catalina.core.ApplicationFilterChain.internalDoFilter(ApplicationFilterChain.java:164)
	at org.apache.catalina.core.ApplicationFilterChain.doFilter(ApplicationFilterChain.java:140)
	at org.springframework.web.filter.FormContentFilter.doFilterInternal(FormContentFilter.java:93)
	at org.springframework.web.filter.OncePerRequestFilter.doFilter(OncePerRequestFilter.java:116)
	at org.apache.catalina.core.ApplicationFilterChain.internalDoFilter(ApplicationFilterChain.java:164)
	at org.apache.catalina.core.ApplicationFilterChain.doFilter(ApplicationFilterChain.java:140)
	at org.springframework.web.filter.CharacterEncodingFilter.doFilterInternal(CharacterEncodingFilter.java:201)
	at org.springframework.web.filter.OncePerRequestFilter.doFilter(OncePerRequestFilter.java:116)
	at org.apache.catalina.core.ApplicationFilterChain.internalDoFilter(ApplicationFilterChain.java:164)
	at org.apache.catalina.core.ApplicationFilterChain.doFilter(ApplicationFilterChain.java:140)
	at org.apache.catalina.core.StandardWrapperValve.invoke(StandardWrapperValve.java:167)
	at org.apache.catalina.core.StandardContextValve.invoke(StandardContextValve.java:90)
	at org.apache.catalina.authenticator.AuthenticatorBase.invoke(AuthenticatorBase.java:483)
	at org.apache.catalina.core.StandardHostValve.invoke(StandardHostValve.java:115)
	at org.apache.catalina.valves.ErrorReportValve.invoke(ErrorReportValve.java:93)
	at org.apache.catalina.core.StandardEngineValve.invoke(StandardEngineValve.java:74)
	at org.apache.catalina.connector.CoyoteAdapter.service(CoyoteAdapter.java:344)
	at org.apache.coyote.http11.Http11Processor.service(Http11Processor.java:397)
	at org.apache.coyote.AbstractProcessorLight.process(AbstractProcessorLight.java:63)
	at org.apache.coyote.AbstractProtocol$ConnectionHandler.process(AbstractProtocol.java:905)
	at org.apache.tomcat.util.net.NioEndpoint$SocketProcessor.doRun(NioEndpoint.java:1741)
	at org.apache.tomcat.util.net.SocketProcessorBase.run(SocketProcessorBase.java:52)
	at org.apache.tomcat.util.threads.ThreadPoolExecutor.runWorker(ThreadPoolExecutor.java:1190)
	at org.apache.tomcat.util.threads.ThreadPoolExecutor$Worker.run(ThreadPoolExecutor.java:659)
	at org.apache.tomcat.util.threads.TaskThread$WrappingRunnable.run(TaskThread.java:63)
	at java.base/java.lang.Thread.run(Thread.java:1583)
Caused by: jakarta.persistence.RollbackException: Error while committing the transaction
	at org.hibernate.internal.ExceptionConverterImpl.convertCommitException(ExceptionConverterImpl.java:67)
	at org.hibernate.engine.transaction.internal.TransactionImpl.commit(TransactionImpl.java:104)
	at org.springframework.orm.jpa.JpaTransactionManager.doCommit(JpaTransactionManager.java:562)
	... 125 common frames omitted
Caused by: jakarta.validation.ConstraintViolationException: Validation failed for classes [cn.edu.sdu.java.server.models.Person] during update time for groups [jakarta.validation.groups.Default, ]
List of constraint violations:[
	ConstraintViolationImpl{interpolatedMessage='不是一个合法的电子邮件地址', propertyPath=email, rootBeanClass=class cn.edu.sdu.java.server.models.Person, messageTemplate='{jakarta.validation.constraints.Email.message}'}
]
	at org.hibernate.boot.beanvalidation.BeanValidationEventListener.validate(BeanValidationEventListener.java:161)
	at org.hibernate.boot.beanvalidation.BeanValidationEventListener.onPreUpdate(BeanValidationEventListener.java:94)
	at org.hibernate.action.internal.EntityUpdateAction.preUpdate(EntityUpdateAction.java:363)
	at org.hibernate.action.internal.EntityUpdateAction.execute(EntityUpdateAction.java:162)
	at org.hibernate.engine.spi.ActionQueue.executeActions(ActionQueue.java:644)
	at org.hibernate.engine.spi.ActionQueue.executeActions(ActionQueue.java:511)
	at org.hibernate.event.internal.AbstractFlushingEventListener.performExecutions(AbstractFlushingEventListener.java:414)
	at org.hibernate.event.internal.DefaultFlushEventListener.onFlush(DefaultFlushEventListener.java:41)
	at org.hibernate.event.service.internal.EventListenerGroupImpl.fireEventOnEachListener(EventListenerGroupImpl.java:127)
	at org.hibernate.internal.SessionImpl.doFlush(SessionImpl.java:1429)
	at org.hibernate.internal.SessionImpl.managedFlush(SessionImpl.java:491)
	at org.hibernate.internal.SessionImpl.flushBeforeTransactionCompletion(SessionImpl.java:2354)
	at org.hibernate.internal.SessionImpl.beforeTransactionCompletion(SessionImpl.java:1978)
	at org.hibernate.engine.jdbc.internal.JdbcCoordinatorImpl.beforeTransactionCompletion(JdbcCoordinatorImpl.java:439)
	at org.hibernate.resource.transaction.backend.jdbc.internal.JdbcResourceLocalTransactionCoordinatorImpl.beforeCompletionCallback(JdbcResourceLocalTransactionCoordinatorImpl.java:169)
	at org.hibernate.resource.transaction.backend.jdbc.internal.JdbcResourceLocalTransactionCoordinatorImpl$TransactionDriverControlImpl.commit(JdbcResourceLocalTransactionCoordinatorImpl.java:267)
	at org.hibernate.engine.transaction.internal.TransactionImpl.commit(TransactionImpl.java:101)
	... 126 common frames omitted
2026-06-05 10:26:47,874 [http-nio-22223-exec-8] INFO  c.e.s.j.s.c.JwtAuthenticationFilter                - /api/teacher/teacherEditSave,admin,2026-06-05 10:26:47,0.311
2026-06-05 10:26:52,618 [http-nio-22223-exec-9] INFO  c.e.s.j.s.c.JwtAuthenticationFilter                - /api/teacher/teacherEditSave,admin,2026-06-05 10:26:52,0.339
2026-06-05 10:26:54,061 [http-nio-22223-exec-10] INFO  c.e.s.j.s.c.JwtAuthenticationFilter                - /api/teacher/getTeacherList,admin,2026-06-05 10:26:53,0.152
2026-06-05 10:26:54,877 [http-nio-22223-exec-1] INFO  c.e.s.j.s.c.JwtAuthenticationFilter                - /api/base/getBlobByteData,admin,2026-06-05 10:26:54,0.123
2026-06-05 10:26:57,900 [http-nio-22223-exec-2] INFO  c.e.s.j.s.c.JwtAuthenticationFilter                - /api/teacher/teacherDelete,admin,2026-06-05 10:26:57,0.494
2026-06-05 10:26:58,133 [http-nio-22223-exec-3] INFO  c.e.s.j.s.c.JwtAuthenticationFilter                - /api/teacher/getTeacherList,admin,2026-06-05 10:26:58,0.128
2026-06-05 10:33:53,705 [background-preinit] INFO  o.h.validator.internal.util.Version                - HV000001: Hibernate Validator 8.0.2.Final
2026-06-05 10:33:53,761 [main] INFO  c.e.s.java.server.JavaServerApplication            - Starting JavaServerApplication using Java 21.0.5 with PID 13180 (D:\JavaProject\server\target\classes started by Xinbin in D:\JavaProject\server)
2026-06-05 10:33:53,762 [main] INFO  c.e.s.java.server.JavaServerApplication            - No active profile set, falling back to 1 default profile: "default"
2026-06-05 10:33:54,848 [main] INFO  o.s.d.r.c.RepositoryConfigurationDelegate          - Multiple Spring Data modules found, entering strict repository configuration mode
2026-06-05 10:33:54,849 [main] INFO  o.s.d.r.c.RepositoryConfigurationDelegate          - Bootstrapping Spring Data JPA repositories in DEFAULT mode.
2026-06-05 10:33:55,015 [main] INFO  o.s.d.r.c.RepositoryConfigurationDelegate          - Finished Spring Data repository scanning in 157 ms. Found 32 JPA repository interfaces.
2026-06-05 10:33:55,039 [main] INFO  o.s.d.r.c.RepositoryConfigurationDelegate          - Multiple Spring Data modules found, entering strict repository configuration mode
2026-06-05 10:33:55,042 [main] INFO  o.s.d.r.c.RepositoryConfigurationDelegate          - Bootstrapping Spring Data Redis repositories in DEFAULT mode.
2026-06-05 10:33:55,066 [main] INFO  o.s.d.r.c.RepositoryConfigurationExtensionSupport  - Spring Data Redis - Could not safely identify store assignment for repository candidate interface cn.edu.sdu.java.server.repositorys.ApprovalRecordRepository; If you want this repository to be a Redis repository, consider annotating your entities with one of these annotations: org.springframework.data.redis.core.RedisHash (preferred), or consider extending one of the following types with your repository: org.springframework.data.keyvalue.repository.KeyValueRepository
2026-06-05 10:33:55,066 [main] INFO  o.s.d.r.c.RepositoryConfigurationExtensionSupport  - Spring Data Redis - Could not safely identify store assignment for repository candidate interface cn.edu.sdu.java.server.repositorys.AttendanceRepository; If you want this repository to be a Redis repository, consider annotating your entities with one of these annotations: org.springframework.data.redis.core.RedisHash (preferred), or consider extending one of the following types with your repository: org.springframework.data.keyvalue.repository.KeyValueRepository
2026-06-05 10:33:55,067 [main] INFO  o.s.d.r.c.RepositoryConfigurationExtensionSupport  - Spring Data Redis - Could not safely identify store assignment for repository candidate interface cn.edu.sdu.java.server.repositorys.CourseMaterialRepository; If you want this repository to be a Redis repository, consider annotating your entities with one of these annotations: org.springframework.data.redis.core.RedisHash (preferred), or consider extending one of the following types with your repository: org.springframework.data.keyvalue.repository.KeyValueRepository
2026-06-05 10:33:55,067 [main] INFO  o.s.d.r.c.RepositoryConfigurationExtensionSupport  - Spring Data Redis - Could not safely identify store assignment for repository candidate interface cn.edu.sdu.java.server.repositorys.CourseRepository; If you want this repository to be a Redis repository, consider annotating your entities with one of these annotations: org.springframework.data.redis.core.RedisHash (preferred), or consider extending one of the following types with your repository: org.springframework.data.keyvalue.repository.KeyValueRepository
2026-06-05 10:33:55,067 [main] INFO  o.s.d.r.c.RepositoryConfigurationExtensionSupport  - Spring Data Redis - Could not safely identify store assignment for repository candidate interface cn.edu.sdu.java.server.repositorys.CourseSelectionRepository; If you want this repository to be a Redis repository, consider annotating your entities with one of these annotations: org.springframework.data.redis.core.RedisHash (preferred), or consider extending one of the following types with your repository: org.springframework.data.keyvalue.repository.KeyValueRepository
2026-06-05 10:33:55,068 [main] INFO  o.s.d.r.c.RepositoryConfigurationExtensionSupport  - Spring Data Redis - Could not safely identify store assignment for repository candidate interface cn.edu.sdu.java.server.repositorys.CourseTeachingRepository; If you want this repository to be a Redis repository, consider annotating your entities with one of these annotations: org.springframework.data.redis.core.RedisHash (preferred), or consider extending one of the following types with your repository: org.springframework.data.keyvalue.repository.KeyValueRepository
2026-06-05 10:33:55,068 [main] INFO  o.s.d.r.c.RepositoryConfigurationExtensionSupport  - Spring Data Redis - Could not safely identify store assignment for repository candidate interface cn.edu.sdu.java.server.repositorys.DailyActivityRepository; If you want this repository to be a Redis repository, consider annotating your entities with one of these annotations: org.springframework.data.redis.core.RedisHash (preferred), or consider extending one of the following types with your repository: org.springframework.data.keyvalue.repository.KeyValueRepository
2026-06-05 10:33:55,068 [main] INFO  o.s.d.r.c.RepositoryConfigurationExtensionSupport  - Spring Data Redis - Could not safely identify store assignment for repository candidate interface cn.edu.sdu.java.server.repositorys.DevelopmentRepository; If you want this repository to be a Redis repository, consider annotating your entities with one of these annotations: org.springframework.data.redis.core.RedisHash (preferred), or consider extending one of the following types with your repository: org.springframework.data.keyvalue.repository.KeyValueRepository
2026-06-05 10:33:55,069 [main] INFO  o.s.d.r.c.RepositoryConfigurationExtensionSupport  - Spring Data Redis - Could not safely identify store assignment for repository candidate interface cn.edu.sdu.java.server.repositorys.DictionaryInfoRepository; If you want this repository to be a Redis repository, consider annotating your entities with one of these annotations: org.springframework.data.redis.core.RedisHash (preferred), or consider extending one of the following types with your repository: org.springframework.data.keyvalue.repository.KeyValueRepository
2026-06-05 10:33:55,069 [main] INFO  o.s.d.r.c.RepositoryConfigurationExtensionSupport  - Spring Data Redis - Could not safely identify store assignment for repository candidate interface cn.edu.sdu.java.server.repositorys.ExamScheduleRepository; If you want this repository to be a Redis repository, consider annotating your entities with one of these annotations: org.springframework.data.redis.core.RedisHash (preferred), or consider extending one of the following types with your repository: org.springframework.data.keyvalue.repository.KeyValueRepository
2026-06-05 10:33:55,069 [main] INFO  o.s.d.r.c.RepositoryConfigurationExtensionSupport  - Spring Data Redis - Could not safely identify store assignment for repository candidate interface cn.edu.sdu.java.server.repositorys.FamilyMemberRepository; If you want this repository to be a Redis repository, consider annotating your entities with one of these annotations: org.springframework.data.redis.core.RedisHash (preferred), or consider extending one of the following types with your repository: org.springframework.data.keyvalue.repository.KeyValueRepository
2026-06-05 10:33:55,069 [main] INFO  o.s.d.r.c.RepositoryConfigurationExtensionSupport  - Spring Data Redis - Could not safely identify store assignment for repository candidate interface cn.edu.sdu.java.server.repositorys.FeeRepository; If you want this repository to be a Redis repository, consider annotating your entities with one of these annotations: org.springframework.data.redis.core.RedisHash (preferred), or consider extending one of the following types with your repository: org.springframework.data.keyvalue.repository.KeyValueRepository
2026-06-05 10:33:55,070 [main] INFO  o.s.d.r.c.RepositoryConfigurationExtensionSupport  - Spring Data Redis - Could not safely identify store assignment for repository candidate interface cn.edu.sdu.java.server.repositorys.HomeworkRepository; If you want this repository to be a Redis repository, consider annotating your entities with one of these annotations: org.springframework.data.redis.core.RedisHash (preferred), or consider extending one of the following types with your repository: org.springframework.data.keyvalue.repository.KeyValueRepository
2026-06-05 10:33:55,070 [main] INFO  o.s.d.r.c.RepositoryConfigurationExtensionSupport  - Spring Data Redis - Could not safely identify store assignment for repository candidate interface cn.edu.sdu.java.server.repositorys.HomeworkSubmissionRepository; If you want this repository to be a Redis repository, consider annotating your entities with one of these annotations: org.springframework.data.redis.core.RedisHash (preferred), or consider extending one of the following types with your repository: org.springframework.data.keyvalue.repository.KeyValueRepository
2026-06-05 10:33:55,070 [main] INFO  o.s.d.r.c.RepositoryConfigurationExtensionSupport  - Spring Data Redis - Could not safely identify store assignment for repository candidate interface cn.edu.sdu.java.server.repositorys.HonorRepository; If you want this repository to be a Redis repository, consider annotating your entities with one of these annotations: org.springframework.data.redis.core.RedisHash (preferred), or consider extending one of the following types with your repository: org.springframework.data.keyvalue.repository.KeyValueRepository
2026-06-05 10:33:55,070 [main] INFO  o.s.d.r.c.RepositoryConfigurationExtensionSupport  - Spring Data Redis - Could not safely identify store assignment for repository candidate interface cn.edu.sdu.java.server.repositorys.InnovationProjectRepository; If you want this repository to be a Redis repository, consider annotating your entities with one of these annotations: org.springframework.data.redis.core.RedisHash (preferred), or consider extending one of the following types with your repository: org.springframework.data.keyvalue.repository.KeyValueRepository
2026-06-05 10:33:55,071 [main] INFO  o.s.d.r.c.RepositoryConfigurationExtensionSupport  - Spring Data Redis - Could not safely identify store assignment for repository candidate interface cn.edu.sdu.java.server.repositorys.MenuInfoRepository; If you want this repository to be a Redis repository, consider annotating your entities with one of these annotations: org.springframework.data.redis.core.RedisHash (preferred), or consider extending one of the following types with your repository: org.springframework.data.keyvalue.repository.KeyValueRepository
2026-06-05 10:33:55,071 [main] INFO  o.s.d.r.c.RepositoryConfigurationExtensionSupport  - Spring Data Redis - Could not safely identify store assignment for repository candidate interface cn.edu.sdu.java.server.repositorys.ModifyLogRepository; If you want this repository to be a Redis repository, consider annotating your entities with one of these annotations: org.springframework.data.redis.core.RedisHash (preferred), or consider extending one of the following types with your repository: org.springframework.data.keyvalue.repository.KeyValueRepository
2026-06-05 10:33:55,073 [main] INFO  o.s.d.r.c.RepositoryConfigurationExtensionSupport  - Spring Data Redis - Could not safely identify store assignment for repository candidate interface cn.edu.sdu.java.server.repositorys.PersonRepository; If you want this repository to be a Redis repository, consider annotating your entities with one of these annotations: org.springframework.data.redis.core.RedisHash (preferred), or consider extending one of the following types with your repository: org.springframework.data.keyvalue.repository.KeyValueRepository
2026-06-05 10:33:55,073 [main] INFO  o.s.d.r.c.RepositoryConfigurationExtensionSupport  - Spring Data Redis - Could not safely identify store assignment for repository candidate interface cn.edu.sdu.java.server.repositorys.PunishmentRepository; If you want this repository to be a Redis repository, consider annotating your entities with one of these annotations: org.springframework.data.redis.core.RedisHash (preferred), or consider extending one of the following types with your repository: org.springframework.data.keyvalue.repository.KeyValueRepository
2026-06-05 10:33:55,074 [main] INFO  o.s.d.r.c.RepositoryConfigurationExtensionSupport  - Spring Data Redis - Could not safely identify store assignment for repository candidate interface cn.edu.sdu.java.server.repositorys.RequestLogRepository; If you want this repository to be a Redis repository, consider annotating your entities with one of these annotations: org.springframework.data.redis.core.RedisHash (preferred), or consider extending one of the following types with your repository: org.springframework.data.keyvalue.repository.KeyValueRepository
2026-06-05 10:33:55,074 [main] INFO  o.s.d.r.c.RepositoryConfigurationExtensionSupport  - Spring Data Redis - Could not safely identify store assignment for repository candidate interface cn.edu.sdu.java.server.repositorys.ScoreRepository; If you want this repository to be a Redis repository, consider annotating your entities with one of these annotations: org.springframework.data.redis.core.RedisHash (preferred), or consider extending one of the following types with your repository: org.springframework.data.keyvalue.repository.KeyValueRepository
2026-06-05 10:33:55,075 [main] INFO  o.s.d.r.c.RepositoryConfigurationExtensionSupport  - Spring Data Redis - Could not safely identify store assignment for repository candidate interface cn.edu.sdu.java.server.repositorys.SocialRelationRepository; If you want this repository to be a Redis repository, consider annotating your entities with one of these annotations: org.springframework.data.redis.core.RedisHash (preferred), or consider extending one of the following types with your repository: org.springframework.data.keyvalue.repository.KeyValueRepository
2026-06-05 10:33:55,075 [main] INFO  o.s.d.r.c.RepositoryConfigurationExtensionSupport  - Spring Data Redis - Could not safely identify store assignment for repository candidate interface cn.edu.sdu.java.server.repositorys.StatisticsDayRepository; If you want this repository to be a Redis repository, consider annotating your entities with one of these annotations: org.springframework.data.redis.core.RedisHash (preferred), or consider extending one of the following types with your repository: org.springframework.data.keyvalue.repository.KeyValueRepository
2026-06-05 10:33:55,075 [main] INFO  o.s.d.r.c.RepositoryConfigurationExtensionSupport  - Spring Data Redis - Could not safely identify store assignment for repository candidate interface cn.edu.sdu.java.server.repositorys.StudentExamScheduleRepository; If you want this repository to be a Redis repository, consider annotating your entities with one of these annotations: org.springframework.data.redis.core.RedisHash (preferred), or consider extending one of the following types with your repository: org.springframework.data.keyvalue.repository.KeyValueRepository
2026-06-05 10:33:55,076 [main] INFO  o.s.d.r.c.RepositoryConfigurationExtensionSupport  - Spring Data Redis - Could not safely identify store assignment for repository candidate interface cn.edu.sdu.java.server.repositorys.StudentLeaveRepository; If you want this repository to be a Redis repository, consider annotating your entities with one of these annotations: org.springframework.data.redis.core.RedisHash (preferred), or consider extending one of the following types with your repository: org.springframework.data.keyvalue.repository.KeyValueRepository
2026-06-05 10:33:55,076 [main] INFO  o.s.d.r.c.RepositoryConfigurationExtensionSupport  - Spring Data Redis - Could not safely identify store assignment for repository candidate interface cn.edu.sdu.java.server.repositorys.StudentRepository; If you want this repository to be a Redis repository, consider annotating your entities with one of these annotations: org.springframework.data.redis.core.RedisHash (preferred), or consider extending one of the following types with your repository: org.springframework.data.keyvalue.repository.KeyValueRepository
2026-06-05 10:33:55,077 [main] INFO  o.s.d.r.c.RepositoryConfigurationExtensionSupport  - Spring Data Redis - Could not safely identify store assignment for repository candidate interface cn.edu.sdu.java.server.repositorys.StudentStatisticsRepository; If you want this repository to be a Redis repository, consider annotating your entities with one of these annotations: org.springframework.data.redis.core.RedisHash (preferred), or consider extending one of the following types with your repository: org.springframework.data.keyvalue.repository.KeyValueRepository
2026-06-05 10:33:55,077 [main] INFO  o.s.d.r.c.RepositoryConfigurationExtensionSupport  - Spring Data Redis - Could not safely identify store assignment for repository candidate interface cn.edu.sdu.java.server.repositorys.SystemInfoRepository; If you want this repository to be a Redis repository, consider annotating your entities with one of these annotations: org.springframework.data.redis.core.RedisHash (preferred), or consider extending one of the following types with your repository: org.springframework.data.keyvalue.repository.KeyValueRepository
2026-06-05 10:33:55,077 [main] INFO  o.s.d.r.c.RepositoryConfigurationExtensionSupport  - Spring Data Redis - Could not safely identify store assignment for repository candidate interface cn.edu.sdu.java.server.repositorys.TeacherRepository; If you want this repository to be a Redis repository, consider annotating your entities with one of these annotations: org.springframework.data.redis.core.RedisHash (preferred), or consider extending one of the following types with your repository: org.springframework.data.keyvalue.repository.KeyValueRepository
2026-06-05 10:33:55,078 [main] INFO  o.s.d.r.c.RepositoryConfigurationExtensionSupport  - Spring Data Redis - Could not safely identify store assignment for repository candidate interface cn.edu.sdu.java.server.repositorys.UserRepository; If you want this repository to be a Redis repository, consider annotating your entities with one of these annotations: org.springframework.data.redis.core.RedisHash (preferred), or consider extending one of the following types with your repository: org.springframework.data.keyvalue.repository.KeyValueRepository
2026-06-05 10:33:55,078 [main] INFO  o.s.d.r.c.RepositoryConfigurationExtensionSupport  - Spring Data Redis - Could not safely identify store assignment for repository candidate interface cn.edu.sdu.java.server.repositorys.UserTypeRepository; If you want this repository to be a Redis repository, consider annotating your entities with one of these annotations: org.springframework.data.redis.core.RedisHash (preferred), or consider extending one of the following types with your repository: org.springframework.data.keyvalue.repository.KeyValueRepository
2026-06-05 10:33:55,079 [main] INFO  o.s.d.r.c.RepositoryConfigurationDelegate          - Finished Spring Data repository scanning in 21 ms. Found 0 Redis repository interfaces.
2026-06-05 10:33:56,182 [main] INFO  o.s.b.w.embedded.tomcat.TomcatWebServer            - Tomcat initialized with port 22223 (http)
2026-06-05 10:33:56,207 [main] INFO  o.apache.coyote.http11.Http11NioProtocol           - Initializing ProtocolHandler ["http-nio-22223"]
2026-06-05 10:33:56,209 [main] INFO  o.apache.catalina.core.StandardService             - Starting service [Tomcat]
2026-06-05 10:33:56,210 [main] INFO  org.apache.catalina.core.StandardEngine            - Starting Servlet engine: [Apache Tomcat/10.1.34]
2026-06-05 10:33:56,301 [main] INFO  o.a.c.c.C.[Tomcat].[localhost].[/]                 - Initializing Spring embedded WebApplicationContext
2026-06-05 10:33:56,301 [main] INFO  o.s.b.w.s.c.ServletWebServerApplicationContext     - Root WebApplicationContext: initialization completed in 2500 ms
2026-06-05 10:33:56,569 [main] INFO  o.hibernate.jpa.internal.util.LogHelper            - HHH000204: Processing PersistenceUnitInfo [name: default]
2026-06-05 10:33:56,733 [main] INFO  org.hibernate.Version                              - HHH000412: Hibernate ORM core version 6.6.5.Final
2026-06-05 10:33:56,792 [main] INFO  o.h.c.internal.RegionFactoryInitiator              - HHH000026: Second-level cache disabled
2026-06-05 10:33:57,100 [main] INFO  o.s.o.j.p.SpringPersistenceUnitInfo                - No LoadTimeWeaver setup: ignoring JPA class transformer
2026-06-05 10:33:57,126 [main] INFO  com.zaxxer.hikari.HikariDataSource                 - HikariPool-1 - Starting...
2026-06-05 10:34:01,826 [main] INFO  com.zaxxer.hikari.pool.HikariPool                  - HikariPool-1 - Added connection com.mysql.cj.jdbc.ConnectionImpl@1479ed5a
2026-06-05 10:34:01,828 [main] INFO  com.zaxxer.hikari.HikariDataSource                 - HikariPool-1 - Start completed.
2026-06-05 10:34:01,908 [main] INFO  org.hibernate.orm.connections.pooling              - HHH10001005: Database info:
	Database JDBC URL [Connecting through datasource 'HikariDataSource (HikariPool-1)']
	Database driver: undefined/unknown
	Database version: 8.0.35
	Autocommit mode: undefined/unknown
	Isolation level: undefined/unknown
	Minimum pool size: undefined/unknown
	Maximum pool size: undefined/unknown
2026-06-05 10:34:02,928 [main] INFO  o.h.e.t.j.p.i.JtaPlatformInitiator                 - HHH000489: No JTA platform available (set 'hibernate.transaction.jta.platform' to enable JTA platform integration)
2026-06-05 10:34:02,930 [main] INFO  o.s.o.j.LocalContainerEntityManagerFactoryBean     - Initialized JPA EntityManagerFactory for persistence unit 'default'
2026-06-05 10:34:03,416 [main] INFO  o.s.d.j.r.query.QueryEnhancerFactory               - Hibernate is in classpath; If applicable, HQL parser will be used.
2026-06-05 10:34:04,330 [main] WARN  o.s.b.a.o.j.JpaBaseConfiguration$JpaWebConfiguration - spring.jpa.open-in-view is enabled by default. Therefore, database queries may be performed during view rendering. Explicitly configure spring.jpa.open-in-view to disable this warning
2026-06-05 10:34:05,341 [main] INFO  o.s.s.c.a.a.c.InitializeAuthenticationProviderBeanManagerConfigurer$InitializeAuthenticationProviderManagerConfigurer - Global AuthenticationManager configured with AuthenticationProvider bean with name authenticationProvider
2026-06-05 10:34:05,342 [main] WARN  o.s.s.c.a.a.c.InitializeUserDetailsBeanManagerConfigurer$InitializeUserDetailsManagerConfigurer - Global AuthenticationManager configured with an AuthenticationProvider bean. UserDetailsService beans will not be used by Spring Security for automatically configuring username/password login. Consider removing the AuthenticationProvider bean. Alternatively, consider using the UserDetailsService in a manually instantiated DaoAuthenticationProvider. If the current configuration is intentional, to turn off this warning, increase the logging level of 'org.springframework.security.config.annotation.authentication.configuration.InitializeUserDetailsBeanManagerConfigurer' to ERROR
2026-06-05 10:34:06,416 [main] INFO  o.s.b.a.w.s.WelcomePageHandlerMapping              - Adding welcome page: class path resource [public/index.html]
2026-06-05 10:34:07,635 [main] INFO  o.apache.coyote.http11.Http11NioProtocol           - Starting ProtocolHandler ["http-nio-22223"]
2026-06-05 10:34:07,664 [main] INFO  o.s.b.w.embedded.tomcat.TomcatWebServer            - Tomcat started on port 22223 (http) with context path '/'
2026-06-05 10:34:07,675 [main] INFO  c.e.s.java.server.JavaServerApplication            - Started JavaServerApplication in 14.38 seconds (process running for 14.706)
2026-06-05 10:34:07,679 [main] INFO  c.e.s.j.server.SystemApplicationListener           - org.springframework.boot.context.event.ApplicationReadyEvent[source=org.springframework.boot.SpringApplication@21c9f2a5]
2026-06-05 10:34:07,680 [main] INFO  c.e.s.j.server.SystemApplicationListener           - SystemInitStart
2026-06-05 10:34:07,849 [main] INFO  c.e.s.java.server.services.SystemService           - System config loaded, 0 items
2026-06-05 10:34:07,849 [main] INFO  c.e.s.j.server.SystemApplicationListener           - systemInitEnd
2026-06-05 10:34:07,900 [http-nio-22223-exec-1] INFO  o.a.c.c.C.[Tomcat].[localhost].[/]                 - Initializing Spring DispatcherServlet 'dispatcherServlet'
2026-06-05 10:34:07,901 [http-nio-22223-exec-1] INFO  o.s.web.servlet.DispatcherServlet                  - Initializing Servlet 'dispatcherServlet'
2026-06-05 10:34:07,903 [http-nio-22223-exec-1] INFO  o.s.web.servlet.DispatcherServlet                  - Completed initialization in 1 ms
2026-06-05 10:34:08,636 [http-nio-22223-exec-2] INFO  c.e.s.j.s.c.JwtAuthenticationFilter                - /api/base/getDataBaseUserName,admin,2026-06-05 10:34:08,0.156
2026-06-05 10:34:09,043 [http-nio-22223-exec-3] INFO  c.e.s.j.s.c.JwtAuthenticationFilter                - /api/base/getMenuList,admin,2026-06-05 10:34:08,0.307
2026-06-05 10:34:11,643 [http-nio-22223-exec-4] INFO  c.e.s.j.s.c.JwtAuthenticationFilter                - /api/student/getStudentList,admin,2026-06-05 10:34:11,0.283
2026-06-05 10:34:11,910 [http-nio-22223-exec-5] INFO  c.e.s.j.s.c.JwtAuthenticationFilter                - /api/base/getDictionaryOptionItemList,admin,2026-06-05 10:34:11,0.148
2026-06-05 10:34:12,883 [http-nio-22223-exec-6] INFO  c.e.s.j.s.c.JwtAuthenticationFilter                - /api/base/getDictionaryOptionItemList,admin,2026-06-05 10:34:12,0.129
2026-06-05 10:34:13,128 [http-nio-22223-exec-7] INFO  c.e.s.j.s.c.JwtAuthenticationFilter                - /api/teacher/getTeacherList,admin,2026-06-05 10:34:12,0.134
2026-06-05 10:34:19,731 [http-nio-22223-exec-9] ERROR c.e.s.j.s.configs.GlobalExceptionHandler           - 业务异常[TEACHER_EMAIL_INVALID]：邮箱格式不正确，请输入有效的邮箱地址（如：example@domain.com）
cn.edu.sdu.java.server.exception.BusinessException: 邮箱格式不正确，请输入有效的邮箱地址（如：example@domain.com）
	at cn.edu.sdu.java.server.services.TeacherService.doTeacherEditSave(TeacherService.java:171)
	at cn.edu.sdu.java.server.services.TeacherService.teacherEditSave(TeacherService.java:145)
	at java.base/jdk.internal.reflect.DirectMethodHandleAccessor.invoke(DirectMethodHandleAccessor.java:103)
	at java.base/java.lang.reflect.Method.invoke(Method.java:580)
	at org.springframework.aop.support.AopUtils.invokeJoinpointUsingReflection(AopUtils.java:359)
	at org.springframework.aop.framework.ReflectiveMethodInvocation.invokeJoinpoint(ReflectiveMethodInvocation.java:196)
	at org.springframework.aop.framework.ReflectiveMethodInvocation.proceed(ReflectiveMethodInvocation.java:163)
	at org.springframework.transaction.interceptor.TransactionAspectSupport.invokeWithinTransaction(TransactionAspectSupport.java:380)
	at org.springframework.transaction.interceptor.TransactionInterceptor.invoke(TransactionInterceptor.java:119)
	at org.springframework.aop.framework.ReflectiveMethodInvocation.proceed(ReflectiveMethodInvocation.java:184)
	at org.springframework.aop.framework.CglibAopProxy$DynamicAdvisedInterceptor.intercept(CglibAopProxy.java:727)
	at cn.edu.sdu.java.server.services.TeacherService$$SpringCGLIB$$0.teacherEditSave(<generated>)
	at cn.edu.sdu.java.server.controllers.TeacherController.teacherEditSave(TeacherController.java:48)
	at java.base/jdk.internal.reflect.DirectMethodHandleAccessor.invoke(DirectMethodHandleAccessor.java:103)
	at java.base/java.lang.reflect.Method.invoke(Method.java:580)
	at org.springframework.aop.support.AopUtils.invokeJoinpointUsingReflection(AopUtils.java:359)
	at org.springframework.aop.framework.ReflectiveMethodInvocation.invokeJoinpoint(ReflectiveMethodInvocation.java:196)
	at org.springframework.aop.framework.ReflectiveMethodInvocation.proceed(ReflectiveMethodInvocation.java:163)
	at org.springframework.aop.aspectj.AspectJAfterThrowingAdvice.invoke(AspectJAfterThrowingAdvice.java:64)
	at org.springframework.aop.framework.ReflectiveMethodInvocation.proceed(ReflectiveMethodInvocation.java:184)
	at org.springframework.aop.framework.adapter.AfterReturningAdviceInterceptor.invoke(AfterReturningAdviceInterceptor.java:57)
	at org.springframework.aop.framework.ReflectiveMethodInvocation.proceed(ReflectiveMethodInvocation.java:184)
	at org.springframework.aop.framework.adapter.MethodBeforeAdviceInterceptor.invoke(MethodBeforeAdviceInterceptor.java:58)
	at org.springframework.aop.framework.ReflectiveMethodInvocation.proceed(ReflectiveMethodInvocation.java:184)
	at org.springframework.aop.interceptor.ExposeInvocationInterceptor.invoke(ExposeInvocationInterceptor.java:97)
	at org.springframework.aop.framework.ReflectiveMethodInvocation.proceed(ReflectiveMethodInvocation.java:184)
	at org.springframework.aop.framework.CglibAopProxy$DynamicAdvisedInterceptor.intercept(CglibAopProxy.java:727)
	at cn.edu.sdu.java.server.controllers.TeacherController$$SpringCGLIB$$0.teacherEditSave(<generated>)
	at java.base/jdk.internal.reflect.DirectMethodHandleAccessor.invoke(DirectMethodHandleAccessor.java:103)
	at java.base/java.lang.reflect.Method.invoke(Method.java:580)
	at org.springframework.web.method.support.InvocableHandlerMethod.doInvoke(InvocableHandlerMethod.java:257)
	at org.springframework.web.method.support.InvocableHandlerMethod.invokeForRequest(InvocableHandlerMethod.java:190)
	at org.springframework.web.servlet.mvc.method.annotation.ServletInvocableHandlerMethod.invokeAndHandle(ServletInvocableHandlerMethod.java:118)
	at org.springframework.web.servlet.mvc.method.annotation.RequestMappingHandlerAdapter.invokeHandlerMethod(RequestMappingHandlerAdapter.java:986)
	at org.springframework.web.servlet.mvc.method.annotation.RequestMappingHandlerAdapter.handleInternal(RequestMappingHandlerAdapter.java:891)
	at org.springframework.web.servlet.mvc.method.AbstractHandlerMethodAdapter.handle(AbstractHandlerMethodAdapter.java:87)
	at org.springframework.web.servlet.DispatcherServlet.doDispatch(DispatcherServlet.java:1088)
	at org.springframework.web.servlet.DispatcherServlet.doService(DispatcherServlet.java:978)
	at org.springframework.web.servlet.FrameworkServlet.processRequest(FrameworkServlet.java:1014)
	at org.springframework.web.servlet.FrameworkServlet.doPost(FrameworkServlet.java:914)
	at jakarta.servlet.http.HttpServlet.service(HttpServlet.java:590)
	at org.springframework.web.servlet.FrameworkServlet.service(FrameworkServlet.java:885)
	at jakarta.servlet.http.HttpServlet.service(HttpServlet.java:658)
	at org.apache.catalina.core.ApplicationFilterChain.internalDoFilter(ApplicationFilterChain.java:195)
	at org.apache.catalina.core.ApplicationFilterChain.doFilter(ApplicationFilterChain.java:140)
	at org.apache.tomcat.websocket.server.WsFilter.doFilter(WsFilter.java:51)
	at org.apache.catalina.core.ApplicationFilterChain.internalDoFilter(ApplicationFilterChain.java:164)
	at org.apache.catalina.core.ApplicationFilterChain.doFilter(ApplicationFilterChain.java:140)
	at org.springframework.web.filter.OncePerRequestFilter.doFilter(OncePerRequestFilter.java:110)
	at org.apache.catalina.core.ApplicationFilterChain.internalDoFilter(ApplicationFilterChain.java:164)
	at org.apache.catalina.core.ApplicationFilterChain.doFilter(ApplicationFilterChain.java:140)
	at org.springframework.web.filter.CompositeFilter$VirtualFilterChain.doFilter(CompositeFilter.java:108)
	at org.springframework.security.web.FilterChainProxy.lambda$doFilterInternal$3(FilterChainProxy.java:231)
	at org.springframework.security.web.FilterChainProxy$VirtualFilterChain.doFilter(FilterChainProxy.java:365)
	at org.springframework.security.web.access.intercept.AuthorizationFilter.doFilter(AuthorizationFilter.java:101)
	at org.springframework.security.web.FilterChainProxy$VirtualFilterChain.doFilter(FilterChainProxy.java:374)
	at org.springframework.security.web.access.ExceptionTranslationFilter.doFilter(ExceptionTranslationFilter.java:126)
	at org.springframework.security.web.access.ExceptionTranslationFilter.doFilter(ExceptionTranslationFilter.java:120)
	at org.springframework.security.web.FilterChainProxy$VirtualFilterChain.doFilter(FilterChainProxy.java:374)
	at org.springframework.security.web.session.SessionManagementFilter.doFilter(SessionManagementFilter.java:131)
	at org.springframework.security.web.session.SessionManagementFilter.doFilter(SessionManagementFilter.java:85)
	at org.springframework.security.web.FilterChainProxy$VirtualFilterChain.doFilter(FilterChainProxy.java:374)
	at org.springframework.security.web.authentication.AnonymousAuthenticationFilter.doFilter(AnonymousAuthenticationFilter.java:100)
	at org.springframework.security.web.FilterChainProxy$VirtualFilterChain.doFilter(FilterChainProxy.java:374)
	at org.springframework.security.web.servletapi.SecurityContextHolderAwareRequestFilter.doFilter(SecurityContextHolderAwareRequestFilter.java:179)
	at org.springframework.security.web.FilterChainProxy$VirtualFilterChain.doFilter(FilterChainProxy.java:374)
	at org.springframework.security.web.savedrequest.RequestCacheAwareFilter.doFilter(RequestCacheAwareFilter.java:63)
	at org.springframework.security.web.FilterChainProxy$VirtualFilterChain.doFilter(FilterChainProxy.java:374)
	at cn.edu.sdu.java.server.configs.JwtAuthenticationFilter.doFilterInternal(JwtAuthenticationFilter.java:91)
	at org.springframework.web.filter.OncePerRequestFilter.doFilter(OncePerRequestFilter.java:116)
	at org.springframework.security.web.FilterChainProxy$VirtualFilterChain.doFilter(FilterChainProxy.java:374)
	at org.springframework.security.web.authentication.logout.LogoutFilter.doFilter(LogoutFilter.java:107)
	at org.springframework.security.web.authentication.logout.LogoutFilter.doFilter(LogoutFilter.java:93)
	at org.springframework.security.web.FilterChainProxy$VirtualFilterChain.doFilter(FilterChainProxy.java:374)
	at org.springframework.web.filter.CorsFilter.doFilterInternal(CorsFilter.java:91)
	at org.springframework.web.filter.OncePerRequestFilter.doFilter(OncePerRequestFilter.java:116)
	at org.springframework.security.web.FilterChainProxy$VirtualFilterChain.doFilter(FilterChainProxy.java:374)
	at org.springframework.security.web.header.HeaderWriterFilter.doHeadersAfter(HeaderWriterFilter.java:90)
	at org.springframework.security.web.header.HeaderWriterFilter.doFilterInternal(HeaderWriterFilter.java:75)
	at org.springframework.web.filter.OncePerRequestFilter.doFilter(OncePerRequestFilter.java:116)
	at org.springframework.security.web.FilterChainProxy$VirtualFilterChain.doFilter(FilterChainProxy.java:374)
	at org.springframework.security.web.context.SecurityContextHolderFilter.doFilter(SecurityContextHolderFilter.java:82)
	at org.springframework.security.web.context.SecurityContextHolderFilter.doFilter(SecurityContextHolderFilter.java:69)
	at org.springframework.security.web.FilterChainProxy$VirtualFilterChain.doFilter(FilterChainProxy.java:374)
	at org.springframework.security.web.context.request.async.WebAsyncManagerIntegrationFilter.doFilterInternal(WebAsyncManagerIntegrationFilter.java:62)
	at org.springframework.web.filter.OncePerRequestFilter.doFilter(OncePerRequestFilter.java:116)
	at org.springframework.security.web.FilterChainProxy$VirtualFilterChain.doFilter(FilterChainProxy.java:374)
	at org.springframework.security.web.session.DisableEncodeUrlFilter.doFilterInternal(DisableEncodeUrlFilter.java:42)
	at org.springframework.web.filter.OncePerRequestFilter.doFilter(OncePerRequestFilter.java:116)
	at org.springframework.security.web.FilterChainProxy$VirtualFilterChain.doFilter(FilterChainProxy.java:374)
	at org.springframework.security.web.FilterChainProxy.doFilterInternal(FilterChainProxy.java:233)
	at org.springframework.security.web.FilterChainProxy.doFilter(FilterChainProxy.java:191)
	at org.springframework.web.filter.CompositeFilter$VirtualFilterChain.doFilter(CompositeFilter.java:113)
	at org.springframework.web.servlet.handler.HandlerMappingIntrospector.lambda$createCacheFilter$3(HandlerMappingIntrospector.java:243)
	at org.springframework.web.filter.CompositeFilter$VirtualFilterChain.doFilter(CompositeFilter.java:113)
	at org.springframework.web.filter.CompositeFilter.doFilter(CompositeFilter.java:74)
	at org.springframework.security.config.annotation.web.configuration.WebMvcSecurityConfiguration$CompositeFilterChainProxy.doFilter(WebMvcSecurityConfiguration.java:238)
	at org.springframework.web.filter.DelegatingFilterProxy.invokeDelegate(DelegatingFilterProxy.java:362)
	at org.springframework.web.filter.DelegatingFilterProxy.doFilter(DelegatingFilterProxy.java:278)
	at org.apache.catalina.core.ApplicationFilterChain.internalDoFilter(ApplicationFilterChain.java:164)
	at org.apache.catalina.core.ApplicationFilterChain.doFilter(ApplicationFilterChain.java:140)
	at org.springframework.web.filter.RequestContextFilter.doFilterInternal(RequestContextFilter.java:100)
	at org.springframework.web.filter.OncePerRequestFilter.doFilter(OncePerRequestFilter.java:116)
	at org.apache.catalina.core.ApplicationFilterChain.internalDoFilter(ApplicationFilterChain.java:164)
	at org.apache.catalina.core.ApplicationFilterChain.doFilter(ApplicationFilterChain.java:140)
	at org.springframework.web.filter.FormContentFilter.doFilterInternal(FormContentFilter.java:93)
	at org.springframework.web.filter.OncePerRequestFilter.doFilter(OncePerRequestFilter.java:116)
	at org.apache.catalina.core.ApplicationFilterChain.internalDoFilter(ApplicationFilterChain.java:164)
	at org.apache.catalina.core.ApplicationFilterChain.doFilter(ApplicationFilterChain.java:140)
	at org.springframework.web.filter.CharacterEncodingFilter.doFilterInternal(CharacterEncodingFilter.java:201)
	at org.springframework.web.filter.OncePerRequestFilter.doFilter(OncePerRequestFilter.java:116)
	at org.apache.catalina.core.ApplicationFilterChain.internalDoFilter(ApplicationFilterChain.java:164)
	at org.apache.catalina.core.ApplicationFilterChain.doFilter(ApplicationFilterChain.java:140)
	at org.apache.catalina.core.StandardWrapperValve.invoke(StandardWrapperValve.java:167)
	at org.apache.catalina.core.StandardContextValve.invoke(StandardContextValve.java:90)
	at org.apache.catalina.authenticator.AuthenticatorBase.invoke(AuthenticatorBase.java:483)
	at org.apache.catalina.core.StandardHostValve.invoke(StandardHostValve.java:115)
	at org.apache.catalina.valves.ErrorReportValve.invoke(ErrorReportValve.java:93)
	at org.apache.catalina.core.StandardEngineValve.invoke(StandardEngineValve.java:74)
	at org.apache.catalina.connector.CoyoteAdapter.service(CoyoteAdapter.java:344)
	at org.apache.coyote.http11.Http11Processor.service(Http11Processor.java:397)
	at org.apache.coyote.AbstractProcessorLight.process(AbstractProcessorLight.java:63)
	at org.apache.coyote.AbstractProtocol$ConnectionHandler.process(AbstractProtocol.java:905)
	at org.apache.tomcat.util.net.NioEndpoint$SocketProcessor.doRun(NioEndpoint.java:1741)
	at org.apache.tomcat.util.net.SocketProcessorBase.run(SocketProcessorBase.java:52)
	at org.apache.tomcat.util.threads.ThreadPoolExecutor.runWorker(ThreadPoolExecutor.java:1190)
	at org.apache.tomcat.util.threads.ThreadPoolExecutor$Worker.run(ThreadPoolExecutor.java:659)
	at org.apache.tomcat.util.threads.TaskThread$WrappingRunnable.run(TaskThread.java:63)
	at java.base/java.lang.Thread.run(Thread.java:1583)
2026-06-05 10:34:19,737 [http-nio-22223-exec-9] INFO  c.e.s.j.s.c.JwtAuthenticationFilter                - /api/teacher/teacherEditSave,admin,2026-06-05 10:34:19,0.153
2026-06-05 10:34:24,933 [http-nio-22223-exec-10] INFO  c.e.s.j.s.c.JwtAuthenticationFilter                - /api/teacher/teacherEditSave,admin,2026-06-05 10:34:24,0.326
2026-06-05 10:34:26,119 [http-nio-22223-exec-1] INFO  c.e.s.j.s.c.JwtAuthenticationFilter                - /api/teacher/getTeacherList,admin,2026-06-05 10:34:25,0.147
2026-06-05 10:34:26,919 [http-nio-22223-exec-2] INFO  c.e.s.j.s.c.JwtAuthenticationFilter                - /api/base/getBlobByteData,admin,2026-06-05 10:34:26,0.146
2026-06-05 10:34:34,725 [http-nio-22223-exec-3] INFO  c.e.s.j.s.c.JwtAuthenticationFilter                - /api/teacher/teacherDelete,admin,2026-06-05 10:34:34,0.636
2026-06-05 10:34:34,980 [http-nio-22223-exec-4] INFO  c.e.s.j.s.c.JwtAuthenticationFilter                - /api/teacher/getTeacherList,admin,2026-06-05 10:34:34,0.135
2026-06-05 10:35:03,395 [http-nio-22223-exec-6] INFO  c.e.s.j.s.c.JwtAuthenticationFilter                - /api/student/checkAbnormalConsumption,admin,2026-06-05 10:35:03,0.223
2026-06-05 10:35:09,378 [http-nio-22223-exec-7] INFO  c.e.s.j.s.c.JwtAuthenticationFilter                - /api/student/getStudentList,admin,2026-06-05 10:35:09,0.186
2026-06-05 10:35:09,646 [http-nio-22223-exec-8] INFO  c.e.s.j.s.c.JwtAuthenticationFilter                - /api/student/checkAbnormalConsumption,admin,2026-06-05 10:35:09,0.156
2026-06-05 10:35:10,506 [http-nio-22223-exec-9] INFO  c.e.s.j.s.c.JwtAuthenticationFilter                - /api/student/checkAbnormalConsumption,admin,2026-06-05 10:35:10,0.206
2026-06-05 10:35:16,991 [http-nio-22223-exec-10] INFO  c.e.s.j.s.c.JwtAuthenticationFilter                - /api/student/checkAbnormalConsumption,admin,2026-06-05 10:35:16,0.19
2026-06-05 10:35:18,286 [http-nio-22223-exec-1] INFO  c.e.s.j.s.c.JwtAuthenticationFilter                - /api/student/checkAbnormalConsumption,admin,2026-06-05 10:35:18,0.173
2026-06-05 10:35:19,434 [http-nio-22223-exec-2] INFO  c.e.s.j.s.c.JwtAuthenticationFilter                - /api/student/checkAbnormalConsumption,admin,2026-06-05 10:35:19,0.168
2026-06-05 10:35:50,429 [http-nio-22223-exec-4] INFO  c.e.s.j.s.c.JwtAuthenticationFilter                - /api/student/checkAbnormalConsumption,admin,2026-06-05 10:35:50,0.157
2026-06-05 10:36:34,680 [http-nio-22223-exec-6] INFO  c.e.s.j.s.c.JwtAuthenticationFilter                - /api/student/checkAbnormalConsumption,admin,2026-06-05 10:36:34,0.191
2026-06-05 10:36:38,572 [http-nio-22223-exec-7] INFO  c.e.s.j.s.c.JwtAuthenticationFilter                - /api/student/checkAbnormalConsumption,admin,2026-06-05 10:36:38,0.127
2026-06-05 10:40:38,982 [background-preinit] INFO  o.h.validator.internal.util.Version                - HV000001: Hibernate Validator 8.0.2.Final
2026-06-05 10:40:39,040 [main] INFO  c.e.s.java.server.JavaServerApplication            - Starting JavaServerApplication using Java 21.0.5 with PID 17324 (D:\JavaProject\server\target\classes started by Xinbin in D:\JavaProject\server)
2026-06-05 10:40:39,041 [main] INFO  c.e.s.java.server.JavaServerApplication            - No active profile set, falling back to 1 default profile: "default"
2026-06-05 10:40:40,136 [main] INFO  o.s.d.r.c.RepositoryConfigurationDelegate          - Multiple Spring Data modules found, entering strict repository configuration mode
2026-06-05 10:40:40,138 [main] INFO  o.s.d.r.c.RepositoryConfigurationDelegate          - Bootstrapping Spring Data JPA repositories in DEFAULT mode.
2026-06-05 10:40:40,296 [main] INFO  o.s.d.r.c.RepositoryConfigurationDelegate          - Finished Spring Data repository scanning in 150 ms. Found 32 JPA repository interfaces.
2026-06-05 10:40:40,320 [main] INFO  o.s.d.r.c.RepositoryConfigurationDelegate          - Multiple Spring Data modules found, entering strict repository configuration mode
2026-06-05 10:40:40,323 [main] INFO  o.s.d.r.c.RepositoryConfigurationDelegate          - Bootstrapping Spring Data Redis repositories in DEFAULT mode.
2026-06-05 10:40:40,342 [main] INFO  o.s.d.r.c.RepositoryConfigurationExtensionSupport  - Spring Data Redis - Could not safely identify store assignment for repository candidate interface cn.edu.sdu.java.server.repositorys.ApprovalRecordRepository; If you want this repository to be a Redis repository, consider annotating your entities with one of these annotations: org.springframework.data.redis.core.RedisHash (preferred), or consider extending one of the following types with your repository: org.springframework.data.keyvalue.repository.KeyValueRepository
2026-06-05 10:40:40,342 [main] INFO  o.s.d.r.c.RepositoryConfigurationExtensionSupport  - Spring Data Redis - Could not safely identify store assignment for repository candidate interface cn.edu.sdu.java.server.repositorys.AttendanceRepository; If you want this repository to be a Redis repository, consider annotating your entities with one of these annotations: org.springframework.data.redis.core.RedisHash (preferred), or consider extending one of the following types with your repository: org.springframework.data.keyvalue.repository.KeyValueRepository
2026-06-05 10:40:40,343 [main] INFO  o.s.d.r.c.RepositoryConfigurationExtensionSupport  - Spring Data Redis - Could not safely identify store assignment for repository candidate interface cn.edu.sdu.java.server.repositorys.CourseMaterialRepository; If you want this repository to be a Redis repository, consider annotating your entities with one of these annotations: org.springframework.data.redis.core.RedisHash (preferred), or consider extending one of the following types with your repository: org.springframework.data.keyvalue.repository.KeyValueRepository
2026-06-05 10:40:40,343 [main] INFO  o.s.d.r.c.RepositoryConfigurationExtensionSupport  - Spring Data Redis - Could not safely identify store assignment for repository candidate interface cn.edu.sdu.java.server.repositorys.CourseRepository; If you want this repository to be a Redis repository, consider annotating your entities with one of these annotations: org.springframework.data.redis.core.RedisHash (preferred), or consider extending one of the following types with your repository: org.springframework.data.keyvalue.repository.KeyValueRepository
2026-06-05 10:40:40,343 [main] INFO  o.s.d.r.c.RepositoryConfigurationExtensionSupport  - Spring Data Redis - Could not safely identify store assignment for repository candidate interface cn.edu.sdu.java.server.repositorys.CourseSelectionRepository; If you want this repository to be a Redis repository, consider annotating your entities with one of these annotations: org.springframework.data.redis.core.RedisHash (preferred), or consider extending one of the following types with your repository: org.springframework.data.keyvalue.repository.KeyValueRepository
2026-06-05 10:40:40,344 [main] INFO  o.s.d.r.c.RepositoryConfigurationExtensionSupport  - Spring Data Redis - Could not safely identify store assignment for repository candidate interface cn.edu.sdu.java.server.repositorys.CourseTeachingRepository; If you want this repository to be a Redis repository, consider annotating your entities with one of these annotations: org.springframework.data.redis.core.RedisHash (preferred), or consider extending one of the following types with your repository: org.springframework.data.keyvalue.repository.KeyValueRepository
2026-06-05 10:40:40,344 [main] INFO  o.s.d.r.c.RepositoryConfigurationExtensionSupport  - Spring Data Redis - Could not safely identify store assignment for repository candidate interface cn.edu.sdu.java.server.repositorys.DailyActivityRepository; If you want this repository to be a Redis repository, consider annotating your entities with one of these annotations: org.springframework.data.redis.core.RedisHash (preferred), or consider extending one of the following types with your repository: org.springframework.data.keyvalue.repository.KeyValueRepository
2026-06-05 10:40:40,344 [main] INFO  o.s.d.r.c.RepositoryConfigurationExtensionSupport  - Spring Data Redis - Could not safely identify store assignment for repository candidate interface cn.edu.sdu.java.server.repositorys.DevelopmentRepository; If you want this repository to be a Redis repository, consider annotating your entities with one of these annotations: org.springframework.data.redis.core.RedisHash (preferred), or consider extending one of the following types with your repository: org.springframework.data.keyvalue.repository.KeyValueRepository
2026-06-05 10:40:40,344 [main] INFO  o.s.d.r.c.RepositoryConfigurationExtensionSupport  - Spring Data Redis - Could not safely identify store assignment for repository candidate interface cn.edu.sdu.java.server.repositorys.DictionaryInfoRepository; If you want this repository to be a Redis repository, consider annotating your entities with one of these annotations: org.springframework.data.redis.core.RedisHash (preferred), or consider extending one of the following types with your repository: org.springframework.data.keyvalue.repository.KeyValueRepository
2026-06-05 10:40:40,345 [main] INFO  o.s.d.r.c.RepositoryConfigurationExtensionSupport  - Spring Data Redis - Could not safely identify store assignment for repository candidate interface cn.edu.sdu.java.server.repositorys.ExamScheduleRepository; If you want this repository to be a Redis repository, consider annotating your entities with one of these annotations: org.springframework.data.redis.core.RedisHash (preferred), or consider extending one of the following types with your repository: org.springframework.data.keyvalue.repository.KeyValueRepository
2026-06-05 10:40:40,345 [main] INFO  o.s.d.r.c.RepositoryConfigurationExtensionSupport  - Spring Data Redis - Could not safely identify store assignment for repository candidate interface cn.edu.sdu.java.server.repositorys.FamilyMemberRepository; If you want this repository to be a Redis repository, consider annotating your entities with one of these annotations: org.springframework.data.redis.core.RedisHash (preferred), or consider extending one of the following types with your repository: org.springframework.data.keyvalue.repository.KeyValueRepository
2026-06-05 10:40:40,345 [main] INFO  o.s.d.r.c.RepositoryConfigurationExtensionSupport  - Spring Data Redis - Could not safely identify store assignment for repository candidate interface cn.edu.sdu.java.server.repositorys.FeeRepository; If you want this repository to be a Redis repository, consider annotating your entities with one of these annotations: org.springframework.data.redis.core.RedisHash (preferred), or consider extending one of the following types with your repository: org.springframework.data.keyvalue.repository.KeyValueRepository
2026-06-05 10:40:40,346 [main] INFO  o.s.d.r.c.RepositoryConfigurationExtensionSupport  - Spring Data Redis - Could not safely identify store assignment for repository candidate interface cn.edu.sdu.java.server.repositorys.HomeworkRepository; If you want this repository to be a Redis repository, consider annotating your entities with one of these annotations: org.springframework.data.redis.core.RedisHash (preferred), or consider extending one of the following types with your repository: org.springframework.data.keyvalue.repository.KeyValueRepository
2026-06-05 10:40:40,346 [main] INFO  o.s.d.r.c.RepositoryConfigurationExtensionSupport  - Spring Data Redis - Could not safely identify store assignment for repository candidate interface cn.edu.sdu.java.server.repositorys.HomeworkSubmissionRepository; If you want this repository to be a Redis repository, consider annotating your entities with one of these annotations: org.springframework.data.redis.core.RedisHash (preferred), or consider extending one of the following types with your repository: org.springframework.data.keyvalue.repository.KeyValueRepository
2026-06-05 10:40:40,346 [main] INFO  o.s.d.r.c.RepositoryConfigurationExtensionSupport  - Spring Data Redis - Could not safely identify store assignment for repository candidate interface cn.edu.sdu.java.server.repositorys.HonorRepository; If you want this repository to be a Redis repository, consider annotating your entities with one of these annotations: org.springframework.data.redis.core.RedisHash (preferred), or consider extending one of the following types with your repository: org.springframework.data.keyvalue.repository.KeyValueRepository
2026-06-05 10:40:40,347 [main] INFO  o.s.d.r.c.RepositoryConfigurationExtensionSupport  - Spring Data Redis - Could not safely identify store assignment for repository candidate interface cn.edu.sdu.java.server.repositorys.InnovationProjectRepository; If you want this repository to be a Redis repository, consider annotating your entities with one of these annotations: org.springframework.data.redis.core.RedisHash (preferred), or consider extending one of the following types with your repository: org.springframework.data.keyvalue.repository.KeyValueRepository
2026-06-05 10:40:40,347 [main] INFO  o.s.d.r.c.RepositoryConfigurationExtensionSupport  - Spring Data Redis - Could not safely identify store assignment for repository candidate interface cn.edu.sdu.java.server.repositorys.MenuInfoRepository; If you want this repository to be a Redis repository, consider annotating your entities with one of these annotations: org.springframework.data.redis.core.RedisHash (preferred), or consider extending one of the following types with your repository: org.springframework.data.keyvalue.repository.KeyValueRepository
2026-06-05 10:40:40,347 [main] INFO  o.s.d.r.c.RepositoryConfigurationExtensionSupport  - Spring Data Redis - Could not safely identify store assignment for repository candidate interface cn.edu.sdu.java.server.repositorys.ModifyLogRepository; If you want this repository to be a Redis repository, consider annotating your entities with one of these annotations: org.springframework.data.redis.core.RedisHash (preferred), or consider extending one of the following types with your repository: org.springframework.data.keyvalue.repository.KeyValueRepository
2026-06-05 10:40:40,348 [main] INFO  o.s.d.r.c.RepositoryConfigurationExtensionSupport  - Spring Data Redis - Could not safely identify store assignment for repository candidate interface cn.edu.sdu.java.server.repositorys.PersonRepository; If you want this repository to be a Redis repository, consider annotating your entities with one of these annotations: org.springframework.data.redis.core.RedisHash (preferred), or consider extending one of the following types with your repository: org.springframework.data.keyvalue.repository.KeyValueRepository
2026-06-05 10:40:40,349 [main] INFO  o.s.d.r.c.RepositoryConfigurationExtensionSupport  - Spring Data Redis - Could not safely identify store assignment for repository candidate interface cn.edu.sdu.java.server.repositorys.PunishmentRepository; If you want this repository to be a Redis repository, consider annotating your entities with one of these annotations: org.springframework.data.redis.core.RedisHash (preferred), or consider extending one of the following types with your repository: org.springframework.data.keyvalue.repository.KeyValueRepository
2026-06-05 10:40:40,350 [main] INFO  o.s.d.r.c.RepositoryConfigurationExtensionSupport  - Spring Data Redis - Could not safely identify store assignment for repository candidate interface cn.edu.sdu.java.server.repositorys.RequestLogRepository; If you want this repository to be a Redis repository, consider annotating your entities with one of these annotations: org.springframework.data.redis.core.RedisHash (preferred), or consider extending one of the following types with your repository: org.springframework.data.keyvalue.repository.KeyValueRepository
2026-06-05 10:40:40,350 [main] INFO  o.s.d.r.c.RepositoryConfigurationExtensionSupport  - Spring Data Redis - Could not safely identify store assignment for repository candidate interface cn.edu.sdu.java.server.repositorys.ScoreRepository; If you want this repository to be a Redis repository, consider annotating your entities with one of these annotations: org.springframework.data.redis.core.RedisHash (preferred), or consider extending one of the following types with your repository: org.springframework.data.keyvalue.repository.KeyValueRepository
2026-06-05 10:40:40,350 [main] INFO  o.s.d.r.c.RepositoryConfigurationExtensionSupport  - Spring Data Redis - Could not safely identify store assignment for repository candidate interface cn.edu.sdu.java.server.repositorys.SocialRelationRepository; If you want this repository to be a Redis repository, consider annotating your entities with one of these annotations: org.springframework.data.redis.core.RedisHash (preferred), or consider extending one of the following types with your repository: org.springframework.data.keyvalue.repository.KeyValueRepository
2026-06-05 10:40:40,351 [main] INFO  o.s.d.r.c.RepositoryConfigurationExtensionSupport  - Spring Data Redis - Could not safely identify store assignment for repository candidate interface cn.edu.sdu.java.server.repositorys.StatisticsDayRepository; If you want this repository to be a Redis repository, consider annotating your entities with one of these annotations: org.springframework.data.redis.core.RedisHash (preferred), or consider extending one of the following types with your repository: org.springframework.data.keyvalue.repository.KeyValueRepository
2026-06-05 10:40:40,351 [main] INFO  o.s.d.r.c.RepositoryConfigurationExtensionSupport  - Spring Data Redis - Could not safely identify store assignment for repository candidate interface cn.edu.sdu.java.server.repositorys.StudentExamScheduleRepository; If you want this repository to be a Redis repository, consider annotating your entities with one of these annotations: org.springframework.data.redis.core.RedisHash (preferred), or consider extending one of the following types with your repository: org.springframework.data.keyvalue.repository.KeyValueRepository
2026-06-05 10:40:40,352 [main] INFO  o.s.d.r.c.RepositoryConfigurationExtensionSupport  - Spring Data Redis - Could not safely identify store assignment for repository candidate interface cn.edu.sdu.java.server.repositorys.StudentLeaveRepository; If you want this repository to be a Redis repository, consider annotating your entities with one of these annotations: org.springframework.data.redis.core.RedisHash (preferred), or consider extending one of the following types with your repository: org.springframework.data.keyvalue.repository.KeyValueRepository
2026-06-05 10:40:40,352 [main] INFO  o.s.d.r.c.RepositoryConfigurationExtensionSupport  - Spring Data Redis - Could not safely identify store assignment for repository candidate interface cn.edu.sdu.java.server.repositorys.StudentRepository; If you want this repository to be a Redis repository, consider annotating your entities with one of these annotations: org.springframework.data.redis.core.RedisHash (preferred), or consider extending one of the following types with your repository: org.springframework.data.keyvalue.repository.KeyValueRepository
2026-06-05 10:40:40,352 [main] INFO  o.s.d.r.c.RepositoryConfigurationExtensionSupport  - Spring Data Redis - Could not safely identify store assignment for repository candidate interface cn.edu.sdu.java.server.repositorys.StudentStatisticsRepository; If you want this repository to be a Redis repository, consider annotating your entities with one of these annotations: org.springframework.data.redis.core.RedisHash (preferred), or consider extending one of the following types with your repository: org.springframework.data.keyvalue.repository.KeyValueRepository
2026-06-05 10:40:40,352 [main] INFO  o.s.d.r.c.RepositoryConfigurationExtensionSupport  - Spring Data Redis - Could not safely identify store assignment for repository candidate interface cn.edu.sdu.java.server.repositorys.SystemInfoRepository; If you want this repository to be a Redis repository, consider annotating your entities with one of these annotations: org.springframework.data.redis.core.RedisHash (preferred), or consider extending one of the following types with your repository: org.springframework.data.keyvalue.repository.KeyValueRepository
2026-06-05 10:40:40,353 [main] INFO  o.s.d.r.c.RepositoryConfigurationExtensionSupport  - Spring Data Redis - Could not safely identify store assignment for repository candidate interface cn.edu.sdu.java.server.repositorys.TeacherRepository; If you want this repository to be a Redis repository, consider annotating your entities with one of these annotations: org.springframework.data.redis.core.RedisHash (preferred), or consider extending one of the following types with your repository: org.springframework.data.keyvalue.repository.KeyValueRepository
2026-06-05 10:40:40,353 [main] INFO  o.s.d.r.c.RepositoryConfigurationExtensionSupport  - Spring Data Redis - Could not safely identify store assignment for repository candidate interface cn.edu.sdu.java.server.repositorys.UserRepository; If you want this repository to be a Redis repository, consider annotating your entities with one of these annotations: org.springframework.data.redis.core.RedisHash (preferred), or consider extending one of the following types with your repository: org.springframework.data.keyvalue.repository.KeyValueRepository
2026-06-05 10:40:40,354 [main] INFO  o.s.d.r.c.RepositoryConfigurationExtensionSupport  - Spring Data Redis - Could not safely identify store assignment for repository candidate interface cn.edu.sdu.java.server.repositorys.UserTypeRepository; If you want this repository to be a Redis repository, consider annotating your entities with one of these annotations: org.springframework.data.redis.core.RedisHash (preferred), or consider extending one of the following types with your repository: org.springframework.data.keyvalue.repository.KeyValueRepository
2026-06-05 10:40:40,354 [main] INFO  o.s.d.r.c.RepositoryConfigurationDelegate          - Finished Spring Data repository scanning in 20 ms. Found 0 Redis repository interfaces.
2026-06-05 10:40:41,418 [main] INFO  o.s.b.w.embedded.tomcat.TomcatWebServer            - Tomcat initialized with port 22223 (http)
2026-06-05 10:40:41,441 [main] INFO  o.apache.coyote.http11.Http11NioProtocol           - Initializing ProtocolHandler ["http-nio-22223"]
2026-06-05 10:40:41,443 [main] INFO  o.apache.catalina.core.StandardService             - Starting service [Tomcat]
2026-06-05 10:40:41,444 [main] INFO  org.apache.catalina.core.StandardEngine            - Starting Servlet engine: [Apache Tomcat/10.1.34]
2026-06-05 10:40:41,521 [main] INFO  o.a.c.c.C.[Tomcat].[localhost].[/]                 - Initializing Spring embedded WebApplicationContext
2026-06-05 10:40:41,522 [main] INFO  o.s.b.w.s.c.ServletWebServerApplicationContext     - Root WebApplicationContext: initialization completed in 2440 ms
2026-06-05 10:40:41,781 [main] INFO  o.hibernate.jpa.internal.util.LogHelper            - HHH000204: Processing PersistenceUnitInfo [name: default]
2026-06-05 10:40:41,881 [main] INFO  org.hibernate.Version                              - HHH000412: Hibernate ORM core version 6.6.5.Final
2026-06-05 10:40:41,947 [main] INFO  o.h.c.internal.RegionFactoryInitiator              - HHH000026: Second-level cache disabled
2026-06-05 10:40:42,182 [main] INFO  o.s.o.j.p.SpringPersistenceUnitInfo                - No LoadTimeWeaver setup: ignoring JPA class transformer
2026-06-05 10:40:42,204 [main] INFO  com.zaxxer.hikari.HikariDataSource                 - HikariPool-1 - Starting...
2026-06-05 10:40:46,882 [main] INFO  com.zaxxer.hikari.pool.HikariPool                  - HikariPool-1 - Added connection com.mysql.cj.jdbc.ConnectionImpl@7bd694a5
2026-06-05 10:40:46,883 [main] INFO  com.zaxxer.hikari.HikariDataSource                 - HikariPool-1 - Start completed.
2026-06-05 10:40:46,948 [main] INFO  org.hibernate.orm.connections.pooling              - HHH10001005: Database info:
	Database JDBC URL [Connecting through datasource 'HikariDataSource (HikariPool-1)']
	Database driver: undefined/unknown
	Database version: 8.0.35
	Autocommit mode: undefined/unknown
	Isolation level: undefined/unknown
	Minimum pool size: undefined/unknown
	Maximum pool size: undefined/unknown
2026-06-05 10:40:47,930 [main] INFO  o.h.e.t.j.p.i.JtaPlatformInitiator                 - HHH000489: No JTA platform available (set 'hibernate.transaction.jta.platform' to enable JTA platform integration)
2026-06-05 10:40:47,933 [main] INFO  o.s.o.j.LocalContainerEntityManagerFactoryBean     - Initialized JPA EntityManagerFactory for persistence unit 'default'
2026-06-05 10:40:48,354 [main] INFO  o.s.d.j.r.query.QueryEnhancerFactory               - Hibernate is in classpath; If applicable, HQL parser will be used.
2026-06-05 10:40:49,272 [main] WARN  o.s.b.a.o.j.JpaBaseConfiguration$JpaWebConfiguration - spring.jpa.open-in-view is enabled by default. Therefore, database queries may be performed during view rendering. Explicitly configure spring.jpa.open-in-view to disable this warning
2026-06-05 10:40:50,281 [main] INFO  o.s.s.c.a.a.c.InitializeAuthenticationProviderBeanManagerConfigurer$InitializeAuthenticationProviderManagerConfigurer - Global AuthenticationManager configured with AuthenticationProvider bean with name authenticationProvider
2026-06-05 10:40:50,281 [main] WARN  o.s.s.c.a.a.c.InitializeUserDetailsBeanManagerConfigurer$InitializeUserDetailsManagerConfigurer - Global AuthenticationManager configured with an AuthenticationProvider bean. UserDetailsService beans will not be used by Spring Security for automatically configuring username/password login. Consider removing the AuthenticationProvider bean. Alternatively, consider using the UserDetailsService in a manually instantiated DaoAuthenticationProvider. If the current configuration is intentional, to turn off this warning, increase the logging level of 'org.springframework.security.config.annotation.authentication.configuration.InitializeUserDetailsBeanManagerConfigurer' to ERROR
2026-06-05 10:40:51,929 [main] INFO  o.s.b.a.w.s.WelcomePageHandlerMapping              - Adding welcome page: class path resource [public/index.html]
2026-06-05 10:40:53,496 [main] INFO  o.apache.coyote.http11.Http11NioProtocol           - Starting ProtocolHandler ["http-nio-22223"]
2026-06-05 10:40:53,533 [main] INFO  o.s.b.w.embedded.tomcat.TomcatWebServer            - Tomcat started on port 22223 (http) with context path '/'
2026-06-05 10:40:53,552 [main] INFO  c.e.s.java.server.JavaServerApplication            - Started JavaServerApplication in 15.108 seconds (process running for 15.411)
2026-06-05 10:40:53,560 [main] INFO  c.e.s.j.server.SystemApplicationListener           - org.springframework.boot.context.event.ApplicationReadyEvent[source=org.springframework.boot.SpringApplication@28aae867]
2026-06-05 10:40:53,560 [main] INFO  c.e.s.j.server.SystemApplicationListener           - SystemInitStart
2026-06-05 10:40:53,768 [main] INFO  c.e.s.java.server.services.SystemService           - System config loaded, 0 items
2026-06-05 10:40:53,768 [main] INFO  c.e.s.j.server.SystemApplicationListener           - systemInitEnd
2026-06-05 10:41:15,143 [http-nio-22223-exec-1] INFO  o.a.c.c.C.[Tomcat].[localhost].[/]                 - Initializing Spring DispatcherServlet 'dispatcherServlet'
2026-06-05 10:41:15,144 [http-nio-22223-exec-1] INFO  o.s.web.servlet.DispatcherServlet                  - Initializing Servlet 'dispatcherServlet'
2026-06-05 10:41:15,145 [http-nio-22223-exec-1] INFO  o.s.web.servlet.DispatcherServlet                  - Completed initialization in 1 ms
2026-06-05 10:41:15,993 [http-nio-22223-exec-2] INFO  c.e.s.j.s.c.JwtAuthenticationFilter                - /api/base/getDataBaseUserName,admin,2026-06-05 10:41:15,0.16
2026-06-05 10:41:16,486 [http-nio-22223-exec-3] INFO  c.e.s.j.s.c.JwtAuthenticationFilter                - /api/base/getMenuList,admin,2026-06-05 10:41:16,0.385
2026-06-05 10:41:31,059 [http-nio-22223-exec-4] INFO  c.e.s.j.s.c.JwtAuthenticationFilter                - /api/student/checkAbnormalConsumption,admin,2026-06-05 10:41:30,0.189
2026-06-05 10:41:34,539 [http-nio-22223-exec-5] INFO  c.e.s.j.s.c.JwtAuthenticationFilter                - /api/student/getStudentList,admin,2026-06-05 10:41:34,0.301
2026-06-05 10:41:34,849 [http-nio-22223-exec-6] INFO  c.e.s.j.s.c.JwtAuthenticationFilter                - /api/student/checkAbnormalConsumption,admin,2026-06-05 10:41:34,0.157
2026-06-05 10:41:38,058 [http-nio-22223-exec-7] INFO  c.e.s.j.s.c.JwtAuthenticationFilter                - /api/student/getStudentList,admin,2026-06-05 10:41:37,0.131
2026-06-05 10:41:38,351 [http-nio-22223-exec-8] INFO  c.e.s.j.s.c.JwtAuthenticationFilter                - /api/student/checkAbnormalConsumption,admin,2026-06-05 10:41:38,0.181
2026-06-05 10:41:47,237 [http-nio-22223-exec-9] INFO  c.e.s.j.s.c.JwtAuthenticationFilter                - /api/student/getConsumptionList,admin,2026-06-05 10:41:46,0.286
2026-06-05 10:41:47,586 [http-nio-22223-exec-10] INFO  c.e.s.j.s.c.JwtAuthenticationFilter                - /api/student/getMonthlyConsumptionTrend,admin,2026-06-05 10:41:47,0.256
2026-06-05 10:41:51,564 [http-nio-22223-exec-1] INFO  c.e.s.j.s.c.JwtAuthenticationFilter                - /api/student/getMonthlyConsumptionStats,admin,2026-06-05 10:41:51,0.196
2026-06-05 10:41:55,130 [http-nio-22223-exec-2] INFO  c.e.s.j.s.c.JwtAuthenticationFilter                - /api/student/getMonthlyConsumptionStats,admin,2026-06-05 10:41:54,0.187
2026-06-05 10:45:54,940 [background-preinit] INFO  o.h.validator.internal.util.Version                - HV000001: Hibernate Validator 8.0.2.Final
2026-06-05 10:45:55,001 [main] INFO  c.e.s.java.server.JavaServerApplication            - Starting JavaServerApplication using Java 21.0.5 with PID 16688 (D:\JavaProject\server\target\classes started by Xinbin in D:\JavaProject\server)
2026-06-05 10:45:55,001 [main] INFO  c.e.s.java.server.JavaServerApplication            - No active profile set, falling back to 1 default profile: "default"
2026-06-05 10:45:56,020 [main] INFO  o.s.d.r.c.RepositoryConfigurationDelegate          - Multiple Spring Data modules found, entering strict repository configuration mode
2026-06-05 10:45:56,023 [main] INFO  o.s.d.r.c.RepositoryConfigurationDelegate          - Bootstrapping Spring Data JPA repositories in DEFAULT mode.
2026-06-05 10:45:56,235 [main] INFO  o.s.d.r.c.RepositoryConfigurationDelegate          - Finished Spring Data repository scanning in 197 ms. Found 32 JPA repository interfaces.
2026-06-05 10:45:56,271 [main] INFO  o.s.d.r.c.RepositoryConfigurationDelegate          - Multiple Spring Data modules found, entering strict repository configuration mode
2026-06-05 10:45:56,272 [main] INFO  o.s.d.r.c.RepositoryConfigurationDelegate          - Bootstrapping Spring Data Redis repositories in DEFAULT mode.
2026-06-05 10:45:56,299 [main] INFO  o.s.d.r.c.RepositoryConfigurationExtensionSupport  - Spring Data Redis - Could not safely identify store assignment for repository candidate interface cn.edu.sdu.java.server.repositorys.ApprovalRecordRepository; If you want this repository to be a Redis repository, consider annotating your entities with one of these annotations: org.springframework.data.redis.core.RedisHash (preferred), or consider extending one of the following types with your repository: org.springframework.data.keyvalue.repository.KeyValueRepository
2026-06-05 10:45:56,300 [main] INFO  o.s.d.r.c.RepositoryConfigurationExtensionSupport  - Spring Data Redis - Could not safely identify store assignment for repository candidate interface cn.edu.sdu.java.server.repositorys.AttendanceRepository; If you want this repository to be a Redis repository, consider annotating your entities with one of these annotations: org.springframework.data.redis.core.RedisHash (preferred), or consider extending one of the following types with your repository: org.springframework.data.keyvalue.repository.KeyValueRepository
2026-06-05 10:45:56,300 [main] INFO  o.s.d.r.c.RepositoryConfigurationExtensionSupport  - Spring Data Redis - Could not safely identify store assignment for repository candidate interface cn.edu.sdu.java.server.repositorys.CourseMaterialRepository; If you want this repository to be a Redis repository, consider annotating your entities with one of these annotations: org.springframework.data.redis.core.RedisHash (preferred), or consider extending one of the following types with your repository: org.springframework.data.keyvalue.repository.KeyValueRepository
2026-06-05 10:45:56,300 [main] INFO  o.s.d.r.c.RepositoryConfigurationExtensionSupport  - Spring Data Redis - Could not safely identify store assignment for repository candidate interface cn.edu.sdu.java.server.repositorys.CourseRepository; If you want this repository to be a Redis repository, consider annotating your entities with one of these annotations: org.springframework.data.redis.core.RedisHash (preferred), or consider extending one of the following types with your repository: org.springframework.data.keyvalue.repository.KeyValueRepository
2026-06-05 10:45:56,300 [main] INFO  o.s.d.r.c.RepositoryConfigurationExtensionSupport  - Spring Data Redis - Could not safely identify store assignment for repository candidate interface cn.edu.sdu.java.server.repositorys.CourseSelectionRepository; If you want this repository to be a Redis repository, consider annotating your entities with one of these annotations: org.springframework.data.redis.core.RedisHash (preferred), or consider extending one of the following types with your repository: org.springframework.data.keyvalue.repository.KeyValueRepository
2026-06-05 10:45:56,301 [main] INFO  o.s.d.r.c.RepositoryConfigurationExtensionSupport  - Spring Data Redis - Could not safely identify store assignment for repository candidate interface cn.edu.sdu.java.server.repositorys.CourseTeachingRepository; If you want this repository to be a Redis repository, consider annotating your entities with one of these annotations: org.springframework.data.redis.core.RedisHash (preferred), or consider extending one of the following types with your repository: org.springframework.data.keyvalue.repository.KeyValueRepository
2026-06-05 10:45:56,301 [main] INFO  o.s.d.r.c.RepositoryConfigurationExtensionSupport  - Spring Data Redis - Could not safely identify store assignment for repository candidate interface cn.edu.sdu.java.server.repositorys.DailyActivityRepository; If you want this repository to be a Redis repository, consider annotating your entities with one of these annotations: org.springframework.data.redis.core.RedisHash (preferred), or consider extending one of the following types with your repository: org.springframework.data.keyvalue.repository.KeyValueRepository
2026-06-05 10:45:56,301 [main] INFO  o.s.d.r.c.RepositoryConfigurationExtensionSupport  - Spring Data Redis - Could not safely identify store assignment for repository candidate interface cn.edu.sdu.java.server.repositorys.DevelopmentRepository; If you want this repository to be a Redis repository, consider annotating your entities with one of these annotations: org.springframework.data.redis.core.RedisHash (preferred), or consider extending one of the following types with your repository: org.springframework.data.keyvalue.repository.KeyValueRepository
2026-06-05 10:45:56,302 [main] INFO  o.s.d.r.c.RepositoryConfigurationExtensionSupport  - Spring Data Redis - Could not safely identify store assignment for repository candidate interface cn.edu.sdu.java.server.repositorys.DictionaryInfoRepository; If you want this repository to be a Redis repository, consider annotating your entities with one of these annotations: org.springframework.data.redis.core.RedisHash (preferred), or consider extending one of the following types with your repository: org.springframework.data.keyvalue.repository.KeyValueRepository
2026-06-05 10:45:56,302 [main] INFO  o.s.d.r.c.RepositoryConfigurationExtensionSupport  - Spring Data Redis - Could not safely identify store assignment for repository candidate interface cn.edu.sdu.java.server.repositorys.ExamScheduleRepository; If you want this repository to be a Redis repository, consider annotating your entities with one of these annotations: org.springframework.data.redis.core.RedisHash (preferred), or consider extending one of the following types with your repository: org.springframework.data.keyvalue.repository.KeyValueRepository
2026-06-05 10:45:56,302 [main] INFO  o.s.d.r.c.RepositoryConfigurationExtensionSupport  - Spring Data Redis - Could not safely identify store assignment for repository candidate interface cn.edu.sdu.java.server.repositorys.FamilyMemberRepository; If you want this repository to be a Redis repository, consider annotating your entities with one of these annotations: org.springframework.data.redis.core.RedisHash (preferred), or consider extending one of the following types with your repository: org.springframework.data.keyvalue.repository.KeyValueRepository
2026-06-05 10:45:56,303 [main] INFO  o.s.d.r.c.RepositoryConfigurationExtensionSupport  - Spring Data Redis - Could not safely identify store assignment for repository candidate interface cn.edu.sdu.java.server.repositorys.FeeRepository; If you want this repository to be a Redis repository, consider annotating your entities with one of these annotations: org.springframework.data.redis.core.RedisHash (preferred), or consider extending one of the following types with your repository: org.springframework.data.keyvalue.repository.KeyValueRepository
2026-06-05 10:45:56,303 [main] INFO  o.s.d.r.c.RepositoryConfigurationExtensionSupport  - Spring Data Redis - Could not safely identify store assignment for repository candidate interface cn.edu.sdu.java.server.repositorys.HomeworkRepository; If you want this repository to be a Redis repository, consider annotating your entities with one of these annotations: org.springframework.data.redis.core.RedisHash (preferred), or consider extending one of the following types with your repository: org.springframework.data.keyvalue.repository.KeyValueRepository
2026-06-05 10:45:56,304 [main] INFO  o.s.d.r.c.RepositoryConfigurationExtensionSupport  - Spring Data Redis - Could not safely identify store assignment for repository candidate interface cn.edu.sdu.java.server.repositorys.HomeworkSubmissionRepository; If you want this repository to be a Redis repository, consider annotating your entities with one of these annotations: org.springframework.data.redis.core.RedisHash (preferred), or consider extending one of the following types with your repository: org.springframework.data.keyvalue.repository.KeyValueRepository
2026-06-05 10:45:56,305 [main] INFO  o.s.d.r.c.RepositoryConfigurationExtensionSupport  - Spring Data Redis - Could not safely identify store assignment for repository candidate interface cn.edu.sdu.java.server.repositorys.HonorRepository; If you want this repository to be a Redis repository, consider annotating your entities with one of these annotations: org.springframework.data.redis.core.RedisHash (preferred), or consider extending one of the following types with your repository: org.springframework.data.keyvalue.repository.KeyValueRepository
2026-06-05 10:45:56,305 [main] INFO  o.s.d.r.c.RepositoryConfigurationExtensionSupport  - Spring Data Redis - Could not safely identify store assignment for repository candidate interface cn.edu.sdu.java.server.repositorys.InnovationProjectRepository; If you want this repository to be a Redis repository, consider annotating your entities with one of these annotations: org.springframework.data.redis.core.RedisHash (preferred), or consider extending one of the following types with your repository: org.springframework.data.keyvalue.repository.KeyValueRepository
2026-06-05 10:45:56,305 [main] INFO  o.s.d.r.c.RepositoryConfigurationExtensionSupport  - Spring Data Redis - Could not safely identify store assignment for repository candidate interface cn.edu.sdu.java.server.repositorys.MenuInfoRepository; If you want this repository to be a Redis repository, consider annotating your entities with one of these annotations: org.springframework.data.redis.core.RedisHash (preferred), or consider extending one of the following types with your repository: org.springframework.data.keyvalue.repository.KeyValueRepository
2026-06-05 10:45:56,306 [main] INFO  o.s.d.r.c.RepositoryConfigurationExtensionSupport  - Spring Data Redis - Could not safely identify store assignment for repository candidate interface cn.edu.sdu.java.server.repositorys.ModifyLogRepository; If you want this repository to be a Redis repository, consider annotating your entities with one of these annotations: org.springframework.data.redis.core.RedisHash (preferred), or consider extending one of the following types with your repository: org.springframework.data.keyvalue.repository.KeyValueRepository
2026-06-05 10:45:56,307 [main] INFO  o.s.d.r.c.RepositoryConfigurationExtensionSupport  - Spring Data Redis - Could not safely identify store assignment for repository candidate interface cn.edu.sdu.java.server.repositorys.PersonRepository; If you want this repository to be a Redis repository, consider annotating your entities with one of these annotations: org.springframework.data.redis.core.RedisHash (preferred), or consider extending one of the following types with your repository: org.springframework.data.keyvalue.repository.KeyValueRepository
2026-06-05 10:45:56,308 [main] INFO  o.s.d.r.c.RepositoryConfigurationExtensionSupport  - Spring Data Redis - Could not safely identify store assignment for repository candidate interface cn.edu.sdu.java.server.repositorys.PunishmentRepository; If you want this repository to be a Redis repository, consider annotating your entities with one of these annotations: org.springframework.data.redis.core.RedisHash (preferred), or consider extending one of the following types with your repository: org.springframework.data.keyvalue.repository.KeyValueRepository
2026-06-05 10:45:56,308 [main] INFO  o.s.d.r.c.RepositoryConfigurationExtensionSupport  - Spring Data Redis - Could not safely identify store assignment for repository candidate interface cn.edu.sdu.java.server.repositorys.RequestLogRepository; If you want this repository to be a Redis repository, consider annotating your entities with one of these annotations: org.springframework.data.redis.core.RedisHash (preferred), or consider extending one of the following types with your repository: org.springframework.data.keyvalue.repository.KeyValueRepository
2026-06-05 10:45:56,308 [main] INFO  o.s.d.r.c.RepositoryConfigurationExtensionSupport  - Spring Data Redis - Could not safely identify store assignment for repository candidate interface cn.edu.sdu.java.server.repositorys.ScoreRepository; If you want this repository to be a Redis repository, consider annotating your entities with one of these annotations: org.springframework.data.redis.core.RedisHash (preferred), or consider extending one of the following types with your repository: org.springframework.data.keyvalue.repository.KeyValueRepository
2026-06-05 10:45:56,309 [main] INFO  o.s.d.r.c.RepositoryConfigurationExtensionSupport  - Spring Data Redis - Could not safely identify store assignment for repository candidate interface cn.edu.sdu.java.server.repositorys.SocialRelationRepository; If you want this repository to be a Redis repository, consider annotating your entities with one of these annotations: org.springframework.data.redis.core.RedisHash (preferred), or consider extending one of the following types with your repository: org.springframework.data.keyvalue.repository.KeyValueRepository
2026-06-05 10:45:56,309 [main] INFO  o.s.d.r.c.RepositoryConfigurationExtensionSupport  - Spring Data Redis - Could not safely identify store assignment for repository candidate interface cn.edu.sdu.java.server.repositorys.StatisticsDayRepository; If you want this repository to be a Redis repository, consider annotating your entities with one of these annotations: org.springframework.data.redis.core.RedisHash (preferred), or consider extending one of the following types with your repository: org.springframework.data.keyvalue.repository.KeyValueRepository
2026-06-05 10:45:56,309 [main] INFO  o.s.d.r.c.RepositoryConfigurationExtensionSupport  - Spring Data Redis - Could not safely identify store assignment for repository candidate interface cn.edu.sdu.java.server.repositorys.StudentExamScheduleRepository; If you want this repository to be a Redis repository, consider annotating your entities with one of these annotations: org.springframework.data.redis.core.RedisHash (preferred), or consider extending one of the following types with your repository: org.springframework.data.keyvalue.repository.KeyValueRepository
2026-06-05 10:45:56,309 [main] INFO  o.s.d.r.c.RepositoryConfigurationExtensionSupport  - Spring Data Redis - Could not safely identify store assignment for repository candidate interface cn.edu.sdu.java.server.repositorys.StudentLeaveRepository; If you want this repository to be a Redis repository, consider annotating your entities with one of these annotations: org.springframework.data.redis.core.RedisHash (preferred), or consider extending one of the following types with your repository: org.springframework.data.keyvalue.repository.KeyValueRepository
2026-06-05 10:45:56,310 [main] INFO  o.s.d.r.c.RepositoryConfigurationExtensionSupport  - Spring Data Redis - Could not safely identify store assignment for repository candidate interface cn.edu.sdu.java.server.repositorys.StudentRepository; If you want this repository to be a Redis repository, consider annotating your entities with one of these annotations: org.springframework.data.redis.core.RedisHash (preferred), or consider extending one of the following types with your repository: org.springframework.data.keyvalue.repository.KeyValueRepository
2026-06-05 10:45:56,310 [main] INFO  o.s.d.r.c.RepositoryConfigurationExtensionSupport  - Spring Data Redis - Could not safely identify store assignment for repository candidate interface cn.edu.sdu.java.server.repositorys.StudentStatisticsRepository; If you want this repository to be a Redis repository, consider annotating your entities with one of these annotations: org.springframework.data.redis.core.RedisHash (preferred), or consider extending one of the following types with your repository: org.springframework.data.keyvalue.repository.KeyValueRepository
2026-06-05 10:45:56,311 [main] INFO  o.s.d.r.c.RepositoryConfigurationExtensionSupport  - Spring Data Redis - Could not safely identify store assignment for repository candidate interface cn.edu.sdu.java.server.repositorys.SystemInfoRepository; If you want this repository to be a Redis repository, consider annotating your entities with one of these annotations: org.springframework.data.redis.core.RedisHash (preferred), or consider extending one of the following types with your repository: org.springframework.data.keyvalue.repository.KeyValueRepository
2026-06-05 10:45:56,311 [main] INFO  o.s.d.r.c.RepositoryConfigurationExtensionSupport  - Spring Data Redis - Could not safely identify store assignment for repository candidate interface cn.edu.sdu.java.server.repositorys.TeacherRepository; If you want this repository to be a Redis repository, consider annotating your entities with one of these annotations: org.springframework.data.redis.core.RedisHash (preferred), or consider extending one of the following types with your repository: org.springframework.data.keyvalue.repository.KeyValueRepository
2026-06-05 10:45:56,312 [main] INFO  o.s.d.r.c.RepositoryConfigurationExtensionSupport  - Spring Data Redis - Could not safely identify store assignment for repository candidate interface cn.edu.sdu.java.server.repositorys.UserRepository; If you want this repository to be a Redis repository, consider annotating your entities with one of these annotations: org.springframework.data.redis.core.RedisHash (preferred), or consider extending one of the following types with your repository: org.springframework.data.keyvalue.repository.KeyValueRepository
2026-06-05 10:45:56,312 [main] INFO  o.s.d.r.c.RepositoryConfigurationExtensionSupport  - Spring Data Redis - Could not safely identify store assignment for repository candidate interface cn.edu.sdu.java.server.repositorys.UserTypeRepository; If you want this repository to be a Redis repository, consider annotating your entities with one of these annotations: org.springframework.data.redis.core.RedisHash (preferred), or consider extending one of the following types with your repository: org.springframework.data.keyvalue.repository.KeyValueRepository
2026-06-05 10:45:56,312 [main] INFO  o.s.d.r.c.RepositoryConfigurationDelegate          - Finished Spring Data repository scanning in 22 ms. Found 0 Redis repository interfaces.
2026-06-05 10:45:57,396 [main] INFO  o.s.b.w.embedded.tomcat.TomcatWebServer            - Tomcat initialized with port 22223 (http)
2026-06-05 10:45:57,424 [main] INFO  o.apache.coyote.http11.Http11NioProtocol           - Initializing ProtocolHandler ["http-nio-22223"]
2026-06-05 10:45:57,428 [main] INFO  o.apache.catalina.core.StandardService             - Starting service [Tomcat]
2026-06-05 10:45:57,428 [main] INFO  org.apache.catalina.core.StandardEngine            - Starting Servlet engine: [Apache Tomcat/10.1.34]
2026-06-05 10:45:57,515 [main] INFO  o.a.c.c.C.[Tomcat].[localhost].[/]                 - Initializing Spring embedded WebApplicationContext
2026-06-05 10:45:57,516 [main] INFO  o.s.b.w.s.c.ServletWebServerApplicationContext     - Root WebApplicationContext: initialization completed in 2472 ms
2026-06-05 10:45:57,765 [main] INFO  o.hibernate.jpa.internal.util.LogHelper            - HHH000204: Processing PersistenceUnitInfo [name: default]
2026-06-05 10:45:57,877 [main] INFO  org.hibernate.Version                              - HHH000412: Hibernate ORM core version 6.6.5.Final
2026-06-05 10:45:57,977 [main] INFO  o.h.c.internal.RegionFactoryInitiator              - HHH000026: Second-level cache disabled
2026-06-05 10:45:58,253 [main] INFO  o.s.o.j.p.SpringPersistenceUnitInfo                - No LoadTimeWeaver setup: ignoring JPA class transformer
2026-06-05 10:45:58,275 [main] INFO  com.zaxxer.hikari.HikariDataSource                 - HikariPool-1 - Starting...
2026-06-05 10:46:02,945 [main] INFO  com.zaxxer.hikari.pool.HikariPool                  - HikariPool-1 - Added connection com.mysql.cj.jdbc.ConnectionImpl@57e57dc5
2026-06-05 10:46:02,947 [main] INFO  com.zaxxer.hikari.HikariDataSource                 - HikariPool-1 - Start completed.
2026-06-05 10:46:03,014 [main] INFO  org.hibernate.orm.connections.pooling              - HHH10001005: Database info:
	Database JDBC URL [Connecting through datasource 'HikariDataSource (HikariPool-1)']
	Database driver: undefined/unknown
	Database version: 8.0.35
	Autocommit mode: undefined/unknown
	Isolation level: undefined/unknown
	Minimum pool size: undefined/unknown
	Maximum pool size: undefined/unknown
2026-06-05 10:46:03,986 [main] INFO  o.h.e.t.j.p.i.JtaPlatformInitiator                 - HHH000489: No JTA platform available (set 'hibernate.transaction.jta.platform' to enable JTA platform integration)
2026-06-05 10:46:03,988 [main] INFO  o.s.o.j.LocalContainerEntityManagerFactoryBean     - Initialized JPA EntityManagerFactory for persistence unit 'default'
2026-06-05 10:46:04,476 [main] INFO  o.s.d.j.r.query.QueryEnhancerFactory               - Hibernate is in classpath; If applicable, HQL parser will be used.
2026-06-05 10:46:05,330 [main] WARN  o.s.b.a.o.j.JpaBaseConfiguration$JpaWebConfiguration - spring.jpa.open-in-view is enabled by default. Therefore, database queries may be performed during view rendering. Explicitly configure spring.jpa.open-in-view to disable this warning
2026-06-05 10:46:06,260 [main] INFO  o.s.s.c.a.a.c.InitializeAuthenticationProviderBeanManagerConfigurer$InitializeAuthenticationProviderManagerConfigurer - Global AuthenticationManager configured with AuthenticationProvider bean with name authenticationProvider
2026-06-05 10:46:06,261 [main] WARN  o.s.s.c.a.a.c.InitializeUserDetailsBeanManagerConfigurer$InitializeUserDetailsManagerConfigurer - Global AuthenticationManager configured with an AuthenticationProvider bean. UserDetailsService beans will not be used by Spring Security for automatically configuring username/password login. Consider removing the AuthenticationProvider bean. Alternatively, consider using the UserDetailsService in a manually instantiated DaoAuthenticationProvider. If the current configuration is intentional, to turn off this warning, increase the logging level of 'org.springframework.security.config.annotation.authentication.configuration.InitializeUserDetailsBeanManagerConfigurer' to ERROR
2026-06-05 10:46:07,128 [main] INFO  o.s.b.a.w.s.WelcomePageHandlerMapping              - Adding welcome page: class path resource [public/index.html]
2026-06-05 10:46:08,087 [main] INFO  o.apache.coyote.http11.Http11NioProtocol           - Starting ProtocolHandler ["http-nio-22223"]
2026-06-05 10:46:08,113 [main] INFO  o.s.b.w.embedded.tomcat.TomcatWebServer            - Tomcat started on port 22223 (http) with context path '/'
2026-06-05 10:46:08,122 [main] INFO  c.e.s.java.server.JavaServerApplication            - Started JavaServerApplication in 13.621 seconds (process running for 13.909)
2026-06-05 10:46:08,127 [main] INFO  c.e.s.j.server.SystemApplicationListener           - org.springframework.boot.context.event.ApplicationReadyEvent[source=org.springframework.boot.SpringApplication@c2efa73]
2026-06-05 10:46:08,128 [main] INFO  c.e.s.j.server.SystemApplicationListener           - SystemInitStart
2026-06-05 10:46:08,261 [main] INFO  c.e.s.java.server.services.SystemService           - System config loaded, 0 items
2026-06-05 10:46:08,261 [main] INFO  c.e.s.j.server.SystemApplicationListener           - systemInitEnd
2026-06-05 10:46:51,541 [http-nio-22223-exec-1] INFO  o.a.c.c.C.[Tomcat].[localhost].[/]                 - Initializing Spring DispatcherServlet 'dispatcherServlet'
2026-06-05 10:46:51,542 [http-nio-22223-exec-1] INFO  o.s.web.servlet.DispatcherServlet                  - Initializing Servlet 'dispatcherServlet'
2026-06-05 10:46:51,543 [http-nio-22223-exec-1] INFO  o.s.web.servlet.DispatcherServlet                  - Completed initialization in 1 ms
2026-06-05 10:46:52,248 [http-nio-22223-exec-2] INFO  c.e.s.j.s.c.JwtAuthenticationFilter                - /api/base/getDataBaseUserName,admin,2026-06-05 10:46:52,0.138
2026-06-05 10:46:52,673 [http-nio-22223-exec-3] INFO  c.e.s.j.s.c.JwtAuthenticationFilter                - /api/base/getMenuList,admin,2026-06-05 10:46:52,0.333
2026-06-05 10:47:11,915 [http-nio-22223-exec-4] INFO  c.e.s.j.s.c.JwtAuthenticationFilter                - /api/student/getConsumptionList,admin,2026-06-05 10:47:11,0.342
2026-06-05 10:47:12,285 [http-nio-22223-exec-5] INFO  c.e.s.j.s.c.JwtAuthenticationFilter                - /api/student/getMonthlyConsumptionTrend,admin,2026-06-05 10:47:12,0.266
2026-06-05 10:47:15,216 [http-nio-22223-exec-6] INFO  c.e.s.j.s.c.JwtAuthenticationFilter                - /api/student/getMonthlyConsumptionStats,admin,2026-06-05 10:47:14,0.26
2026-06-05 10:47:23,836 [http-nio-22223-exec-7] INFO  c.e.s.j.s.c.JwtAuthenticationFilter                - /api/student/getStudentList,admin,2026-06-05 10:47:23,0.155
2026-06-05 10:47:24,180 [http-nio-22223-exec-8] INFO  c.e.s.j.s.c.JwtAuthenticationFilter                - /api/student/getConsumptionList,admin,2026-06-05 10:47:23,0.224
2026-06-05 10:47:26,060 [http-nio-22223-exec-9] INFO  c.e.s.j.s.c.JwtAuthenticationFilter                - /api/student/getMonthlyConsumptionStats,admin,2026-06-05 10:47:25,0.156
2026-06-05 10:47:35,123 [http-nio-22223-exec-10] INFO  c.e.s.j.s.c.JwtAuthenticationFilter                - /api/student/getMonthlyConsumptionStats,admin,2026-06-05 10:47:34,0.3
2026-06-05 10:47:45,253 [http-nio-22223-exec-1] INFO  c.e.s.j.s.c.JwtAuthenticationFilter                - /api/student/getStudentList,admin,2026-06-05 10:47:45,0.206
2026-06-05 10:47:45,701 [http-nio-22223-exec-2] INFO  c.e.s.j.s.c.JwtAuthenticationFilter                - /api/student/getConsumptionList,admin,2026-06-05 10:47:45,0.326
2026-06-05 10:47:46,035 [http-nio-22223-exec-3] INFO  c.e.s.j.s.c.JwtAuthenticationFilter                - /api/student/getStudentList,admin,2026-06-05 10:47:45,0.184
2026-06-05 10:47:46,336 [http-nio-22223-exec-4] INFO  c.e.s.j.s.c.JwtAuthenticationFilter                - /api/student/getConsumptionList,admin,2026-06-05 10:47:46,0.177
2026-06-05 10:58:42,479 [background-preinit] INFO  o.h.validator.internal.util.Version                - HV000001: Hibernate Validator 8.0.2.Final
2026-06-05 10:58:42,542 [main] INFO  c.e.s.java.server.JavaServerApplication            - Starting JavaServerApplication using Java 21.0.5 with PID 10476 (D:\JavaProject\server\target\classes started by Xinbin in D:\JavaProject\server)
2026-06-05 10:58:42,543 [main] INFO  c.e.s.java.server.JavaServerApplication            - No active profile set, falling back to 1 default profile: "default"
2026-06-05 10:58:43,576 [main] INFO  o.s.d.r.c.RepositoryConfigurationDelegate          - Multiple Spring Data modules found, entering strict repository configuration mode
2026-06-05 10:58:43,584 [main] INFO  o.s.d.r.c.RepositoryConfigurationDelegate          - Bootstrapping Spring Data JPA repositories in DEFAULT mode.
2026-06-05 10:58:43,759 [main] INFO  o.s.d.r.c.RepositoryConfigurationDelegate          - Finished Spring Data repository scanning in 163 ms. Found 32 JPA repository interfaces.
2026-06-05 10:58:43,786 [main] INFO  o.s.d.r.c.RepositoryConfigurationDelegate          - Multiple Spring Data modules found, entering strict repository configuration mode
2026-06-05 10:58:43,787 [main] INFO  o.s.d.r.c.RepositoryConfigurationDelegate          - Bootstrapping Spring Data Redis repositories in DEFAULT mode.
2026-06-05 10:58:43,802 [main] INFO  o.s.d.r.c.RepositoryConfigurationExtensionSupport  - Spring Data Redis - Could not safely identify store assignment for repository candidate interface cn.edu.sdu.java.server.repositorys.ApprovalRecordRepository; If you want this repository to be a Redis repository, consider annotating your entities with one of these annotations: org.springframework.data.redis.core.RedisHash (preferred), or consider extending one of the following types with your repository: org.springframework.data.keyvalue.repository.KeyValueRepository
2026-06-05 10:58:43,802 [main] INFO  o.s.d.r.c.RepositoryConfigurationExtensionSupport  - Spring Data Redis - Could not safely identify store assignment for repository candidate interface cn.edu.sdu.java.server.repositorys.AttendanceRepository; If you want this repository to be a Redis repository, consider annotating your entities with one of these annotations: org.springframework.data.redis.core.RedisHash (preferred), or consider extending one of the following types with your repository: org.springframework.data.keyvalue.repository.KeyValueRepository
2026-06-05 10:58:43,802 [main] INFO  o.s.d.r.c.RepositoryConfigurationExtensionSupport  - Spring Data Redis - Could not safely identify store assignment for repository candidate interface cn.edu.sdu.java.server.repositorys.CourseMaterialRepository; If you want this repository to be a Redis repository, consider annotating your entities with one of these annotations: org.springframework.data.redis.core.RedisHash (preferred), or consider extending one of the following types with your repository: org.springframework.data.keyvalue.repository.KeyValueRepository
2026-06-05 10:58:43,803 [main] INFO  o.s.d.r.c.RepositoryConfigurationExtensionSupport  - Spring Data Redis - Could not safely identify store assignment for repository candidate interface cn.edu.sdu.java.server.repositorys.CourseRepository; If you want this repository to be a Redis repository, consider annotating your entities with one of these annotations: org.springframework.data.redis.core.RedisHash (preferred), or consider extending one of the following types with your repository: org.springframework.data.keyvalue.repository.KeyValueRepository
2026-06-05 10:58:43,803 [main] INFO  o.s.d.r.c.RepositoryConfigurationExtensionSupport  - Spring Data Redis - Could not safely identify store assignment for repository candidate interface cn.edu.sdu.java.server.repositorys.CourseSelectionRepository; If you want this repository to be a Redis repository, consider annotating your entities with one of these annotations: org.springframework.data.redis.core.RedisHash (preferred), or consider extending one of the following types with your repository: org.springframework.data.keyvalue.repository.KeyValueRepository
2026-06-05 10:58:43,803 [main] INFO  o.s.d.r.c.RepositoryConfigurationExtensionSupport  - Spring Data Redis - Could not safely identify store assignment for repository candidate interface cn.edu.sdu.java.server.repositorys.CourseTeachingRepository; If you want this repository to be a Redis repository, consider annotating your entities with one of these annotations: org.springframework.data.redis.core.RedisHash (preferred), or consider extending one of the following types with your repository: org.springframework.data.keyvalue.repository.KeyValueRepository
2026-06-05 10:58:43,804 [main] INFO  o.s.d.r.c.RepositoryConfigurationExtensionSupport  - Spring Data Redis - Could not safely identify store assignment for repository candidate interface cn.edu.sdu.java.server.repositorys.DailyActivityRepository; If you want this repository to be a Redis repository, consider annotating your entities with one of these annotations: org.springframework.data.redis.core.RedisHash (preferred), or consider extending one of the following types with your repository: org.springframework.data.keyvalue.repository.KeyValueRepository
2026-06-05 10:58:43,804 [main] INFO  o.s.d.r.c.RepositoryConfigurationExtensionSupport  - Spring Data Redis - Could not safely identify store assignment for repository candidate interface cn.edu.sdu.java.server.repositorys.DevelopmentRepository; If you want this repository to be a Redis repository, consider annotating your entities with one of these annotations: org.springframework.data.redis.core.RedisHash (preferred), or consider extending one of the following types with your repository: org.springframework.data.keyvalue.repository.KeyValueRepository
2026-06-05 10:58:43,804 [main] INFO  o.s.d.r.c.RepositoryConfigurationExtensionSupport  - Spring Data Redis - Could not safely identify store assignment for repository candidate interface cn.edu.sdu.java.server.repositorys.DictionaryInfoRepository; If you want this repository to be a Redis repository, consider annotating your entities with one of these annotations: org.springframework.data.redis.core.RedisHash (preferred), or consider extending one of the following types with your repository: org.springframework.data.keyvalue.repository.KeyValueRepository
2026-06-05 10:58:43,805 [main] INFO  o.s.d.r.c.RepositoryConfigurationExtensionSupport  - Spring Data Redis - Could not safely identify store assignment for repository candidate interface cn.edu.sdu.java.server.repositorys.ExamScheduleRepository; If you want this repository to be a Redis repository, consider annotating your entities with one of these annotations: org.springframework.data.redis.core.RedisHash (preferred), or consider extending one of the following types with your repository: org.springframework.data.keyvalue.repository.KeyValueRepository
2026-06-05 10:58:43,805 [main] INFO  o.s.d.r.c.RepositoryConfigurationExtensionSupport  - Spring Data Redis - Could not safely identify store assignment for repository candidate interface cn.edu.sdu.java.server.repositorys.FamilyMemberRepository; If you want this repository to be a Redis repository, consider annotating your entities with one of these annotations: org.springframework.data.redis.core.RedisHash (preferred), or consider extending one of the following types with your repository: org.springframework.data.keyvalue.repository.KeyValueRepository
2026-06-05 10:58:43,805 [main] INFO  o.s.d.r.c.RepositoryConfigurationExtensionSupport  - Spring Data Redis - Could not safely identify store assignment for repository candidate interface cn.edu.sdu.java.server.repositorys.FeeRepository; If you want this repository to be a Redis repository, consider annotating your entities with one of these annotations: org.springframework.data.redis.core.RedisHash (preferred), or consider extending one of the following types with your repository: org.springframework.data.keyvalue.repository.KeyValueRepository
2026-06-05 10:58:43,806 [main] INFO  o.s.d.r.c.RepositoryConfigurationExtensionSupport  - Spring Data Redis - Could not safely identify store assignment for repository candidate interface cn.edu.sdu.java.server.repositorys.HomeworkRepository; If you want this repository to be a Redis repository, consider annotating your entities with one of these annotations: org.springframework.data.redis.core.RedisHash (preferred), or consider extending one of the following types with your repository: org.springframework.data.keyvalue.repository.KeyValueRepository
2026-06-05 10:58:43,806 [main] INFO  o.s.d.r.c.RepositoryConfigurationExtensionSupport  - Spring Data Redis - Could not safely identify store assignment for repository candidate interface cn.edu.sdu.java.server.repositorys.HomeworkSubmissionRepository; If you want this repository to be a Redis repository, consider annotating your entities with one of these annotations: org.springframework.data.redis.core.RedisHash (preferred), or consider extending one of the following types with your repository: org.springframework.data.keyvalue.repository.KeyValueRepository
2026-06-05 10:58:43,806 [main] INFO  o.s.d.r.c.RepositoryConfigurationExtensionSupport  - Spring Data Redis - Could not safely identify store assignment for repository candidate interface cn.edu.sdu.java.server.repositorys.HonorRepository; If you want this repository to be a Redis repository, consider annotating your entities with one of these annotations: org.springframework.data.redis.core.RedisHash (preferred), or consider extending one of the following types with your repository: org.springframework.data.keyvalue.repository.KeyValueRepository
2026-06-05 10:58:43,807 [main] INFO  o.s.d.r.c.RepositoryConfigurationExtensionSupport  - Spring Data Redis - Could not safely identify store assignment for repository candidate interface cn.edu.sdu.java.server.repositorys.InnovationProjectRepository; If you want this repository to be a Redis repository, consider annotating your entities with one of these annotations: org.springframework.data.redis.core.RedisHash (preferred), or consider extending one of the following types with your repository: org.springframework.data.keyvalue.repository.KeyValueRepository
2026-06-05 10:58:43,807 [main] INFO  o.s.d.r.c.RepositoryConfigurationExtensionSupport  - Spring Data Redis - Could not safely identify store assignment for repository candidate interface cn.edu.sdu.java.server.repositorys.MenuInfoRepository; If you want this repository to be a Redis repository, consider annotating your entities with one of these annotations: org.springframework.data.redis.core.RedisHash (preferred), or consider extending one of the following types with your repository: org.springframework.data.keyvalue.repository.KeyValueRepository
2026-06-05 10:58:43,807 [main] INFO  o.s.d.r.c.RepositoryConfigurationExtensionSupport  - Spring Data Redis - Could not safely identify store assignment for repository candidate interface cn.edu.sdu.java.server.repositorys.ModifyLogRepository; If you want this repository to be a Redis repository, consider annotating your entities with one of these annotations: org.springframework.data.redis.core.RedisHash (preferred), or consider extending one of the following types with your repository: org.springframework.data.keyvalue.repository.KeyValueRepository
2026-06-05 10:58:43,808 [main] INFO  o.s.d.r.c.RepositoryConfigurationExtensionSupport  - Spring Data Redis - Could not safely identify store assignment for repository candidate interface cn.edu.sdu.java.server.repositorys.PersonRepository; If you want this repository to be a Redis repository, consider annotating your entities with one of these annotations: org.springframework.data.redis.core.RedisHash (preferred), or consider extending one of the following types with your repository: org.springframework.data.keyvalue.repository.KeyValueRepository
2026-06-05 10:58:43,809 [main] INFO  o.s.d.r.c.RepositoryConfigurationExtensionSupport  - Spring Data Redis - Could not safely identify store assignment for repository candidate interface cn.edu.sdu.java.server.repositorys.PunishmentRepository; If you want this repository to be a Redis repository, consider annotating your entities with one of these annotations: org.springframework.data.redis.core.RedisHash (preferred), or consider extending one of the following types with your repository: org.springframework.data.keyvalue.repository.KeyValueRepository
2026-06-05 10:58:43,810 [main] INFO  o.s.d.r.c.RepositoryConfigurationExtensionSupport  - Spring Data Redis - Could not safely identify store assignment for repository candidate interface cn.edu.sdu.java.server.repositorys.RequestLogRepository; If you want this repository to be a Redis repository, consider annotating your entities with one of these annotations: org.springframework.data.redis.core.RedisHash (preferred), or consider extending one of the following types with your repository: org.springframework.data.keyvalue.repository.KeyValueRepository
2026-06-05 10:58:43,811 [main] INFO  o.s.d.r.c.RepositoryConfigurationExtensionSupport  - Spring Data Redis - Could not safely identify store assignment for repository candidate interface cn.edu.sdu.java.server.repositorys.ScoreRepository; If you want this repository to be a Redis repository, consider annotating your entities with one of these annotations: org.springframework.data.redis.core.RedisHash (preferred), or consider extending one of the following types with your repository: org.springframework.data.keyvalue.repository.KeyValueRepository
2026-06-05 10:58:43,812 [main] INFO  o.s.d.r.c.RepositoryConfigurationExtensionSupport  - Spring Data Redis - Could not safely identify store assignment for repository candidate interface cn.edu.sdu.java.server.repositorys.SocialRelationRepository; If you want this repository to be a Redis repository, consider annotating your entities with one of these annotations: org.springframework.data.redis.core.RedisHash (preferred), or consider extending one of the following types with your repository: org.springframework.data.keyvalue.repository.KeyValueRepository
2026-06-05 10:58:43,812 [main] INFO  o.s.d.r.c.RepositoryConfigurationExtensionSupport  - Spring Data Redis - Could not safely identify store assignment for repository candidate interface cn.edu.sdu.java.server.repositorys.StatisticsDayRepository; If you want this repository to be a Redis repository, consider annotating your entities with one of these annotations: org.springframework.data.redis.core.RedisHash (preferred), or consider extending one of the following types with your repository: org.springframework.data.keyvalue.repository.KeyValueRepository
2026-06-05 10:58:43,812 [main] INFO  o.s.d.r.c.RepositoryConfigurationExtensionSupport  - Spring Data Redis - Could not safely identify store assignment for repository candidate interface cn.edu.sdu.java.server.repositorys.StudentExamScheduleRepository; If you want this repository to be a Redis repository, consider annotating your entities with one of these annotations: org.springframework.data.redis.core.RedisHash (preferred), or consider extending one of the following types with your repository: org.springframework.data.keyvalue.repository.KeyValueRepository
2026-06-05 10:58:43,813 [main] INFO  o.s.d.r.c.RepositoryConfigurationExtensionSupport  - Spring Data Redis - Could not safely identify store assignment for repository candidate interface cn.edu.sdu.java.server.repositorys.StudentLeaveRepository; If you want this repository to be a Redis repository, consider annotating your entities with one of these annotations: org.springframework.data.redis.core.RedisHash (preferred), or consider extending one of the following types with your repository: org.springframework.data.keyvalue.repository.KeyValueRepository
2026-06-05 10:58:43,813 [main] INFO  o.s.d.r.c.RepositoryConfigurationExtensionSupport  - Spring Data Redis - Could not safely identify store assignment for repository candidate interface cn.edu.sdu.java.server.repositorys.StudentRepository; If you want this repository to be a Redis repository, consider annotating your entities with one of these annotations: org.springframework.data.redis.core.RedisHash (preferred), or consider extending one of the following types with your repository: org.springframework.data.keyvalue.repository.KeyValueRepository
2026-06-05 10:58:43,813 [main] INFO  o.s.d.r.c.RepositoryConfigurationExtensionSupport  - Spring Data Redis - Could not safely identify store assignment for repository candidate interface cn.edu.sdu.java.server.repositorys.StudentStatisticsRepository; If you want this repository to be a Redis repository, consider annotating your entities with one of these annotations: org.springframework.data.redis.core.RedisHash (preferred), or consider extending one of the following types with your repository: org.springframework.data.keyvalue.repository.KeyValueRepository
2026-06-05 10:58:43,814 [main] INFO  o.s.d.r.c.RepositoryConfigurationExtensionSupport  - Spring Data Redis - Could not safely identify store assignment for repository candidate interface cn.edu.sdu.java.server.repositorys.SystemInfoRepository; If you want this repository to be a Redis repository, consider annotating your entities with one of these annotations: org.springframework.data.redis.core.RedisHash (preferred), or consider extending one of the following types with your repository: org.springframework.data.keyvalue.repository.KeyValueRepository
2026-06-05 10:58:43,814 [main] INFO  o.s.d.r.c.RepositoryConfigurationExtensionSupport  - Spring Data Redis - Could not safely identify store assignment for repository candidate interface cn.edu.sdu.java.server.repositorys.TeacherRepository; If you want this repository to be a Redis repository, consider annotating your entities with one of these annotations: org.springframework.data.redis.core.RedisHash (preferred), or consider extending one of the following types with your repository: org.springframework.data.keyvalue.repository.KeyValueRepository
2026-06-05 10:58:43,815 [main] INFO  o.s.d.r.c.RepositoryConfigurationExtensionSupport  - Spring Data Redis - Could not safely identify store assignment for repository candidate interface cn.edu.sdu.java.server.repositorys.UserRepository; If you want this repository to be a Redis repository, consider annotating your entities with one of these annotations: org.springframework.data.redis.core.RedisHash (preferred), or consider extending one of the following types with your repository: org.springframework.data.keyvalue.repository.KeyValueRepository
2026-06-05 10:58:43,815 [main] INFO  o.s.d.r.c.RepositoryConfigurationExtensionSupport  - Spring Data Redis - Could not safely identify store assignment for repository candidate interface cn.edu.sdu.java.server.repositorys.UserTypeRepository; If you want this repository to be a Redis repository, consider annotating your entities with one of these annotations: org.springframework.data.redis.core.RedisHash (preferred), or consider extending one of the following types with your repository: org.springframework.data.keyvalue.repository.KeyValueRepository
2026-06-05 10:58:43,815 [main] INFO  o.s.d.r.c.RepositoryConfigurationDelegate          - Finished Spring Data repository scanning in 21 ms. Found 0 Redis repository interfaces.
2026-06-05 10:58:44,905 [main] INFO  o.s.b.w.embedded.tomcat.TomcatWebServer            - Tomcat initialized with port 22223 (http)
2026-06-05 10:58:44,933 [main] INFO  o.apache.coyote.http11.Http11NioProtocol           - Initializing ProtocolHandler ["http-nio-22223"]
2026-06-05 10:58:44,940 [main] INFO  o.apache.catalina.core.StandardService             - Starting service [Tomcat]
2026-06-05 10:58:44,941 [main] INFO  org.apache.catalina.core.StandardEngine            - Starting Servlet engine: [Apache Tomcat/10.1.34]
2026-06-05 10:58:45,050 [main] INFO  o.a.c.c.C.[Tomcat].[localhost].[/]                 - Initializing Spring embedded WebApplicationContext
2026-06-05 10:58:45,051 [main] INFO  o.s.b.w.s.c.ServletWebServerApplicationContext     - Root WebApplicationContext: initialization completed in 2475 ms
2026-06-05 10:58:45,341 [main] INFO  o.hibernate.jpa.internal.util.LogHelper            - HHH000204: Processing PersistenceUnitInfo [name: default]
2026-06-05 10:58:45,443 [main] INFO  org.hibernate.Version                              - HHH000412: Hibernate ORM core version 6.6.5.Final
2026-06-05 10:58:45,529 [main] INFO  o.h.c.internal.RegionFactoryInitiator              - HHH000026: Second-level cache disabled
2026-06-05 10:58:45,870 [main] INFO  o.s.o.j.p.SpringPersistenceUnitInfo                - No LoadTimeWeaver setup: ignoring JPA class transformer
2026-06-05 10:58:45,901 [main] INFO  com.zaxxer.hikari.HikariDataSource                 - HikariPool-1 - Starting...
2026-06-05 10:58:50,617 [main] INFO  com.zaxxer.hikari.pool.HikariPool                  - HikariPool-1 - Added connection com.mysql.cj.jdbc.ConnectionImpl@3d2eb7fa
2026-06-05 10:58:50,618 [main] INFO  com.zaxxer.hikari.HikariDataSource                 - HikariPool-1 - Start completed.
2026-06-05 10:58:50,691 [main] INFO  org.hibernate.orm.connections.pooling              - HHH10001005: Database info:
	Database JDBC URL [Connecting through datasource 'HikariDataSource (HikariPool-1)']
	Database driver: undefined/unknown
	Database version: 8.0.35
	Autocommit mode: undefined/unknown
	Isolation level: undefined/unknown
	Minimum pool size: undefined/unknown
	Maximum pool size: undefined/unknown
2026-06-05 10:58:51,749 [main] INFO  o.h.e.t.j.p.i.JtaPlatformInitiator                 - HHH000489: No JTA platform available (set 'hibernate.transaction.jta.platform' to enable JTA platform integration)
2026-06-05 10:58:51,752 [main] INFO  o.s.o.j.LocalContainerEntityManagerFactoryBean     - Initialized JPA EntityManagerFactory for persistence unit 'default'
2026-06-05 10:58:52,192 [main] INFO  o.s.d.j.r.query.QueryEnhancerFactory               - Hibernate is in classpath; If applicable, HQL parser will be used.
2026-06-05 10:58:53,193 [main] WARN  o.s.b.a.o.j.JpaBaseConfiguration$JpaWebConfiguration - spring.jpa.open-in-view is enabled by default. Therefore, database queries may be performed during view rendering. Explicitly configure spring.jpa.open-in-view to disable this warning
2026-06-05 10:58:54,243 [main] INFO  o.s.s.c.a.a.c.InitializeAuthenticationProviderBeanManagerConfigurer$InitializeAuthenticationProviderManagerConfigurer - Global AuthenticationManager configured with AuthenticationProvider bean with name authenticationProvider
2026-06-05 10:58:54,244 [main] WARN  o.s.s.c.a.a.c.InitializeUserDetailsBeanManagerConfigurer$InitializeUserDetailsManagerConfigurer - Global AuthenticationManager configured with an AuthenticationProvider bean. UserDetailsService beans will not be used by Spring Security for automatically configuring username/password login. Consider removing the AuthenticationProvider bean. Alternatively, consider using the UserDetailsService in a manually instantiated DaoAuthenticationProvider. If the current configuration is intentional, to turn off this warning, increase the logging level of 'org.springframework.security.config.annotation.authentication.configuration.InitializeUserDetailsBeanManagerConfigurer' to ERROR
2026-06-05 10:58:55,187 [main] INFO  o.s.b.a.w.s.WelcomePageHandlerMapping              - Adding welcome page: class path resource [public/index.html]
2026-06-05 10:58:56,355 [main] INFO  o.apache.coyote.http11.Http11NioProtocol           - Starting ProtocolHandler ["http-nio-22223"]
2026-06-05 10:58:56,384 [main] INFO  o.s.b.w.embedded.tomcat.TomcatWebServer            - Tomcat started on port 22223 (http) with context path '/'
2026-06-05 10:58:56,394 [main] INFO  c.e.s.java.server.JavaServerApplication            - Started JavaServerApplication in 14.431 seconds (process running for 14.773)
2026-06-05 10:58:56,401 [main] INFO  c.e.s.j.server.SystemApplicationListener           - org.springframework.boot.context.event.ApplicationReadyEvent[source=org.springframework.boot.SpringApplication@26a1abb8]
2026-06-05 10:58:56,401 [main] INFO  c.e.s.j.server.SystemApplicationListener           - SystemInitStart
2026-06-05 10:58:56,551 [main] INFO  c.e.s.java.server.services.SystemService           - System config loaded, 0 items
2026-06-05 10:58:56,551 [main] INFO  c.e.s.j.server.SystemApplicationListener           - systemInitEnd
2026-06-05 10:59:19,230 [http-nio-22223-exec-1] INFO  o.a.c.c.C.[Tomcat].[localhost].[/]                 - Initializing Spring DispatcherServlet 'dispatcherServlet'
2026-06-05 10:59:19,230 [http-nio-22223-exec-1] INFO  o.s.web.servlet.DispatcherServlet                  - Initializing Servlet 'dispatcherServlet'
2026-06-05 10:59:19,231 [http-nio-22223-exec-1] INFO  o.s.web.servlet.DispatcherServlet                  - Completed initialization in 1 ms
2026-06-05 10:59:19,998 [http-nio-22223-exec-2] INFO  c.e.s.j.s.c.JwtAuthenticationFilter                - /api/base/getDataBaseUserName,admin,2026-06-05 10:59:19,0.144
2026-06-05 10:59:20,408 [http-nio-22223-exec-3] INFO  c.e.s.j.s.c.JwtAuthenticationFilter                - /api/base/getMenuList,admin,2026-06-05 10:59:20,0.317
2026-06-05 10:59:22,768 [http-nio-22223-exec-4] INFO  c.e.s.j.s.c.JwtAuthenticationFilter                - /api/student/getConsumptionList,admin,2026-06-05 10:59:22,0.178
2026-06-05 10:59:22,973 [http-nio-22223-exec-5] INFO  c.e.s.j.s.c.JwtAuthenticationFilter                - /api/student/getMonthlyConsumptionTrend,admin,2026-06-05 10:59:22,0.115
2026-06-05 10:59:27,485 [http-nio-22223-exec-6] INFO  c.e.s.j.s.c.JwtAuthenticationFilter                - /api/student/getStudentList,admin,2026-06-05 10:59:27,0.138
2026-06-05 10:59:27,711 [http-nio-22223-exec-7] INFO  c.e.s.j.s.c.JwtAuthenticationFilter                - /api/student/getConsumptionList,admin,2026-06-05 10:59:27,0.132
2026-06-05 10:59:28,047 [http-nio-22223-exec-8] INFO  c.e.s.j.s.c.JwtAuthenticationFilter                - /api/student/getMonthlyConsumptionTrend,admin,2026-06-05 10:59:27,0.25
2026-06-05 10:59:31,132 [http-nio-22223-exec-9] INFO  c.e.s.j.s.c.JwtAuthenticationFilter                - /api/honor/getDailyActivityList,admin,2026-06-05 10:59:30,0.145
2026-06-05 10:59:31,423 [http-nio-22223-exec-10] INFO  c.e.s.j.s.c.JwtAuthenticationFilter                - /api/student/getStudentByIds,admin,2026-06-05 10:59:31,0.181
2026-06-05 10:59:40,072 [http-nio-22223-exec-1] INFO  c.e.s.j.s.c.JwtAuthenticationFilter                - /api/honor/getDailyActivityList,admin,2026-06-05 10:59:39,0.171
2026-06-05 10:59:40,356 [http-nio-22223-exec-2] INFO  c.e.s.j.s.c.JwtAuthenticationFilter                - /api/student/getStudentByIds,admin,2026-06-05 10:59:40,0.165
2026-06-05 10:59:40,850 [http-nio-22223-exec-3] INFO  c.e.s.j.s.c.JwtAuthenticationFilter                - /api/honor/getDailyActivityList,admin,2026-06-05 10:59:40,0.147
2026-06-05 10:59:41,150 [http-nio-22223-exec-4] INFO  c.e.s.j.s.c.JwtAuthenticationFilter                - /api/student/getStudentByIds,admin,2026-06-05 10:59:40,0.189
2026-06-05 10:59:47,606 [http-nio-22223-exec-5] INFO  c.e.s.j.s.c.JwtAuthenticationFilter                - /api/student/getStudentList,admin,2026-06-05 10:59:47,0.217
2026-06-05 10:59:47,910 [http-nio-22223-exec-6] INFO  c.e.s.j.s.c.JwtAuthenticationFilter                - /api/base/getDictionaryOptionItemList,admin,2026-06-05 10:59:47,0.183
2026-06-05 10:59:50,391 [http-nio-22223-exec-7] INFO  c.e.s.j.s.c.JwtAuthenticationFilter                - /api/student/getStudentInfo,admin,2026-06-05 10:59:50,0.133
2026-06-05 10:59:50,706 [http-nio-22223-exec-8] INFO  c.e.s.j.s.c.JwtAuthenticationFilter                - /api/base/getBlobByteData,admin,2026-06-05 10:59:50,0.16
2026-06-05 10:59:57,339 [http-nio-22223-exec-9] INFO  c.e.s.j.s.c.JwtAuthenticationFilter                - /api/base/getDictionaryOptionItemList,admin,2026-06-05 10:59:57,0.13
2026-06-05 10:59:57,622 [http-nio-22223-exec-10] INFO  c.e.s.j.s.c.JwtAuthenticationFilter                - /api/teacher/getTeacherList,admin,2026-06-05 10:59:57,0.163
2026-06-05 10:59:59,039 [http-nio-22223-exec-1] INFO  c.e.s.j.s.c.JwtAuthenticationFilter                - /api/base/getBlobByteData,admin,2026-06-05 10:59:58,0.132
2026-06-05 10:59:59,714 [http-nio-22223-exec-2] INFO  c.e.s.j.s.c.JwtAuthenticationFilter                - /api/base/getBlobByteData,admin,2026-06-05 10:59:59,0.127
2026-06-05 11:00:05,628 [http-nio-22223-exec-3] INFO  c.e.s.j.s.c.JwtAuthenticationFilter                - /api/course/getCourseList,admin,2026-06-05 11:00:05,0.187
2026-06-05 11:00:07,227 [http-nio-22223-exec-4] INFO  c.e.s.j.s.c.JwtAuthenticationFilter                - /api/score/getScoreList,admin,2026-06-05 11:00:06,0.283
2026-06-05 11:00:07,974 [http-nio-22223-exec-5] INFO  c.e.s.j.s.c.JwtAuthenticationFilter                - /api/score/getScoreList,admin,2026-06-05 11:00:07,0.228
2026-06-05 11:00:08,663 [http-nio-22223-exec-6] INFO  c.e.s.j.s.c.JwtAuthenticationFilter                - /api/score/getScoreList,admin,2026-06-05 11:00:08,0.122
2026-06-05 11:00:09,816 [http-nio-22223-exec-7] INFO  c.e.s.j.s.c.JwtAuthenticationFilter                - /api/score/getScoreList,admin,2026-06-05 11:00:09,0.146
2026-06-05 11:00:10,534 [http-nio-22223-exec-8] INFO  c.e.s.j.s.c.JwtAuthenticationFilter                - /api/score/getStudentItemOptionList,admin,2026-06-05 11:00:10,0.255
2026-06-05 11:00:10,783 [http-nio-22223-exec-9] INFO  c.e.s.j.s.c.JwtAuthenticationFilter                - /api/score/getCourseItemOptionList,admin,2026-06-05 11:00:10,0.15
2026-06-05 11:00:11,043 [http-nio-22223-exec-10] INFO  c.e.s.j.s.c.JwtAuthenticationFilter                - /api/score/getScoreList,admin,2026-06-05 11:00:10,0.165
2026-06-05 11:00:16,157 [http-nio-22223-exec-1] INFO  c.e.s.j.s.c.JwtAuthenticationFilter                - /api/exam/getCourseOptionList,admin,2026-06-05 11:00:15,0.18
2026-06-05 11:00:16,571 [http-nio-22223-exec-2] INFO  c.e.s.j.s.c.JwtAuthenticationFilter                - /api/score/getStudentItemOptionList,admin,2026-06-05 11:00:16,0.3
2026-06-05 11:00:16,816 [http-nio-22223-exec-3] INFO  c.e.s.j.s.c.JwtAuthenticationFilter                - /api/exam/getTeacherOptionList,admin,2026-06-05 11:00:16,0.161
2026-06-05 11:00:17,058 [http-nio-22223-exec-4] INFO  c.e.s.j.s.c.JwtAuthenticationFilter                - /api/exam/getExamScheduleList,admin,2026-06-05 11:00:16,0.129
2026-06-05 11:00:18,523 [http-nio-22223-exec-5] INFO  c.e.s.j.s.services.CourseTeachingService           - [getTeacherCourseList] 接收到请求，teacherId=null, keyword=null
2026-06-05 11:00:18,523 [http-nio-22223-exec-5] ERROR c.e.s.j.s.services.CourseTeachingService           - [getTeacherCourseList] 教师ID不能为空
2026-06-05 11:00:18,614 [http-nio-22223-exec-5] INFO  c.e.s.j.s.c.JwtAuthenticationFilter                - /api/courseTeaching/getTeacherCourseList,admin,2026-06-05 11:00:18,0.137
2026-06-05 11:00:18,778 [http-nio-22223-exec-6] INFO  c.e.s.j.s.c.JwtAuthenticationFilter                - /api/homework/getHomeworkList,admin,2026-06-05 11:00:18,0.299
2026-06-05 11:00:18,824 [http-nio-22223-exec-7] INFO  c.e.s.j.s.c.JwtAuthenticationFilter                - /api/homework/getHomeworkList,admin,2026-06-05 11:00:18,0.342
2026-06-05 11:00:21,574 [http-nio-22223-exec-8] INFO  c.e.s.j.s.c.JwtAuthenticationFilter                - /api/student/getStudentList,admin,2026-06-05 11:00:21,0.263
2026-06-05 11:00:27,070 [http-nio-22223-exec-9] INFO  c.e.s.j.s.c.JwtAuthenticationFilter                - /api/student/getStudentList,admin,2026-06-05 11:00:26,0.151
2026-06-05 11:00:35,666 [http-nio-22223-exec-10] INFO  c.e.s.j.s.c.JwtAuthenticationFilter                - /api/score/getScoreList,admin,2026-06-05 11:00:35,0.195
2026-06-05 11:00:35,947 [http-nio-22223-exec-1] INFO  c.e.s.j.s.c.JwtAuthenticationFilter                - /api/attendance/getAttendanceStatistics,admin,2026-06-05 11:00:35,0.168
2026-06-05 11:00:36,457 [http-nio-22223-exec-2] INFO  c.e.s.j.s.c.JwtAuthenticationFilter                - /api/honor/getHonorList,admin,2026-06-05 11:00:36,0.333
2026-06-05 11:00:36,674 [http-nio-22223-exec-3] INFO  c.e.s.j.s.c.JwtAuthenticationFilter                - /api/innovation/getInnovationProjectList,admin,2026-06-05 11:00:36,0.133
2026-06-05 11:00:37,067 [http-nio-22223-exec-4] INFO  c.e.s.j.s.c.JwtAuthenticationFilter                - /api/student/getScoreRanking,admin,2026-06-05 11:00:36,0.289
2026-06-05 11:03:12,294 [http-nio-22223-exec-8] INFO  c.e.s.j.s.c.JwtAuthenticationFilter                - /api/studentLeave/getTeacherItemOptionList,admin,2026-06-05 11:03:12,0.2
2026-06-05 11:03:12,610 [http-nio-22223-exec-9] INFO  c.e.s.j.s.c.JwtAuthenticationFilter                - /api/studentLeave/getStudentLeaveList,admin,2026-06-05 11:03:12,0.23
2026-06-05 11:03:18,636 [http-nio-22223-exec-10] INFO  c.e.s.j.s.c.JwtAuthenticationFilter                - /api/student/getStudentInfo,admin,2026-06-05 11:03:18,0.117
2026-06-05 11:03:18,952 [http-nio-22223-exec-1] INFO  c.e.s.j.s.c.JwtAuthenticationFilter                - /api/honor/getHonorList,admin,2026-06-05 11:03:18,0.221
2026-06-05 11:03:19,646 [http-nio-22223-exec-2] INFO  c.e.s.j.s.c.JwtAuthenticationFilter                - /api/student/getStudentInfo,admin,2026-06-05 11:03:19,0.29
2026-06-05 11:03:19,915 [http-nio-22223-exec-3] INFO  c.e.s.j.s.c.JwtAuthenticationFilter                - /api/student/getStudentInfo,admin,2026-06-05 11:03:19,0.141
2026-06-05 11:03:27,160 [http-nio-22223-exec-4] INFO  c.e.s.j.s.c.JwtAuthenticationFilter                - /api/punishment/getPunishmentList,admin,2026-06-05 11:03:27,0.141
2026-06-05 11:03:27,429 [http-nio-22223-exec-5] INFO  c.e.s.j.s.c.JwtAuthenticationFilter                - /api/student/getStudentInfo,admin,2026-06-05 11:03:27,0.158
2026-06-05 11:03:31,010 [http-nio-22223-exec-6] INFO  c.e.s.j.s.c.JwtAuthenticationFilter                - /api/development/getDevelopmentList,admin,2026-06-05 11:03:30,0.197
2026-06-05 11:03:31,268 [http-nio-22223-exec-7] INFO  c.e.s.j.s.c.JwtAuthenticationFilter                - /api/student/getStudentByIds,admin,2026-06-05 11:03:31,0.165
2026-06-05 11:03:33,054 [http-nio-22223-exec-8] INFO  c.e.s.j.s.c.JwtAuthenticationFilter                - /api/development/getDevelopmentList,admin,2026-06-05 11:03:32,0.182
2026-06-05 11:03:33,328 [http-nio-22223-exec-9] INFO  c.e.s.j.s.c.JwtAuthenticationFilter                - /api/student/getStudentByIds,admin,2026-06-05 11:03:33,0.156
2026-06-05 11:03:34,146 [http-nio-22223-exec-10] INFO  c.e.s.j.s.c.JwtAuthenticationFilter                - /api/student/getStudentInfo,admin,2026-06-05 11:03:34,0.142
2026-06-05 11:03:34,431 [http-nio-22223-exec-1] INFO  c.e.s.j.s.c.JwtAuthenticationFilter                - /api/development/getDevelopmentList,admin,2026-06-05 11:03:34,0.189
2026-06-05 11:03:34,710 [http-nio-22223-exec-2] INFO  c.e.s.j.s.c.JwtAuthenticationFilter                - /api/student/getStudentByIds,admin,2026-06-05 11:03:34,0.185
2026-06-05 11:03:57,739 [http-nio-22223-exec-3] INFO  c.e.s.j.s.c.JwtAuthenticationFilter                - /api/honor/getDailyActivityList,admin,2026-06-05 11:03:57,0.172
2026-06-05 11:03:58,039 [http-nio-22223-exec-4] INFO  c.e.s.j.s.c.JwtAuthenticationFilter                - /api/student/getStudentByIds,admin,2026-06-05 11:03:57,0.198
2026-06-05 11:04:08,097 [http-nio-22223-exec-5] INFO  c.e.s.j.s.c.JwtAuthenticationFilter                - /api/honor/getDailyActivityList,admin,2026-06-05 11:04:07,0.313
2026-06-05 11:04:08,410 [http-nio-22223-exec-6] INFO  c.e.s.j.s.c.JwtAuthenticationFilter                - /api/student/getStudentByIds,admin,2026-06-05 11:04:08,0.173
2026-06-05 11:04:08,974 [http-nio-22223-exec-7] INFO  c.e.s.j.s.c.JwtAuthenticationFilter                - /api/honor/getDailyActivityList,admin,2026-06-05 11:04:08,0.222
2026-06-05 11:04:09,286 [http-nio-22223-exec-8] INFO  c.e.s.j.s.c.JwtAuthenticationFilter                - /api/student/getStudentByIds,admin,2026-06-05 11:04:09,0.199
2026-06-05 11:16:17,683 [background-preinit] INFO  o.h.validator.internal.util.Version                - HV000001: Hibernate Validator 8.0.2.Final
2026-06-05 11:16:17,739 [main] INFO  c.e.s.java.server.JavaServerApplication            - Starting JavaServerApplication using Java 21.0.5 with PID 24592 (D:\JavaProject\server\target\classes started by Xinbin in D:\JavaProject\server)
2026-06-05 11:16:17,740 [main] INFO  c.e.s.java.server.JavaServerApplication            - No active profile set, falling back to 1 default profile: "default"
2026-06-05 11:16:18,673 [main] INFO  o.s.d.r.c.RepositoryConfigurationDelegate          - Multiple Spring Data modules found, entering strict repository configuration mode
2026-06-05 11:16:18,675 [main] INFO  o.s.d.r.c.RepositoryConfigurationDelegate          - Bootstrapping Spring Data JPA repositories in DEFAULT mode.
2026-06-05 11:16:18,866 [main] INFO  o.s.d.r.c.RepositoryConfigurationDelegate          - Finished Spring Data repository scanning in 181 ms. Found 32 JPA repository interfaces.
2026-06-05 11:16:18,899 [main] INFO  o.s.d.r.c.RepositoryConfigurationDelegate          - Multiple Spring Data modules found, entering strict repository configuration mode
2026-06-05 11:16:18,902 [main] INFO  o.s.d.r.c.RepositoryConfigurationDelegate          - Bootstrapping Spring Data Redis repositories in DEFAULT mode.
2026-06-05 11:16:18,929 [main] INFO  o.s.d.r.c.RepositoryConfigurationExtensionSupport  - Spring Data Redis - Could not safely identify store assignment for repository candidate interface cn.edu.sdu.java.server.repositorys.ApprovalRecordRepository; If you want this repository to be a Redis repository, consider annotating your entities with one of these annotations: org.springframework.data.redis.core.RedisHash (preferred), or consider extending one of the following types with your repository: org.springframework.data.keyvalue.repository.KeyValueRepository
2026-06-05 11:16:18,930 [main] INFO  o.s.d.r.c.RepositoryConfigurationExtensionSupport  - Spring Data Redis - Could not safely identify store assignment for repository candidate interface cn.edu.sdu.java.server.repositorys.AttendanceRepository; If you want this repository to be a Redis repository, consider annotating your entities with one of these annotations: org.springframework.data.redis.core.RedisHash (preferred), or consider extending one of the following types with your repository: org.springframework.data.keyvalue.repository.KeyValueRepository
2026-06-05 11:16:18,931 [main] INFO  o.s.d.r.c.RepositoryConfigurationExtensionSupport  - Spring Data Redis - Could not safely identify store assignment for repository candidate interface cn.edu.sdu.java.server.repositorys.CourseMaterialRepository; If you want this repository to be a Redis repository, consider annotating your entities with one of these annotations: org.springframework.data.redis.core.RedisHash (preferred), or consider extending one of the following types with your repository: org.springframework.data.keyvalue.repository.KeyValueRepository
2026-06-05 11:16:18,932 [main] INFO  o.s.d.r.c.RepositoryConfigurationExtensionSupport  - Spring Data Redis - Could not safely identify store assignment for repository candidate interface cn.edu.sdu.java.server.repositorys.CourseRepository; If you want this repository to be a Redis repository, consider annotating your entities with one of these annotations: org.springframework.data.redis.core.RedisHash (preferred), or consider extending one of the following types with your repository: org.springframework.data.keyvalue.repository.KeyValueRepository
2026-06-05 11:16:18,932 [main] INFO  o.s.d.r.c.RepositoryConfigurationExtensionSupport  - Spring Data Redis - Could not safely identify store assignment for repository candidate interface cn.edu.sdu.java.server.repositorys.CourseSelectionRepository; If you want this repository to be a Redis repository, consider annotating your entities with one of these annotations: org.springframework.data.redis.core.RedisHash (preferred), or consider extending one of the following types with your repository: org.springframework.data.keyvalue.repository.KeyValueRepository
2026-06-05 11:16:18,933 [main] INFO  o.s.d.r.c.RepositoryConfigurationExtensionSupport  - Spring Data Redis - Could not safely identify store assignment for repository candidate interface cn.edu.sdu.java.server.repositorys.CourseTeachingRepository; If you want this repository to be a Redis repository, consider annotating your entities with one of these annotations: org.springframework.data.redis.core.RedisHash (preferred), or consider extending one of the following types with your repository: org.springframework.data.keyvalue.repository.KeyValueRepository
2026-06-05 11:16:18,934 [main] INFO  o.s.d.r.c.RepositoryConfigurationExtensionSupport  - Spring Data Redis - Could not safely identify store assignment for repository candidate interface cn.edu.sdu.java.server.repositorys.DailyActivityRepository; If you want this repository to be a Redis repository, consider annotating your entities with one of these annotations: org.springframework.data.redis.core.RedisHash (preferred), or consider extending one of the following types with your repository: org.springframework.data.keyvalue.repository.KeyValueRepository
2026-06-05 11:16:18,935 [main] INFO  o.s.d.r.c.RepositoryConfigurationExtensionSupport  - Spring Data Redis - Could not safely identify store assignment for repository candidate interface cn.edu.sdu.java.server.repositorys.DevelopmentRepository; If you want this repository to be a Redis repository, consider annotating your entities with one of these annotations: org.springframework.data.redis.core.RedisHash (preferred), or consider extending one of the following types with your repository: org.springframework.data.keyvalue.repository.KeyValueRepository
2026-06-05 11:16:18,935 [main] INFO  o.s.d.r.c.RepositoryConfigurationExtensionSupport  - Spring Data Redis - Could not safely identify store assignment for repository candidate interface cn.edu.sdu.java.server.repositorys.DictionaryInfoRepository; If you want this repository to be a Redis repository, consider annotating your entities with one of these annotations: org.springframework.data.redis.core.RedisHash (preferred), or consider extending one of the following types with your repository: org.springframework.data.keyvalue.repository.KeyValueRepository
2026-06-05 11:16:18,936 [main] INFO  o.s.d.r.c.RepositoryConfigurationExtensionSupport  - Spring Data Redis - Could not safely identify store assignment for repository candidate interface cn.edu.sdu.java.server.repositorys.ExamScheduleRepository; If you want this repository to be a Redis repository, consider annotating your entities with one of these annotations: org.springframework.data.redis.core.RedisHash (preferred), or consider extending one of the following types with your repository: org.springframework.data.keyvalue.repository.KeyValueRepository
2026-06-05 11:16:18,937 [main] INFO  o.s.d.r.c.RepositoryConfigurationExtensionSupport  - Spring Data Redis - Could not safely identify store assignment for repository candidate interface cn.edu.sdu.java.server.repositorys.FamilyMemberRepository; If you want this repository to be a Redis repository, consider annotating your entities with one of these annotations: org.springframework.data.redis.core.RedisHash (preferred), or consider extending one of the following types with your repository: org.springframework.data.keyvalue.repository.KeyValueRepository
2026-06-05 11:16:18,937 [main] INFO  o.s.d.r.c.RepositoryConfigurationExtensionSupport  - Spring Data Redis - Could not safely identify store assignment for repository candidate interface cn.edu.sdu.java.server.repositorys.FeeRepository; If you want this repository to be a Redis repository, consider annotating your entities with one of these annotations: org.springframework.data.redis.core.RedisHash (preferred), or consider extending one of the following types with your repository: org.springframework.data.keyvalue.repository.KeyValueRepository
2026-06-05 11:16:18,938 [main] INFO  o.s.d.r.c.RepositoryConfigurationExtensionSupport  - Spring Data Redis - Could not safely identify store assignment for repository candidate interface cn.edu.sdu.java.server.repositorys.HomeworkRepository; If you want this repository to be a Redis repository, consider annotating your entities with one of these annotations: org.springframework.data.redis.core.RedisHash (preferred), or consider extending one of the following types with your repository: org.springframework.data.keyvalue.repository.KeyValueRepository
2026-06-05 11:16:18,938 [main] INFO  o.s.d.r.c.RepositoryConfigurationExtensionSupport  - Spring Data Redis - Could not safely identify store assignment for repository candidate interface cn.edu.sdu.java.server.repositorys.HomeworkSubmissionRepository; If you want this repository to be a Redis repository, consider annotating your entities with one of these annotations: org.springframework.data.redis.core.RedisHash (preferred), or consider extending one of the following types with your repository: org.springframework.data.keyvalue.repository.KeyValueRepository
2026-06-05 11:16:18,938 [main] INFO  o.s.d.r.c.RepositoryConfigurationExtensionSupport  - Spring Data Redis - Could not safely identify store assignment for repository candidate interface cn.edu.sdu.java.server.repositorys.HonorRepository; If you want this repository to be a Redis repository, consider annotating your entities with one of these annotations: org.springframework.data.redis.core.RedisHash (preferred), or consider extending one of the following types with your repository: org.springframework.data.keyvalue.repository.KeyValueRepository
2026-06-05 11:16:18,939 [main] INFO  o.s.d.r.c.RepositoryConfigurationExtensionSupport  - Spring Data Redis - Could not safely identify store assignment for repository candidate interface cn.edu.sdu.java.server.repositorys.InnovationProjectRepository; If you want this repository to be a Redis repository, consider annotating your entities with one of these annotations: org.springframework.data.redis.core.RedisHash (preferred), or consider extending one of the following types with your repository: org.springframework.data.keyvalue.repository.KeyValueRepository
2026-06-05 11:16:18,941 [main] INFO  o.s.d.r.c.RepositoryConfigurationExtensionSupport  - Spring Data Redis - Could not safely identify store assignment for repository candidate interface cn.edu.sdu.java.server.repositorys.MenuInfoRepository; If you want this repository to be a Redis repository, consider annotating your entities with one of these annotations: org.springframework.data.redis.core.RedisHash (preferred), or consider extending one of the following types with your repository: org.springframework.data.keyvalue.repository.KeyValueRepository
2026-06-05 11:16:18,942 [main] INFO  o.s.d.r.c.RepositoryConfigurationExtensionSupport  - Spring Data Redis - Could not safely identify store assignment for repository candidate interface cn.edu.sdu.java.server.repositorys.ModifyLogRepository; If you want this repository to be a Redis repository, consider annotating your entities with one of these annotations: org.springframework.data.redis.core.RedisHash (preferred), or consider extending one of the following types with your repository: org.springframework.data.keyvalue.repository.KeyValueRepository
2026-06-05 11:16:18,944 [main] INFO  o.s.d.r.c.RepositoryConfigurationExtensionSupport  - Spring Data Redis - Could not safely identify store assignment for repository candidate interface cn.edu.sdu.java.server.repositorys.PersonRepository; If you want this repository to be a Redis repository, consider annotating your entities with one of these annotations: org.springframework.data.redis.core.RedisHash (preferred), or consider extending one of the following types with your repository: org.springframework.data.keyvalue.repository.KeyValueRepository
2026-06-05 11:16:18,945 [main] INFO  o.s.d.r.c.RepositoryConfigurationExtensionSupport  - Spring Data Redis - Could not safely identify store assignment for repository candidate interface cn.edu.sdu.java.server.repositorys.PunishmentRepository; If you want this repository to be a Redis repository, consider annotating your entities with one of these annotations: org.springframework.data.redis.core.RedisHash (preferred), or consider extending one of the following types with your repository: org.springframework.data.keyvalue.repository.KeyValueRepository
2026-06-05 11:16:18,946 [main] INFO  o.s.d.r.c.RepositoryConfigurationExtensionSupport  - Spring Data Redis - Could not safely identify store assignment for repository candidate interface cn.edu.sdu.java.server.repositorys.RequestLogRepository; If you want this repository to be a Redis repository, consider annotating your entities with one of these annotations: org.springframework.data.redis.core.RedisHash (preferred), or consider extending one of the following types with your repository: org.springframework.data.keyvalue.repository.KeyValueRepository
2026-06-05 11:16:18,947 [main] INFO  o.s.d.r.c.RepositoryConfigurationExtensionSupport  - Spring Data Redis - Could not safely identify store assignment for repository candidate interface cn.edu.sdu.java.server.repositorys.ScoreRepository; If you want this repository to be a Redis repository, consider annotating your entities with one of these annotations: org.springframework.data.redis.core.RedisHash (preferred), or consider extending one of the following types with your repository: org.springframework.data.keyvalue.repository.KeyValueRepository
2026-06-05 11:16:18,949 [main] INFO  o.s.d.r.c.RepositoryConfigurationExtensionSupport  - Spring Data Redis - Could not safely identify store assignment for repository candidate interface cn.edu.sdu.java.server.repositorys.SocialRelationRepository; If you want this repository to be a Redis repository, consider annotating your entities with one of these annotations: org.springframework.data.redis.core.RedisHash (preferred), or consider extending one of the following types with your repository: org.springframework.data.keyvalue.repository.KeyValueRepository
2026-06-05 11:16:18,950 [main] INFO  o.s.d.r.c.RepositoryConfigurationExtensionSupport  - Spring Data Redis - Could not safely identify store assignment for repository candidate interface cn.edu.sdu.java.server.repositorys.StatisticsDayRepository; If you want this repository to be a Redis repository, consider annotating your entities with one of these annotations: org.springframework.data.redis.core.RedisHash (preferred), or consider extending one of the following types with your repository: org.springframework.data.keyvalue.repository.KeyValueRepository
2026-06-05 11:16:18,951 [main] INFO  o.s.d.r.c.RepositoryConfigurationExtensionSupport  - Spring Data Redis - Could not safely identify store assignment for repository candidate interface cn.edu.sdu.java.server.repositorys.StudentExamScheduleRepository; If you want this repository to be a Redis repository, consider annotating your entities with one of these annotations: org.springframework.data.redis.core.RedisHash (preferred), or consider extending one of the following types with your repository: org.springframework.data.keyvalue.repository.KeyValueRepository
2026-06-05 11:16:18,952 [main] INFO  o.s.d.r.c.RepositoryConfigurationExtensionSupport  - Spring Data Redis - Could not safely identify store assignment for repository candidate interface cn.edu.sdu.java.server.repositorys.StudentLeaveRepository; If you want this repository to be a Redis repository, consider annotating your entities with one of these annotations: org.springframework.data.redis.core.RedisHash (preferred), or consider extending one of the following types with your repository: org.springframework.data.keyvalue.repository.KeyValueRepository
2026-06-05 11:16:18,953 [main] INFO  o.s.d.r.c.RepositoryConfigurationExtensionSupport  - Spring Data Redis - Could not safely identify store assignment for repository candidate interface cn.edu.sdu.java.server.repositorys.StudentRepository; If you want this repository to be a Redis repository, consider annotating your entities with one of these annotations: org.springframework.data.redis.core.RedisHash (preferred), or consider extending one of the following types with your repository: org.springframework.data.keyvalue.repository.KeyValueRepository
2026-06-05 11:16:18,954 [main] INFO  o.s.d.r.c.RepositoryConfigurationExtensionSupport  - Spring Data Redis - Could not safely identify store assignment for repository candidate interface cn.edu.sdu.java.server.repositorys.StudentStatisticsRepository; If you want this repository to be a Redis repository, consider annotating your entities with one of these annotations: org.springframework.data.redis.core.RedisHash (preferred), or consider extending one of the following types with your repository: org.springframework.data.keyvalue.repository.KeyValueRepository
2026-06-05 11:16:18,955 [main] INFO  o.s.d.r.c.RepositoryConfigurationExtensionSupport  - Spring Data Redis - Could not safely identify store assignment for repository candidate interface cn.edu.sdu.java.server.repositorys.SystemInfoRepository; If you want this repository to be a Redis repository, consider annotating your entities with one of these annotations: org.springframework.data.redis.core.RedisHash (preferred), or consider extending one of the following types with your repository: org.springframework.data.keyvalue.repository.KeyValueRepository
2026-06-05 11:16:18,956 [main] INFO  o.s.d.r.c.RepositoryConfigurationExtensionSupport  - Spring Data Redis - Could not safely identify store assignment for repository candidate interface cn.edu.sdu.java.server.repositorys.TeacherRepository; If you want this repository to be a Redis repository, consider annotating your entities with one of these annotations: org.springframework.data.redis.core.RedisHash (preferred), or consider extending one of the following types with your repository: org.springframework.data.keyvalue.repository.KeyValueRepository
2026-06-05 11:16:18,957 [main] INFO  o.s.d.r.c.RepositoryConfigurationExtensionSupport  - Spring Data Redis - Could not safely identify store assignment for repository candidate interface cn.edu.sdu.java.server.repositorys.UserRepository; If you want this repository to be a Redis repository, consider annotating your entities with one of these annotations: org.springframework.data.redis.core.RedisHash (preferred), or consider extending one of the following types with your repository: org.springframework.data.keyvalue.repository.KeyValueRepository
2026-06-05 11:16:18,958 [main] INFO  o.s.d.r.c.RepositoryConfigurationExtensionSupport  - Spring Data Redis - Could not safely identify store assignment for repository candidate interface cn.edu.sdu.java.server.repositorys.UserTypeRepository; If you want this repository to be a Redis repository, consider annotating your entities with one of these annotations: org.springframework.data.redis.core.RedisHash (preferred), or consider extending one of the following types with your repository: org.springframework.data.keyvalue.repository.KeyValueRepository
2026-06-05 11:16:18,959 [main] INFO  o.s.d.r.c.RepositoryConfigurationDelegate          - Finished Spring Data repository scanning in 43 ms. Found 0 Redis repository interfaces.
2026-06-05 11:16:19,967 [main] INFO  o.s.b.w.embedded.tomcat.TomcatWebServer            - Tomcat initialized with port 22223 (http)
2026-06-05 11:16:19,986 [main] INFO  o.apache.coyote.http11.Http11NioProtocol           - Initializing ProtocolHandler ["http-nio-22223"]
2026-06-05 11:16:19,989 [main] INFO  o.apache.catalina.core.StandardService             - Starting service [Tomcat]
2026-06-05 11:16:19,990 [main] INFO  org.apache.catalina.core.StandardEngine            - Starting Servlet engine: [Apache Tomcat/10.1.34]
2026-06-05 11:16:20,056 [main] INFO  o.a.c.c.C.[Tomcat].[localhost].[/]                 - Initializing Spring embedded WebApplicationContext
2026-06-05 11:16:20,056 [main] INFO  o.s.b.w.s.c.ServletWebServerApplicationContext     - Root WebApplicationContext: initialization completed in 2281 ms
2026-06-05 11:16:20,309 [main] INFO  o.hibernate.jpa.internal.util.LogHelper            - HHH000204: Processing PersistenceUnitInfo [name: default]
2026-06-05 11:16:20,459 [main] INFO  org.hibernate.Version                              - HHH000412: Hibernate ORM core version 6.6.5.Final
2026-06-05 11:16:20,538 [main] INFO  o.h.c.internal.RegionFactoryInitiator              - HHH000026: Second-level cache disabled
2026-06-05 11:16:20,778 [main] INFO  o.s.o.j.p.SpringPersistenceUnitInfo                - No LoadTimeWeaver setup: ignoring JPA class transformer
2026-06-05 11:16:20,798 [main] INFO  com.zaxxer.hikari.HikariDataSource                 - HikariPool-1 - Starting...
2026-06-05 11:16:25,505 [main] INFO  com.zaxxer.hikari.pool.HikariPool                  - HikariPool-1 - Added connection com.mysql.cj.jdbc.ConnectionImpl@1479ed5a
2026-06-05 11:16:25,507 [main] INFO  com.zaxxer.hikari.HikariDataSource                 - HikariPool-1 - Start completed.
2026-06-05 11:16:25,569 [main] INFO  org.hibernate.orm.connections.pooling              - HHH10001005: Database info:
	Database JDBC URL [Connecting through datasource 'HikariDataSource (HikariPool-1)']
	Database driver: undefined/unknown
	Database version: 8.0.35
	Autocommit mode: undefined/unknown
	Isolation level: undefined/unknown
	Minimum pool size: undefined/unknown
	Maximum pool size: undefined/unknown
2026-06-05 11:16:26,685 [main] INFO  o.h.e.t.j.p.i.JtaPlatformInitiator                 - HHH000489: No JTA platform available (set 'hibernate.transaction.jta.platform' to enable JTA platform integration)
2026-06-05 11:16:26,688 [main] INFO  o.s.o.j.LocalContainerEntityManagerFactoryBean     - Initialized JPA EntityManagerFactory for persistence unit 'default'
2026-06-05 11:16:27,195 [main] INFO  o.s.d.j.r.query.QueryEnhancerFactory               - Hibernate is in classpath; If applicable, HQL parser will be used.
2026-06-05 11:16:28,131 [main] WARN  o.s.b.a.o.j.JpaBaseConfiguration$JpaWebConfiguration - spring.jpa.open-in-view is enabled by default. Therefore, database queries may be performed during view rendering. Explicitly configure spring.jpa.open-in-view to disable this warning
2026-06-05 11:16:29,215 [main] INFO  o.s.s.c.a.a.c.InitializeAuthenticationProviderBeanManagerConfigurer$InitializeAuthenticationProviderManagerConfigurer - Global AuthenticationManager configured with AuthenticationProvider bean with name authenticationProvider
2026-06-05 11:16:29,216 [main] WARN  o.s.s.c.a.a.c.InitializeUserDetailsBeanManagerConfigurer$InitializeUserDetailsManagerConfigurer - Global AuthenticationManager configured with an AuthenticationProvider bean. UserDetailsService beans will not be used by Spring Security for automatically configuring username/password login. Consider removing the AuthenticationProvider bean. Alternatively, consider using the UserDetailsService in a manually instantiated DaoAuthenticationProvider. If the current configuration is intentional, to turn off this warning, increase the logging level of 'org.springframework.security.config.annotation.authentication.configuration.InitializeUserDetailsBeanManagerConfigurer' to ERROR
2026-06-05 11:16:30,245 [main] INFO  o.s.b.a.w.s.WelcomePageHandlerMapping              - Adding welcome page: class path resource [public/index.html]
2026-06-05 11:16:31,368 [main] INFO  o.apache.coyote.http11.Http11NioProtocol           - Starting ProtocolHandler ["http-nio-22223"]
2026-06-05 11:16:31,385 [main] INFO  o.s.b.w.embedded.tomcat.TomcatWebServer            - Tomcat started on port 22223 (http) with context path '/'
2026-06-05 11:16:31,393 [main] INFO  c.e.s.java.server.JavaServerApplication            - Started JavaServerApplication in 14.124 seconds (process running for 14.414)
2026-06-05 11:16:31,396 [main] INFO  c.e.s.j.server.SystemApplicationListener           - org.springframework.boot.context.event.ApplicationReadyEvent[source=org.springframework.boot.SpringApplication@66a44fa4]
2026-06-05 11:16:31,397 [main] INFO  c.e.s.j.server.SystemApplicationListener           - SystemInitStart
2026-06-05 11:16:31,561 [main] INFO  c.e.s.java.server.services.SystemService           - System config loaded, 0 items
2026-06-05 11:16:31,561 [main] INFO  c.e.s.j.server.SystemApplicationListener           - systemInitEnd
2026-06-05 11:16:32,182 [http-nio-22223-exec-1] INFO  o.a.c.c.C.[Tomcat].[localhost].[/]                 - Initializing Spring DispatcherServlet 'dispatcherServlet'
2026-06-05 11:16:32,182 [http-nio-22223-exec-1] INFO  o.s.web.servlet.DispatcherServlet                  - Initializing Servlet 'dispatcherServlet'
2026-06-05 11:16:32,184 [http-nio-22223-exec-1] INFO  o.s.web.servlet.DispatcherServlet                  - Completed initialization in 1 ms
2026-06-05 11:16:32,873 [http-nio-22223-exec-2] INFO  c.e.s.j.s.c.JwtAuthenticationFilter                - /api/base/getDataBaseUserName,admin,2026-06-05 11:16:32,0.129
2026-06-05 11:16:33,291 [http-nio-22223-exec-3] INFO  c.e.s.j.s.c.JwtAuthenticationFilter                - /api/base/getMenuList,admin,2026-06-05 11:16:32,0.308
2026-06-05 11:16:36,008 [http-nio-22223-exec-4] INFO  c.e.s.j.s.c.JwtAuthenticationFilter                - /api/honor/getDailyActivityList,admin,2026-06-05 11:16:35,0.138
2026-06-05 11:16:36,273 [http-nio-22223-exec-5] INFO  c.e.s.j.s.c.JwtAuthenticationFilter                - /api/student/getStudentByIds,admin,2026-06-05 11:16:36,0.172
2026-06-05 11:16:38,683 [http-nio-22223-exec-6] INFO  c.e.s.j.s.c.JwtAuthenticationFilter                - /api/honor/getDailyActivityList,admin,2026-06-05 11:16:38,0.13
2026-06-05 11:16:38,991 [http-nio-22223-exec-7] INFO  c.e.s.j.s.c.JwtAuthenticationFilter                - /api/student/getStudentByIds,admin,2026-06-05 11:16:38,0.165
2026-06-05 11:16:40,669 [http-nio-22223-exec-8] INFO  c.e.s.j.s.c.JwtAuthenticationFilter                - /api/honor/getDailyActivityList,admin,2026-06-05 11:16:40,0.127
2026-06-05 11:16:40,918 [http-nio-22223-exec-9] INFO  c.e.s.j.s.c.JwtAuthenticationFilter                - /api/student/getStudentByIds,admin,2026-06-05 11:16:40,0.157
2026-06-05 11:16:42,921 [http-nio-22223-exec-10] INFO  c.e.s.j.s.c.JwtAuthenticationFilter                - /api/honor/getDailyActivityList,admin,2026-06-05 11:16:42,0.131
2026-06-05 11:16:43,189 [http-nio-22223-exec-1] INFO  c.e.s.j.s.c.JwtAuthenticationFilter                - /api/student/getStudentByIds,admin,2026-06-05 11:16:43,0.167
2026-06-05 11:16:45,039 [http-nio-22223-exec-2] INFO  c.e.s.j.s.c.JwtAuthenticationFilter                - /api/development/getDevelopmentList,admin,2026-06-05 11:16:44,0.194
2026-06-05 11:16:45,323 [http-nio-22223-exec-3] INFO  c.e.s.j.s.c.JwtAuthenticationFilter                - /api/student/getStudentByIds,admin,2026-06-05 11:16:45,0.165
2026-06-05 11:23:17,700 [http-nio-22223-exec-6] INFO  c.e.s.j.s.c.JwtAuthenticationFilter                - /api/base/getDataBaseUserName,admin,2026-06-05 11:23:17,0.116
2026-06-05 11:23:18,186 [http-nio-22223-exec-7] INFO  c.e.s.j.s.c.JwtAuthenticationFilter                - /api/base/getMenuList,admin,2026-06-05 11:23:17,0.357
2026-06-05 11:23:19,998 [http-nio-22223-exec-8] INFO  c.e.s.j.s.c.JwtAuthenticationFilter                - /api/honor/getDailyActivityList,admin,2026-06-05 11:23:19,0.259
2026-06-05 11:23:20,312 [http-nio-22223-exec-9] INFO  c.e.s.j.s.c.JwtAuthenticationFilter                - /api/student/getStudentByIds,admin,2026-06-05 11:23:20,0.224
2026-06-05 11:24:41,922 [http-nio-22223-exec-2] INFO  c.e.s.j.s.c.JwtAuthenticationFilter                - /api/base/getDataBaseUserName,admin,2026-06-05 11:24:41,0.105
2026-06-05 11:24:42,340 [http-nio-22223-exec-3] INFO  c.e.s.j.s.c.JwtAuthenticationFilter                - /api/base/getMenuList,admin,2026-06-05 11:24:42,0.282
2026-06-05 11:24:43,523 [http-nio-22223-exec-4] INFO  c.e.s.j.s.c.JwtAuthenticationFilter                - /api/honor/getDailyActivityList,admin,2026-06-05 11:24:43,0.143
2026-06-05 11:24:43,799 [http-nio-22223-exec-5] INFO  c.e.s.j.s.c.JwtAuthenticationFilter                - /api/student/getStudentByIds,admin,2026-06-05 11:24:43,0.156
2026-06-05 11:25:08,772 [http-nio-22223-exec-8] INFO  c.e.s.j.s.c.JwtAuthenticationFilter                - /api/base/getDataBaseUserName,admin,2026-06-05 11:25:08,0.147
2026-06-05 11:25:09,174 [http-nio-22223-exec-9] INFO  c.e.s.j.s.c.JwtAuthenticationFilter                - /api/base/getMenuList,admin,2026-06-05 11:25:08,0.289
2026-06-05 11:25:10,373 [http-nio-22223-exec-10] INFO  c.e.s.j.s.c.JwtAuthenticationFilter                - /api/honor/getDailyActivityList,admin,2026-06-05 11:25:10,0.152
2026-06-05 11:25:10,992 [http-nio-22223-exec-1] INFO  c.e.s.j.s.c.JwtAuthenticationFilter                - /api/student/getStudentByIds,admin,2026-06-05 11:25:10,0.449
2026-06-05 11:25:34,679 [http-nio-22223-exec-4] INFO  c.e.s.j.s.c.JwtAuthenticationFilter                - /api/base/getDataBaseUserName,admin,2026-06-05 11:25:34,0.112
2026-06-05 11:25:35,087 [http-nio-22223-exec-5] INFO  c.e.s.j.s.c.JwtAuthenticationFilter                - /api/base/getMenuList,admin,2026-06-05 11:25:34,0.296
2026-06-05 11:25:36,981 [http-nio-22223-exec-6] INFO  c.e.s.j.s.c.JwtAuthenticationFilter                - /api/honor/getDailyActivityList,admin,2026-06-05 11:25:36,0.168
2026-06-05 11:25:37,230 [http-nio-22223-exec-7] INFO  c.e.s.j.s.c.JwtAuthenticationFilter                - /api/student/getStudentByIds,admin,2026-06-05 11:25:37,0.139
2026-06-05 11:25:54,598 [http-nio-22223-exec-10] INFO  c.e.s.j.s.c.JwtAuthenticationFilter                - /api/base/getDataBaseUserName,admin,2026-06-05 11:25:54,0.136
2026-06-05 11:25:54,973 [http-nio-22223-exec-1] INFO  c.e.s.j.s.c.JwtAuthenticationFilter                - /api/base/getMenuList,admin,2026-06-05 11:25:54,0.275
2026-06-05 11:25:56,156 [http-nio-22223-exec-2] INFO  c.e.s.j.s.c.JwtAuthenticationFilter                - /api/honor/getDailyActivityList,admin,2026-06-05 11:25:55,0.164
2026-06-05 11:25:56,433 [http-nio-22223-exec-3] INFO  c.e.s.j.s.c.JwtAuthenticationFilter                - /api/student/getStudentByIds,admin,2026-06-05 11:25:56,0.174
2026-06-05 11:26:03,719 [http-nio-22223-exec-4] INFO  c.e.s.j.s.c.JwtAuthenticationFilter                - /api/student/getStudentList,admin,2026-06-05 11:26:03,0.13
2026-06-05 11:26:03,985 [http-nio-22223-exec-5] INFO  c.e.s.j.s.c.JwtAuthenticationFilter                - /api/student/getStudentList,admin,2026-06-05 11:26:03,0.315
2026-06-05 11:26:09,595 [http-nio-22223-exec-6] INFO  c.e.s.j.s.c.JwtAuthenticationFilter                - /api/student/getStudentList,admin,2026-06-05 11:26:09,0.157
2026-06-05 11:26:11,731 [http-nio-22223-exec-7] INFO  c.e.s.j.s.c.JwtAuthenticationFilter                - /api/student/getStudentList,admin,2026-06-05 11:26:11,0.231
2026-06-05 11:26:17,964 [http-nio-22223-exec-8] INFO  c.e.s.j.s.c.JwtAuthenticationFilter                - /api/honor/dailyActivitySave,admin,2026-06-05 11:26:17,0.229
2026-06-05 11:26:18,316 [http-nio-22223-exec-9] INFO  c.e.s.j.s.c.JwtAuthenticationFilter                - /api/honor/getDailyActivityList,admin,2026-06-05 11:26:18,0.227
2026-06-05 11:26:18,557 [http-nio-22223-exec-10] INFO  c.e.s.j.s.c.JwtAuthenticationFilter                - /api/student/getStudentByIds,admin,2026-06-05 11:26:18,0.156
2026-06-05 11:26:25,969 [http-nio-22223-exec-1] INFO  c.e.s.j.s.c.JwtAuthenticationFilter                - /api/student/getStudentList,admin,2026-06-05 11:26:25,0.194
2026-06-05 11:26:35,779 [http-nio-22223-exec-2] INFO  c.e.s.j.s.c.JwtAuthenticationFilter                - /api/honor/dailyActivitySave,admin,2026-06-05 11:26:35,0.265
2026-06-05 11:26:36,054 [http-nio-22223-exec-3] INFO  c.e.s.j.s.c.JwtAuthenticationFilter                - /api/honor/getDailyActivityList,admin,2026-06-05 11:26:35,0.157
2026-06-05 11:26:36,539 [http-nio-22223-exec-4] INFO  c.e.s.j.s.c.JwtAuthenticationFilter                - /api/student/getStudentByIds,admin,2026-06-05 11:26:36,0.284
2026-06-05 11:26:40,482 [http-nio-22223-exec-5] INFO  c.e.s.j.s.c.JwtAuthenticationFilter                - /api/honor/dailyActivityDelete,admin,2026-06-05 11:26:40,0.379
2026-06-05 11:26:40,750 [http-nio-22223-exec-6] INFO  c.e.s.j.s.c.JwtAuthenticationFilter                - /api/honor/getDailyActivityList,admin,2026-06-05 11:26:40,0.154
2026-06-05 11:26:41,040 [http-nio-22223-exec-7] INFO  c.e.s.j.s.c.JwtAuthenticationFilter                - /api/student/getStudentByIds,admin,2026-06-05 11:26:40,0.171
2026-06-05 11:26:47,385 [http-nio-22223-exec-8] INFO  c.e.s.j.s.c.JwtAuthenticationFilter                - /api/honor/dailyActivitySave,admin,2026-06-05 11:26:47,0.222
2026-06-05 11:26:47,660 [http-nio-22223-exec-9] INFO  c.e.s.j.s.c.JwtAuthenticationFilter                - /api/honor/getDailyActivityList,admin,2026-06-05 11:26:47,0.144
2026-06-05 11:26:48,144 [http-nio-22223-exec-10] INFO  c.e.s.j.s.c.JwtAuthenticationFilter                - /api/student/getStudentByIds,admin,2026-06-05 11:26:47,0.325
2026-06-05 11:26:55,017 [http-nio-22223-exec-1] INFO  c.e.s.j.s.c.JwtAuthenticationFilter                - /api/honor/dailyActivityDelete,admin,2026-06-05 11:26:54,0.35
2026-06-05 11:26:55,411 [http-nio-22223-exec-2] INFO  c.e.s.j.s.c.JwtAuthenticationFilter                - /api/honor/getDailyActivityList,admin,2026-06-05 11:26:55,0.229
2026-06-05 11:26:55,805 [http-nio-22223-exec-3] INFO  c.e.s.j.s.c.JwtAuthenticationFilter                - /api/student/getStudentByIds,admin,2026-06-05 11:26:55,0.236
2026-06-05 11:26:58,687 [http-nio-22223-exec-4] INFO  c.e.s.j.s.c.JwtAuthenticationFilter                - /api/honor/getDailyActivityList,admin,2026-06-05 11:26:58,0.153
2026-06-05 11:26:58,954 [http-nio-22223-exec-5] INFO  c.e.s.j.s.c.JwtAuthenticationFilter                - /api/student/getStudentByIds,admin,2026-06-05 11:26:58,0.158
2026-06-05 11:29:13,831 [http-nio-22223-exec-9] INFO  c.e.s.j.s.c.JwtAuthenticationFilter                - /api/base/getDataBaseUserName,admin,2026-06-05 11:29:13,0.115
2026-06-05 11:29:14,224 [http-nio-22223-exec-10] INFO  c.e.s.j.s.c.JwtAuthenticationFilter                - /api/base/getMenuList,admin,2026-06-05 11:29:13,0.281
2026-06-05 11:29:15,942 [http-nio-22223-exec-1] INFO  c.e.s.j.s.c.JwtAuthenticationFilter                - /api/student/getStudentInfo,admin,2026-06-05 11:29:15,0.119
2026-06-05 11:29:16,235 [http-nio-22223-exec-2] INFO  c.e.s.j.s.c.JwtAuthenticationFilter                - /api/development/getDevelopmentList,admin,2026-06-05 11:29:16,0.181
2026-06-05 11:29:16,493 [http-nio-22223-exec-3] INFO  c.e.s.j.s.c.JwtAuthenticationFilter                - /api/student/getStudentByIds,admin,2026-06-05 11:29:16,0.169
2026-06-05 11:29:17,009 [http-nio-22223-exec-4] INFO  c.e.s.j.s.c.JwtAuthenticationFilter                - /api/honor/getDailyActivityList,admin,2026-06-05 11:29:16,0.115
2026-06-05 11:29:17,211 [http-nio-22223-exec-5] INFO  c.e.s.j.s.c.JwtAuthenticationFilter                - /api/student/getStudentByIds,admin,2026-06-05 11:29:17,0.114
2026-06-05 11:30:49,057 [http-nio-22223-exec-8] INFO  c.e.s.j.s.c.JwtAuthenticationFilter                - /api/base/getDataBaseUserName,admin,2026-06-05 11:30:48,0.121
2026-06-05 11:30:49,442 [http-nio-22223-exec-9] INFO  c.e.s.j.s.c.JwtAuthenticationFilter                - /api/base/getMenuList,admin,2026-06-05 11:30:49,0.259
2026-06-05 11:30:50,552 [http-nio-22223-exec-10] INFO  c.e.s.j.s.c.JwtAuthenticationFilter                - /api/honor/getDailyActivityList,admin,2026-06-05 11:30:50,0.152
2026-06-05 11:30:50,828 [http-nio-22223-exec-1] INFO  c.e.s.j.s.c.JwtAuthenticationFilter                - /api/student/getStudentByIds,admin,2026-06-05 11:30:50,0.191
2026-06-05 11:32:12,799 [http-nio-22223-exec-4] INFO  c.e.s.j.s.c.JwtAuthenticationFilter                - /api/base/getDataBaseUserName,admin,2026-06-05 11:32:12,0.102
2026-06-05 11:32:13,208 [http-nio-22223-exec-5] INFO  c.e.s.j.s.c.JwtAuthenticationFilter                - /api/base/getMenuList,admin,2026-06-05 11:32:12,0.305
2026-06-05 11:32:40,631 [http-nio-22223-exec-6] INFO  c.e.s.j.s.c.JwtAuthenticationFilter                - /api/honor/getDailyActivityList,admin,2026-06-05 11:32:40,0.189
2026-06-05 11:32:40,960 [http-nio-22223-exec-7] INFO  c.e.s.j.s.c.JwtAuthenticationFilter                - /api/student/getStudentByIds,admin,2026-06-05 11:32:40,0.191
2026-06-05 11:32:57,775 [http-nio-22223-exec-10] INFO  c.e.s.j.s.c.JwtAuthenticationFilter                - /api/base/getDataBaseUserName,admin,2026-06-05 11:32:57,0.132
2026-06-05 11:32:58,141 [http-nio-22223-exec-1] INFO  c.e.s.j.s.c.JwtAuthenticationFilter                - /api/base/getMenuList,admin,2026-06-05 11:32:57,0.264
2026-06-05 11:32:59,302 [http-nio-22223-exec-2] INFO  c.e.s.j.s.c.JwtAuthenticationFilter                - /api/honor/getDailyActivityList,admin,2026-06-05 11:32:59,0.155
2026-06-05 11:32:59,584 [http-nio-22223-exec-3] INFO  c.e.s.j.s.c.JwtAuthenticationFilter                - /api/student/getStudentByIds,admin,2026-06-05 11:32:59,0.164
2026-06-05 11:33:00,979 [http-nio-22223-exec-4] INFO  c.e.s.j.s.c.JwtAuthenticationFilter                - /api/honor/getDailyActivityList,admin,2026-06-05 11:33:00,0.125
2026-06-05 11:33:01,212 [http-nio-22223-exec-5] INFO  c.e.s.j.s.c.JwtAuthenticationFilter                - /api/student/getStudentByIds,admin,2026-06-05 11:33:01,0.114
2026-06-05 11:33:06,583 [http-nio-22223-exec-6] INFO  c.e.s.j.s.c.JwtAuthenticationFilter                - /api/honor/getDailyActivityList,admin,2026-06-05 11:33:06,0.202
2026-06-05 11:33:06,935 [http-nio-22223-exec-7] INFO  c.e.s.j.s.c.JwtAuthenticationFilter                - /api/student/getStudentByIds,admin,2026-06-05 11:33:06,0.235
2026-06-05 11:36:27,571 [http-nio-22223-exec-10] INFO  c.e.s.j.s.c.JwtAuthenticationFilter                - /api/base/getDataBaseUserName,admin,2026-06-05 11:36:27,0.133
2026-06-05 11:36:27,948 [http-nio-22223-exec-1] INFO  c.e.s.j.s.c.JwtAuthenticationFilter                - /api/base/getMenuList,admin,2026-06-05 11:36:27,0.256
2026-06-05 11:36:30,356 [http-nio-22223-exec-2] INFO  c.e.s.j.s.c.JwtAuthenticationFilter                - /api/honor/getDailyActivityList,admin,2026-06-05 11:36:30,0.195
2026-06-05 11:36:31,046 [http-nio-22223-exec-3] INFO  c.e.s.j.s.c.JwtAuthenticationFilter                - /api/student/getStudentByIds,admin,2026-06-05 11:36:30,0.573
2026-06-05 11:39:02,541 [http-nio-22223-exec-6] INFO  c.e.s.j.s.c.JwtAuthenticationFilter                - /api/base/getDataBaseUserName,admin,2026-06-05 11:39:02,0.14
2026-06-05 11:39:03,167 [http-nio-22223-exec-7] INFO  c.e.s.j.s.c.JwtAuthenticationFilter                - /api/base/getMenuList,admin,2026-06-05 11:39:02,0.331
2026-06-05 11:39:04,459 [http-nio-22223-exec-8] INFO  c.e.s.j.s.c.JwtAuthenticationFilter                - /api/honor/getDailyActivityList,admin,2026-06-05 11:39:04,0.123
2026-06-05 11:39:04,747 [http-nio-22223-exec-9] INFO  c.e.s.j.s.c.JwtAuthenticationFilter                - /api/student/getStudentByIds,admin,2026-06-05 11:39:04,0.172
2026-06-05 11:39:13,376 [http-nio-22223-exec-10] INFO  c.e.s.j.s.c.JwtAuthenticationFilter                - /api/honor/getDailyActivityList,admin,2026-06-05 11:39:13,0.179
2026-06-05 11:39:13,756 [http-nio-22223-exec-1] INFO  c.e.s.j.s.c.JwtAuthenticationFilter                - /api/student/getStudentByIds,admin,2026-06-05 11:39:13,0.245
2026-06-05 11:40:52,481 [http-nio-22223-exec-4] INFO  c.e.s.j.s.c.JwtAuthenticationFilter                - /api/base/getDataBaseUserName,admin,2026-06-05 11:40:52,0.135
2026-06-05 11:40:52,858 [http-nio-22223-exec-5] INFO  c.e.s.j.s.c.JwtAuthenticationFilter                - /api/base/getMenuList,admin,2026-06-05 11:40:52,0.289
2026-06-05 11:40:54,067 [http-nio-22223-exec-6] INFO  c.e.s.j.s.c.JwtAuthenticationFilter                - /api/honor/getDailyActivityList,admin,2026-06-05 11:40:53,0.132
2026-06-05 11:40:54,342 [http-nio-22223-exec-7] INFO  c.e.s.j.s.c.JwtAuthenticationFilter                - /api/student/getStudentByIds,admin,2026-06-05 11:40:54,0.18
2026-06-05 12:09:42,825 [background-preinit] INFO  o.h.validator.internal.util.Version                - HV000001: Hibernate Validator 8.0.2.Final
2026-06-05 12:09:42,889 [main] INFO  c.e.s.java.server.JavaServerApplication            - Starting JavaServerApplication using Java 21.0.5 with PID 15156 (D:\JavaProject\server\target\classes started by Xinbin in D:\JavaProject\server)
2026-06-05 12:09:42,890 [main] INFO  c.e.s.java.server.JavaServerApplication            - No active profile set, falling back to 1 default profile: "default"
2026-06-05 12:09:43,891 [main] INFO  o.s.d.r.c.RepositoryConfigurationDelegate          - Multiple Spring Data modules found, entering strict repository configuration mode
2026-06-05 12:09:43,893 [main] INFO  o.s.d.r.c.RepositoryConfigurationDelegate          - Bootstrapping Spring Data JPA repositories in DEFAULT mode.
2026-06-05 12:09:44,101 [main] INFO  o.s.d.r.c.RepositoryConfigurationDelegate          - Finished Spring Data repository scanning in 199 ms. Found 32 JPA repository interfaces.
2026-06-05 12:09:44,130 [main] INFO  o.s.d.r.c.RepositoryConfigurationDelegate          - Multiple Spring Data modules found, entering strict repository configuration mode
2026-06-05 12:09:44,133 [main] INFO  o.s.d.r.c.RepositoryConfigurationDelegate          - Bootstrapping Spring Data Redis repositories in DEFAULT mode.
2026-06-05 12:09:44,155 [main] INFO  o.s.d.r.c.RepositoryConfigurationExtensionSupport  - Spring Data Redis - Could not safely identify store assignment for repository candidate interface cn.edu.sdu.java.server.repositorys.ApprovalRecordRepository; If you want this repository to be a Redis repository, consider annotating your entities with one of these annotations: org.springframework.data.redis.core.RedisHash (preferred), or consider extending one of the following types with your repository: org.springframework.data.keyvalue.repository.KeyValueRepository
2026-06-05 12:09:44,155 [main] INFO  o.s.d.r.c.RepositoryConfigurationExtensionSupport  - Spring Data Redis - Could not safely identify store assignment for repository candidate interface cn.edu.sdu.java.server.repositorys.AttendanceRepository; If you want this repository to be a Redis repository, consider annotating your entities with one of these annotations: org.springframework.data.redis.core.RedisHash (preferred), or consider extending one of the following types with your repository: org.springframework.data.keyvalue.repository.KeyValueRepository
2026-06-05 12:09:44,156 [main] INFO  o.s.d.r.c.RepositoryConfigurationExtensionSupport  - Spring Data Redis - Could not safely identify store assignment for repository candidate interface cn.edu.sdu.java.server.repositorys.CourseMaterialRepository; If you want this repository to be a Redis repository, consider annotating your entities with one of these annotations: org.springframework.data.redis.core.RedisHash (preferred), or consider extending one of the following types with your repository: org.springframework.data.keyvalue.repository.KeyValueRepository
2026-06-05 12:09:44,157 [main] INFO  o.s.d.r.c.RepositoryConfigurationExtensionSupport  - Spring Data Redis - Could not safely identify store assignment for repository candidate interface cn.edu.sdu.java.server.repositorys.CourseRepository; If you want this repository to be a Redis repository, consider annotating your entities with one of these annotations: org.springframework.data.redis.core.RedisHash (preferred), or consider extending one of the following types with your repository: org.springframework.data.keyvalue.repository.KeyValueRepository
2026-06-05 12:09:44,157 [main] INFO  o.s.d.r.c.RepositoryConfigurationExtensionSupport  - Spring Data Redis - Could not safely identify store assignment for repository candidate interface cn.edu.sdu.java.server.repositorys.CourseSelectionRepository; If you want this repository to be a Redis repository, consider annotating your entities with one of these annotations: org.springframework.data.redis.core.RedisHash (preferred), or consider extending one of the following types with your repository: org.springframework.data.keyvalue.repository.KeyValueRepository
2026-06-05 12:09:44,158 [main] INFO  o.s.d.r.c.RepositoryConfigurationExtensionSupport  - Spring Data Redis - Could not safely identify store assignment for repository candidate interface cn.edu.sdu.java.server.repositorys.CourseTeachingRepository; If you want this repository to be a Redis repository, consider annotating your entities with one of these annotations: org.springframework.data.redis.core.RedisHash (preferred), or consider extending one of the following types with your repository: org.springframework.data.keyvalue.repository.KeyValueRepository
2026-06-05 12:09:44,158 [main] INFO  o.s.d.r.c.RepositoryConfigurationExtensionSupport  - Spring Data Redis - Could not safely identify store assignment for repository candidate interface cn.edu.sdu.java.server.repositorys.DailyActivityRepository; If you want this repository to be a Redis repository, consider annotating your entities with one of these annotations: org.springframework.data.redis.core.RedisHash (preferred), or consider extending one of the following types with your repository: org.springframework.data.keyvalue.repository.KeyValueRepository
2026-06-05 12:09:44,159 [main] INFO  o.s.d.r.c.RepositoryConfigurationExtensionSupport  - Spring Data Redis - Could not safely identify store assignment for repository candidate interface cn.edu.sdu.java.server.repositorys.DevelopmentRepository; If you want this repository to be a Redis repository, consider annotating your entities with one of these annotations: org.springframework.data.redis.core.RedisHash (preferred), or consider extending one of the following types with your repository: org.springframework.data.keyvalue.repository.KeyValueRepository
2026-06-05 12:09:44,159 [main] INFO  o.s.d.r.c.RepositoryConfigurationExtensionSupport  - Spring Data Redis - Could not safely identify store assignment for repository candidate interface cn.edu.sdu.java.server.repositorys.DictionaryInfoRepository; If you want this repository to be a Redis repository, consider annotating your entities with one of these annotations: org.springframework.data.redis.core.RedisHash (preferred), or consider extending one of the following types with your repository: org.springframework.data.keyvalue.repository.KeyValueRepository
2026-06-05 12:09:44,160 [main] INFO  o.s.d.r.c.RepositoryConfigurationExtensionSupport  - Spring Data Redis - Could not safely identify store assignment for repository candidate interface cn.edu.sdu.java.server.repositorys.ExamScheduleRepository; If you want this repository to be a Redis repository, consider annotating your entities with one of these annotations: org.springframework.data.redis.core.RedisHash (preferred), or consider extending one of the following types with your repository: org.springframework.data.keyvalue.repository.KeyValueRepository
2026-06-05 12:09:44,160 [main] INFO  o.s.d.r.c.RepositoryConfigurationExtensionSupport  - Spring Data Redis - Could not safely identify store assignment for repository candidate interface cn.edu.sdu.java.server.repositorys.FamilyMemberRepository; If you want this repository to be a Redis repository, consider annotating your entities with one of these annotations: org.springframework.data.redis.core.RedisHash (preferred), or consider extending one of the following types with your repository: org.springframework.data.keyvalue.repository.KeyValueRepository
2026-06-05 12:09:44,160 [main] INFO  o.s.d.r.c.RepositoryConfigurationExtensionSupport  - Spring Data Redis - Could not safely identify store assignment for repository candidate interface cn.edu.sdu.java.server.repositorys.FeeRepository; If you want this repository to be a Redis repository, consider annotating your entities with one of these annotations: org.springframework.data.redis.core.RedisHash (preferred), or consider extending one of the following types with your repository: org.springframework.data.keyvalue.repository.KeyValueRepository
2026-06-05 12:09:44,161 [main] INFO  o.s.d.r.c.RepositoryConfigurationExtensionSupport  - Spring Data Redis - Could not safely identify store assignment for repository candidate interface cn.edu.sdu.java.server.repositorys.HomeworkRepository; If you want this repository to be a Redis repository, consider annotating your entities with one of these annotations: org.springframework.data.redis.core.RedisHash (preferred), or consider extending one of the following types with your repository: org.springframework.data.keyvalue.repository.KeyValueRepository
2026-06-05 12:09:44,161 [main] INFO  o.s.d.r.c.RepositoryConfigurationExtensionSupport  - Spring Data Redis - Could not safely identify store assignment for repository candidate interface cn.edu.sdu.java.server.repositorys.HomeworkSubmissionRepository; If you want this repository to be a Redis repository, consider annotating your entities with one of these annotations: org.springframework.data.redis.core.RedisHash (preferred), or consider extending one of the following types with your repository: org.springframework.data.keyvalue.repository.KeyValueRepository
2026-06-05 12:09:44,162 [main] INFO  o.s.d.r.c.RepositoryConfigurationExtensionSupport  - Spring Data Redis - Could not safely identify store assignment for repository candidate interface cn.edu.sdu.java.server.repositorys.HonorRepository; If you want this repository to be a Redis repository, consider annotating your entities with one of these annotations: org.springframework.data.redis.core.RedisHash (preferred), or consider extending one of the following types with your repository: org.springframework.data.keyvalue.repository.KeyValueRepository
2026-06-05 12:09:44,162 [main] INFO  o.s.d.r.c.RepositoryConfigurationExtensionSupport  - Spring Data Redis - Could not safely identify store assignment for repository candidate interface cn.edu.sdu.java.server.repositorys.InnovationProjectRepository; If you want this repository to be a Redis repository, consider annotating your entities with one of these annotations: org.springframework.data.redis.core.RedisHash (preferred), or consider extending one of the following types with your repository: org.springframework.data.keyvalue.repository.KeyValueRepository
2026-06-05 12:09:44,163 [main] INFO  o.s.d.r.c.RepositoryConfigurationExtensionSupport  - Spring Data Redis - Could not safely identify store assignment for repository candidate interface cn.edu.sdu.java.server.repositorys.MenuInfoRepository; If you want this repository to be a Redis repository, consider annotating your entities with one of these annotations: org.springframework.data.redis.core.RedisHash (preferred), or consider extending one of the following types with your repository: org.springframework.data.keyvalue.repository.KeyValueRepository
2026-06-05 12:09:44,163 [main] INFO  o.s.d.r.c.RepositoryConfigurationExtensionSupport  - Spring Data Redis - Could not safely identify store assignment for repository candidate interface cn.edu.sdu.java.server.repositorys.ModifyLogRepository; If you want this repository to be a Redis repository, consider annotating your entities with one of these annotations: org.springframework.data.redis.core.RedisHash (preferred), or consider extending one of the following types with your repository: org.springframework.data.keyvalue.repository.KeyValueRepository
2026-06-05 12:09:44,164 [main] INFO  o.s.d.r.c.RepositoryConfigurationExtensionSupport  - Spring Data Redis - Could not safely identify store assignment for repository candidate interface cn.edu.sdu.java.server.repositorys.PersonRepository; If you want this repository to be a Redis repository, consider annotating your entities with one of these annotations: org.springframework.data.redis.core.RedisHash (preferred), or consider extending one of the following types with your repository: org.springframework.data.keyvalue.repository.KeyValueRepository
2026-06-05 12:09:44,165 [main] INFO  o.s.d.r.c.RepositoryConfigurationExtensionSupport  - Spring Data Redis - Could not safely identify store assignment for repository candidate interface cn.edu.sdu.java.server.repositorys.PunishmentRepository; If you want this repository to be a Redis repository, consider annotating your entities with one of these annotations: org.springframework.data.redis.core.RedisHash (preferred), or consider extending one of the following types with your repository: org.springframework.data.keyvalue.repository.KeyValueRepository
2026-06-05 12:09:44,166 [main] INFO  o.s.d.r.c.RepositoryConfigurationExtensionSupport  - Spring Data Redis - Could not safely identify store assignment for repository candidate interface cn.edu.sdu.java.server.repositorys.RequestLogRepository; If you want this repository to be a Redis repository, consider annotating your entities with one of these annotations: org.springframework.data.redis.core.RedisHash (preferred), or consider extending one of the following types with your repository: org.springframework.data.keyvalue.repository.KeyValueRepository
2026-06-05 12:09:44,166 [main] INFO  o.s.d.r.c.RepositoryConfigurationExtensionSupport  - Spring Data Redis - Could not safely identify store assignment for repository candidate interface cn.edu.sdu.java.server.repositorys.ScoreRepository; If you want this repository to be a Redis repository, consider annotating your entities with one of these annotations: org.springframework.data.redis.core.RedisHash (preferred), or consider extending one of the following types with your repository: org.springframework.data.keyvalue.repository.KeyValueRepository
2026-06-05 12:09:44,166 [main] INFO  o.s.d.r.c.RepositoryConfigurationExtensionSupport  - Spring Data Redis - Could not safely identify store assignment for repository candidate interface cn.edu.sdu.java.server.repositorys.SocialRelationRepository; If you want this repository to be a Redis repository, consider annotating your entities with one of these annotations: org.springframework.data.redis.core.RedisHash (preferred), or consider extending one of the following types with your repository: org.springframework.data.keyvalue.repository.KeyValueRepository
2026-06-05 12:09:44,167 [main] INFO  o.s.d.r.c.RepositoryConfigurationExtensionSupport  - Spring Data Redis - Could not safely identify store assignment for repository candidate interface cn.edu.sdu.java.server.repositorys.StatisticsDayRepository; If you want this repository to be a Redis repository, consider annotating your entities with one of these annotations: org.springframework.data.redis.core.RedisHash (preferred), or consider extending one of the following types with your repository: org.springframework.data.keyvalue.repository.KeyValueRepository
2026-06-05 12:09:44,167 [main] INFO  o.s.d.r.c.RepositoryConfigurationExtensionSupport  - Spring Data Redis - Could not safely identify store assignment for repository candidate interface cn.edu.sdu.java.server.repositorys.StudentExamScheduleRepository; If you want this repository to be a Redis repository, consider annotating your entities with one of these annotations: org.springframework.data.redis.core.RedisHash (preferred), or consider extending one of the following types with your repository: org.springframework.data.keyvalue.repository.KeyValueRepository
2026-06-05 12:09:44,167 [main] INFO  o.s.d.r.c.RepositoryConfigurationExtensionSupport  - Spring Data Redis - Could not safely identify store assignment for repository candidate interface cn.edu.sdu.java.server.repositorys.StudentLeaveRepository; If you want this repository to be a Redis repository, consider annotating your entities with one of these annotations: org.springframework.data.redis.core.RedisHash (preferred), or consider extending one of the following types with your repository: org.springframework.data.keyvalue.repository.KeyValueRepository
2026-06-05 12:09:44,168 [main] INFO  o.s.d.r.c.RepositoryConfigurationExtensionSupport  - Spring Data Redis - Could not safely identify store assignment for repository candidate interface cn.edu.sdu.java.server.repositorys.StudentRepository; If you want this repository to be a Redis repository, consider annotating your entities with one of these annotations: org.springframework.data.redis.core.RedisHash (preferred), or consider extending one of the following types with your repository: org.springframework.data.keyvalue.repository.KeyValueRepository
2026-06-05 12:09:44,168 [main] INFO  o.s.d.r.c.RepositoryConfigurationExtensionSupport  - Spring Data Redis - Could not safely identify store assignment for repository candidate interface cn.edu.sdu.java.server.repositorys.StudentStatisticsRepository; If you want this repository to be a Redis repository, consider annotating your entities with one of these annotations: org.springframework.data.redis.core.RedisHash (preferred), or consider extending one of the following types with your repository: org.springframework.data.keyvalue.repository.KeyValueRepository
2026-06-05 12:09:44,169 [main] INFO  o.s.d.r.c.RepositoryConfigurationExtensionSupport  - Spring Data Redis - Could not safely identify store assignment for repository candidate interface cn.edu.sdu.java.server.repositorys.SystemInfoRepository; If you want this repository to be a Redis repository, consider annotating your entities with one of these annotations: org.springframework.data.redis.core.RedisHash (preferred), or consider extending one of the following types with your repository: org.springframework.data.keyvalue.repository.KeyValueRepository
2026-06-05 12:09:44,169 [main] INFO  o.s.d.r.c.RepositoryConfigurationExtensionSupport  - Spring Data Redis - Could not safely identify store assignment for repository candidate interface cn.edu.sdu.java.server.repositorys.TeacherRepository; If you want this repository to be a Redis repository, consider annotating your entities with one of these annotations: org.springframework.data.redis.core.RedisHash (preferred), or consider extending one of the following types with your repository: org.springframework.data.keyvalue.repository.KeyValueRepository
2026-06-05 12:09:44,170 [main] INFO  o.s.d.r.c.RepositoryConfigurationExtensionSupport  - Spring Data Redis - Could not safely identify store assignment for repository candidate interface cn.edu.sdu.java.server.repositorys.UserRepository; If you want this repository to be a Redis repository, consider annotating your entities with one of these annotations: org.springframework.data.redis.core.RedisHash (preferred), or consider extending one of the following types with your repository: org.springframework.data.keyvalue.repository.KeyValueRepository
2026-06-05 12:09:44,170 [main] INFO  o.s.d.r.c.RepositoryConfigurationExtensionSupport  - Spring Data Redis - Could not safely identify store assignment for repository candidate interface cn.edu.sdu.java.server.repositorys.UserTypeRepository; If you want this repository to be a Redis repository, consider annotating your entities with one of these annotations: org.springframework.data.redis.core.RedisHash (preferred), or consider extending one of the following types with your repository: org.springframework.data.keyvalue.repository.KeyValueRepository
2026-06-05 12:09:44,170 [main] INFO  o.s.d.r.c.RepositoryConfigurationDelegate          - Finished Spring Data repository scanning in 25 ms. Found 0 Redis repository interfaces.
2026-06-05 12:09:45,157 [main] INFO  o.s.b.w.embedded.tomcat.TomcatWebServer            - Tomcat initialized with port 22223 (http)
2026-06-05 12:09:45,169 [main] INFO  o.apache.coyote.http11.Http11NioProtocol           - Initializing ProtocolHandler ["http-nio-22223"]
2026-06-05 12:09:45,171 [main] INFO  o.apache.catalina.core.StandardService             - Starting service [Tomcat]
2026-06-05 12:09:45,172 [main] INFO  org.apache.catalina.core.StandardEngine            - Starting Servlet engine: [Apache Tomcat/10.1.34]
2026-06-05 12:09:45,238 [main] INFO  o.a.c.c.C.[Tomcat].[localhost].[/]                 - Initializing Spring embedded WebApplicationContext
2026-06-05 12:09:45,239 [main] INFO  o.s.b.w.s.c.ServletWebServerApplicationContext     - Root WebApplicationContext: initialization completed in 2314 ms
2026-06-05 12:09:45,481 [main] INFO  o.hibernate.jpa.internal.util.LogHelper            - HHH000204: Processing PersistenceUnitInfo [name: default]
2026-06-05 12:09:45,635 [main] INFO  org.hibernate.Version                              - HHH000412: Hibernate ORM core version 6.6.5.Final
2026-06-05 12:09:45,701 [main] INFO  o.h.c.internal.RegionFactoryInitiator              - HHH000026: Second-level cache disabled
2026-06-05 12:09:45,929 [main] INFO  o.s.o.j.p.SpringPersistenceUnitInfo                - No LoadTimeWeaver setup: ignoring JPA class transformer
2026-06-05 12:09:45,953 [main] INFO  com.zaxxer.hikari.HikariDataSource                 - HikariPool-1 - Starting...
2026-06-05 12:09:50,651 [main] INFO  com.zaxxer.hikari.pool.HikariPool                  - HikariPool-1 - Added connection com.mysql.cj.jdbc.ConnectionImpl@3d2eb7fa
2026-06-05 12:09:50,652 [main] INFO  com.zaxxer.hikari.HikariDataSource                 - HikariPool-1 - Start completed.
2026-06-05 12:09:50,708 [main] INFO  org.hibernate.orm.connections.pooling              - HHH10001005: Database info:
	Database JDBC URL [Connecting through datasource 'HikariDataSource (HikariPool-1)']
	Database driver: undefined/unknown
	Database version: 8.0.35
	Autocommit mode: undefined/unknown
	Isolation level: undefined/unknown
	Minimum pool size: undefined/unknown
	Maximum pool size: undefined/unknown
2026-06-05 12:09:51,717 [main] INFO  o.h.e.t.j.p.i.JtaPlatformInitiator                 - HHH000489: No JTA platform available (set 'hibernate.transaction.jta.platform' to enable JTA platform integration)
2026-06-05 12:09:51,719 [main] INFO  o.s.o.j.LocalContainerEntityManagerFactoryBean     - Initialized JPA EntityManagerFactory for persistence unit 'default'
2026-06-05 12:09:52,145 [main] INFO  o.s.d.j.r.query.QueryEnhancerFactory               - Hibernate is in classpath; If applicable, HQL parser will be used.
2026-06-05 12:09:53,149 [main] WARN  o.s.b.a.o.j.JpaBaseConfiguration$JpaWebConfiguration - spring.jpa.open-in-view is enabled by default. Therefore, database queries may be performed during view rendering. Explicitly configure spring.jpa.open-in-view to disable this warning
2026-06-05 12:09:54,180 [main] INFO  o.s.s.c.a.a.c.InitializeAuthenticationProviderBeanManagerConfigurer$InitializeAuthenticationProviderManagerConfigurer - Global AuthenticationManager configured with AuthenticationProvider bean with name authenticationProvider
2026-06-05 12:09:54,181 [main] WARN  o.s.s.c.a.a.c.InitializeUserDetailsBeanManagerConfigurer$InitializeUserDetailsManagerConfigurer - Global AuthenticationManager configured with an AuthenticationProvider bean. UserDetailsService beans will not be used by Spring Security for automatically configuring username/password login. Consider removing the AuthenticationProvider bean. Alternatively, consider using the UserDetailsService in a manually instantiated DaoAuthenticationProvider. If the current configuration is intentional, to turn off this warning, increase the logging level of 'org.springframework.security.config.annotation.authentication.configuration.InitializeUserDetailsBeanManagerConfigurer' to ERROR
2026-06-05 12:09:55,064 [main] INFO  o.s.b.a.w.s.WelcomePageHandlerMapping              - Adding welcome page: class path resource [public/index.html]
2026-06-05 12:09:56,253 [main] INFO  o.apache.coyote.http11.Http11NioProtocol           - Starting ProtocolHandler ["http-nio-22223"]
2026-06-05 12:09:56,289 [main] INFO  o.s.b.w.embedded.tomcat.TomcatWebServer            - Tomcat started on port 22223 (http) with context path '/'
2026-06-05 12:09:56,302 [main] INFO  c.e.s.java.server.JavaServerApplication            - Started JavaServerApplication in 13.885 seconds (process running for 14.161)
2026-06-05 12:09:56,307 [main] INFO  c.e.s.j.server.SystemApplicationListener           - org.springframework.boot.context.event.ApplicationReadyEvent[source=org.springframework.boot.SpringApplication@2791a2b4]
2026-06-05 12:09:56,308 [main] INFO  c.e.s.j.server.SystemApplicationListener           - SystemInitStart
2026-06-05 12:09:56,696 [main] INFO  c.e.s.java.server.services.SystemService           - System config loaded, 0 items
2026-06-05 12:09:56,696 [main] INFO  c.e.s.j.server.SystemApplicationListener           - systemInitEnd
2026-06-05 12:09:57,794 [http-nio-22223-exec-1] INFO  o.a.c.c.C.[Tomcat].[localhost].[/]                 - Initializing Spring DispatcherServlet 'dispatcherServlet'
2026-06-05 12:09:57,794 [http-nio-22223-exec-1] INFO  o.s.web.servlet.DispatcherServlet                  - Initializing Servlet 'dispatcherServlet'
2026-06-05 12:09:57,795 [http-nio-22223-exec-1] INFO  o.s.web.servlet.DispatcherServlet                  - Completed initialization in 1 ms
2026-06-05 12:09:58,509 [http-nio-22223-exec-2] INFO  c.e.s.j.s.c.JwtAuthenticationFilter                - /api/base/getDataBaseUserName,admin,2026-06-05 12:09:58,0.159
2026-06-05 12:09:59,050 [http-nio-22223-exec-3] INFO  c.e.s.j.s.c.JwtAuthenticationFilter                - /api/base/getMenuList,admin,2026-06-05 12:09:58,0.424
2026-06-05 12:10:04,670 [http-nio-22223-exec-4] INFO  c.e.s.j.s.c.JwtAuthenticationFilter                - /api/studentLeave/getTeacherItemOptionList,admin,2026-06-05 12:10:04,0.146
2026-06-05 12:10:05,008 [http-nio-22223-exec-5] INFO  c.e.s.j.s.c.JwtAuthenticationFilter                - /api/studentLeave/getStudentLeaveList,admin,2026-06-05 12:10:04,0.225
2026-06-05 12:10:17,072 [http-nio-22223-exec-7] INFO  c.e.s.j.s.c.JwtAuthenticationFilter                - /api/base/getDataBaseUserName,2022030002,2026-06-05 12:10:16,0.117
2026-06-05 12:10:17,514 [http-nio-22223-exec-8] INFO  c.e.s.j.s.c.JwtAuthenticationFilter                - /api/base/getMenuList,2022030002,2026-06-05 12:10:17,0.341
2026-06-05 12:10:20,432 [http-nio-22223-exec-9] INFO  c.e.s.j.s.c.JwtAuthenticationFilter                - /api/studentLeave/getTeacherItemOptionList,2022030002,2026-06-05 12:10:20,0.161
2026-06-05 12:10:20,787 [http-nio-22223-exec-10] INFO  c.e.s.j.s.c.JwtAuthenticationFilter                - /api/studentLeave/getStudentLeaveList,2022030002,2026-06-05 12:10:20,0.25
2026-06-05 12:10:21,969 [http-nio-22223-exec-1] INFO  c.e.s.j.s.c.JwtAuthenticationFilter                - /api/studentLeave/getLeaveProgress,2022030002,2026-06-05 12:10:21,0.197
2026-06-05 12:10:31,721 [http-nio-22223-exec-2] INFO  c.e.s.j.s.c.JwtAuthenticationFilter                - /api/studentLeave/studentReturn,2022030002,2026-06-05 12:10:31,0.293
2026-06-05 12:10:32,072 [http-nio-22223-exec-3] INFO  c.e.s.j.s.c.JwtAuthenticationFilter                - /api/studentLeave/getStudentLeaveList,2022030002,2026-06-05 12:10:31,0.24
2026-06-05 12:10:35,045 [http-nio-22223-exec-4] INFO  c.e.s.j.s.c.JwtAuthenticationFilter                - /api/studentLeave/studentReturn,2022030002,2026-06-05 12:10:34,0.239
2026-06-05 12:10:35,474 [http-nio-22223-exec-5] INFO  c.e.s.j.s.c.JwtAuthenticationFilter                - /api/studentLeave/getStudentLeaveList,2022030002,2026-06-05 12:10:35,0.299
2026-06-05 12:10:37,599 [http-nio-22223-exec-6] INFO  c.e.s.j.s.c.JwtAuthenticationFilter                - /api/studentLeave/studentReturn,2022030002,2026-06-05 12:10:37,0.463
2026-06-05 12:10:38,418 [http-nio-22223-exec-7] INFO  c.e.s.j.s.c.JwtAuthenticationFilter                - /api/studentLeave/getStudentLeaveList,2022030002,2026-06-05 12:10:37,0.52
2026-06-05 12:10:43,418 [http-nio-22223-exec-9] INFO  c.e.s.j.s.c.JwtAuthenticationFilter                - /api/base/getDataBaseUserName,admin,2026-06-05 12:10:43,0.11
2026-06-05 12:10:43,874 [http-nio-22223-exec-10] INFO  c.e.s.j.s.c.JwtAuthenticationFilter                - /api/base/getMenuList,admin,2026-06-05 12:10:43,0.363
2026-06-05 12:10:47,144 [http-nio-22223-exec-1] INFO  c.e.s.j.s.c.JwtAuthenticationFilter                - /api/studentLeave/getTeacherItemOptionList,admin,2026-06-05 12:10:47,0.141
2026-06-05 12:10:47,603 [http-nio-22223-exec-2] INFO  c.e.s.j.s.c.JwtAuthenticationFilter                - /api/studentLeave/getStudentLeaveList,admin,2026-06-05 12:10:47,0.259
2026-06-05 12:10:52,050 [http-nio-22223-exec-3] INFO  c.e.s.j.s.c.JwtAuthenticationFilter                - /api/studentLeave/studentReturnCheck,admin,2026-06-05 12:10:51,0.317
2026-06-05 12:10:52,516 [http-nio-22223-exec-4] INFO  c.e.s.j.s.c.JwtAuthenticationFilter                - /api/studentLeave/getStudentLeaveList,admin,2026-06-05 12:10:52,0.308
2026-06-05 12:10:54,792 [http-nio-22223-exec-5] INFO  c.e.s.j.s.c.JwtAuthenticationFilter                - /api/studentLeave/studentReturnCheck,admin,2026-06-05 12:10:54,0.38
2026-06-05 12:10:55,151 [http-nio-22223-exec-6] INFO  c.e.s.j.s.c.JwtAuthenticationFilter                - /api/studentLeave/getStudentLeaveList,admin,2026-06-05 12:10:54,0.254
2026-06-05 12:10:57,179 [http-nio-22223-exec-7] INFO  c.e.s.j.s.c.JwtAuthenticationFilter                - /api/studentLeave/studentReturnCheck,admin,2026-06-05 12:10:56,0.283
2026-06-05 12:10:57,563 [http-nio-22223-exec-8] INFO  c.e.s.j.s.c.JwtAuthenticationFilter                - /api/studentLeave/getStudentLeaveList,admin,2026-06-05 12:10:57,0.185
2026-06-05 12:15:18,424 [background-preinit] INFO  o.h.validator.internal.util.Version                - HV000001: Hibernate Validator 8.0.2.Final
2026-06-05 12:15:18,511 [main] INFO  c.e.s.java.server.JavaServerApplication            - Starting JavaServerApplication using Java 21.0.5 with PID 17708 (D:\JavaProject\server\target\classes started by Xinbin in D:\JavaProject\server)
2026-06-05 12:15:18,513 [main] INFO  c.e.s.java.server.JavaServerApplication            - No active profile set, falling back to 1 default profile: "default"
2026-06-05 12:15:19,677 [main] INFO  o.s.d.r.c.RepositoryConfigurationDelegate          - Multiple Spring Data modules found, entering strict repository configuration mode
2026-06-05 12:15:19,679 [main] INFO  o.s.d.r.c.RepositoryConfigurationDelegate          - Bootstrapping Spring Data JPA repositories in DEFAULT mode.
2026-06-05 12:15:19,912 [main] INFO  o.s.d.r.c.RepositoryConfigurationDelegate          - Finished Spring Data repository scanning in 226 ms. Found 32 JPA repository interfaces.
2026-06-05 12:15:19,948 [main] INFO  o.s.d.r.c.RepositoryConfigurationDelegate          - Multiple Spring Data modules found, entering strict repository configuration mode
2026-06-05 12:15:19,949 [main] INFO  o.s.d.r.c.RepositoryConfigurationDelegate          - Bootstrapping Spring Data Redis repositories in DEFAULT mode.
2026-06-05 12:15:19,974 [main] INFO  o.s.d.r.c.RepositoryConfigurationExtensionSupport  - Spring Data Redis - Could not safely identify store assignment for repository candidate interface cn.edu.sdu.java.server.repositorys.ApprovalRecordRepository; If you want this repository to be a Redis repository, consider annotating your entities with one of these annotations: org.springframework.data.redis.core.RedisHash (preferred), or consider extending one of the following types with your repository: org.springframework.data.keyvalue.repository.KeyValueRepository
2026-06-05 12:15:19,976 [main] INFO  o.s.d.r.c.RepositoryConfigurationExtensionSupport  - Spring Data Redis - Could not safely identify store assignment for repository candidate interface cn.edu.sdu.java.server.repositorys.AttendanceRepository; If you want this repository to be a Redis repository, consider annotating your entities with one of these annotations: org.springframework.data.redis.core.RedisHash (preferred), or consider extending one of the following types with your repository: org.springframework.data.keyvalue.repository.KeyValueRepository
2026-06-05 12:15:19,977 [main] INFO  o.s.d.r.c.RepositoryConfigurationExtensionSupport  - Spring Data Redis - Could not safely identify store assignment for repository candidate interface cn.edu.sdu.java.server.repositorys.CourseMaterialRepository; If you want this repository to be a Redis repository, consider annotating your entities with one of these annotations: org.springframework.data.redis.core.RedisHash (preferred), or consider extending one of the following types with your repository: org.springframework.data.keyvalue.repository.KeyValueRepository
2026-06-05 12:15:19,978 [main] INFO  o.s.d.r.c.RepositoryConfigurationExtensionSupport  - Spring Data Redis - Could not safely identify store assignment for repository candidate interface cn.edu.sdu.java.server.repositorys.CourseRepository; If you want this repository to be a Redis repository, consider annotating your entities with one of these annotations: org.springframework.data.redis.core.RedisHash (preferred), or consider extending one of the following types with your repository: org.springframework.data.keyvalue.repository.KeyValueRepository
2026-06-05 12:15:19,978 [main] INFO  o.s.d.r.c.RepositoryConfigurationExtensionSupport  - Spring Data Redis - Could not safely identify store assignment for repository candidate interface cn.edu.sdu.java.server.repositorys.CourseSelectionRepository; If you want this repository to be a Redis repository, consider annotating your entities with one of these annotations: org.springframework.data.redis.core.RedisHash (preferred), or consider extending one of the following types with your repository: org.springframework.data.keyvalue.repository.KeyValueRepository
2026-06-05 12:15:19,979 [main] INFO  o.s.d.r.c.RepositoryConfigurationExtensionSupport  - Spring Data Redis - Could not safely identify store assignment for repository candidate interface cn.edu.sdu.java.server.repositorys.CourseTeachingRepository; If you want this repository to be a Redis repository, consider annotating your entities with one of these annotations: org.springframework.data.redis.core.RedisHash (preferred), or consider extending one of the following types with your repository: org.springframework.data.keyvalue.repository.KeyValueRepository
2026-06-05 12:15:19,980 [main] INFO  o.s.d.r.c.RepositoryConfigurationExtensionSupport  - Spring Data Redis - Could not safely identify store assignment for repository candidate interface cn.edu.sdu.java.server.repositorys.DailyActivityRepository; If you want this repository to be a Redis repository, consider annotating your entities with one of these annotations: org.springframework.data.redis.core.RedisHash (preferred), or consider extending one of the following types with your repository: org.springframework.data.keyvalue.repository.KeyValueRepository
2026-06-05 12:15:19,980 [main] INFO  o.s.d.r.c.RepositoryConfigurationExtensionSupport  - Spring Data Redis - Could not safely identify store assignment for repository candidate interface cn.edu.sdu.java.server.repositorys.DevelopmentRepository; If you want this repository to be a Redis repository, consider annotating your entities with one of these annotations: org.springframework.data.redis.core.RedisHash (preferred), or consider extending one of the following types with your repository: org.springframework.data.keyvalue.repository.KeyValueRepository
2026-06-05 12:15:19,981 [main] INFO  o.s.d.r.c.RepositoryConfigurationExtensionSupport  - Spring Data Redis - Could not safely identify store assignment for repository candidate interface cn.edu.sdu.java.server.repositorys.DictionaryInfoRepository; If you want this repository to be a Redis repository, consider annotating your entities with one of these annotations: org.springframework.data.redis.core.RedisHash (preferred), or consider extending one of the following types with your repository: org.springframework.data.keyvalue.repository.KeyValueRepository
2026-06-05 12:15:19,982 [main] INFO  o.s.d.r.c.RepositoryConfigurationExtensionSupport  - Spring Data Redis - Could not safely identify store assignment for repository candidate interface cn.edu.sdu.java.server.repositorys.ExamScheduleRepository; If you want this repository to be a Redis repository, consider annotating your entities with one of these annotations: org.springframework.data.redis.core.RedisHash (preferred), or consider extending one of the following types with your repository: org.springframework.data.keyvalue.repository.KeyValueRepository
2026-06-05 12:15:19,984 [main] INFO  o.s.d.r.c.RepositoryConfigurationExtensionSupport  - Spring Data Redis - Could not safely identify store assignment for repository candidate interface cn.edu.sdu.java.server.repositorys.FamilyMemberRepository; If you want this repository to be a Redis repository, consider annotating your entities with one of these annotations: org.springframework.data.redis.core.RedisHash (preferred), or consider extending one of the following types with your repository: org.springframework.data.keyvalue.repository.KeyValueRepository
2026-06-05 12:15:19,984 [main] INFO  o.s.d.r.c.RepositoryConfigurationExtensionSupport  - Spring Data Redis - Could not safely identify store assignment for repository candidate interface cn.edu.sdu.java.server.repositorys.FeeRepository; If you want this repository to be a Redis repository, consider annotating your entities with one of these annotations: org.springframework.data.redis.core.RedisHash (preferred), or consider extending one of the following types with your repository: org.springframework.data.keyvalue.repository.KeyValueRepository
2026-06-05 12:15:19,984 [main] INFO  o.s.d.r.c.RepositoryConfigurationExtensionSupport  - Spring Data Redis - Could not safely identify store assignment for repository candidate interface cn.edu.sdu.java.server.repositorys.HomeworkRepository; If you want this repository to be a Redis repository, consider annotating your entities with one of these annotations: org.springframework.data.redis.core.RedisHash (preferred), or consider extending one of the following types with your repository: org.springframework.data.keyvalue.repository.KeyValueRepository
2026-06-05 12:15:19,985 [main] INFO  o.s.d.r.c.RepositoryConfigurationExtensionSupport  - Spring Data Redis - Could not safely identify store assignment for repository candidate interface cn.edu.sdu.java.server.repositorys.HomeworkSubmissionRepository; If you want this repository to be a Redis repository, consider annotating your entities with one of these annotations: org.springframework.data.redis.core.RedisHash (preferred), or consider extending one of the following types with your repository: org.springframework.data.keyvalue.repository.KeyValueRepository
2026-06-05 12:15:19,985 [main] INFO  o.s.d.r.c.RepositoryConfigurationExtensionSupport  - Spring Data Redis - Could not safely identify store assignment for repository candidate interface cn.edu.sdu.java.server.repositorys.HonorRepository; If you want this repository to be a Redis repository, consider annotating your entities with one of these annotations: org.springframework.data.redis.core.RedisHash (preferred), or consider extending one of the following types with your repository: org.springframework.data.keyvalue.repository.KeyValueRepository
2026-06-05 12:15:19,986 [main] INFO  o.s.d.r.c.RepositoryConfigurationExtensionSupport  - Spring Data Redis - Could not safely identify store assignment for repository candidate interface cn.edu.sdu.java.server.repositorys.InnovationProjectRepository; If you want this repository to be a Redis repository, consider annotating your entities with one of these annotations: org.springframework.data.redis.core.RedisHash (preferred), or consider extending one of the following types with your repository: org.springframework.data.keyvalue.repository.KeyValueRepository
2026-06-05 12:15:19,987 [main] INFO  o.s.d.r.c.RepositoryConfigurationExtensionSupport  - Spring Data Redis - Could not safely identify store assignment for repository candidate interface cn.edu.sdu.java.server.repositorys.MenuInfoRepository; If you want this repository to be a Redis repository, consider annotating your entities with one of these annotations: org.springframework.data.redis.core.RedisHash (preferred), or consider extending one of the following types with your repository: org.springframework.data.keyvalue.repository.KeyValueRepository
2026-06-05 12:15:19,988 [main] INFO  o.s.d.r.c.RepositoryConfigurationExtensionSupport  - Spring Data Redis - Could not safely identify store assignment for repository candidate interface cn.edu.sdu.java.server.repositorys.ModifyLogRepository; If you want this repository to be a Redis repository, consider annotating your entities with one of these annotations: org.springframework.data.redis.core.RedisHash (preferred), or consider extending one of the following types with your repository: org.springframework.data.keyvalue.repository.KeyValueRepository
2026-06-05 12:15:19,989 [main] INFO  o.s.d.r.c.RepositoryConfigurationExtensionSupport  - Spring Data Redis - Could not safely identify store assignment for repository candidate interface cn.edu.sdu.java.server.repositorys.PersonRepository; If you want this repository to be a Redis repository, consider annotating your entities with one of these annotations: org.springframework.data.redis.core.RedisHash (preferred), or consider extending one of the following types with your repository: org.springframework.data.keyvalue.repository.KeyValueRepository
2026-06-05 12:15:19,990 [main] INFO  o.s.d.r.c.RepositoryConfigurationExtensionSupport  - Spring Data Redis - Could not safely identify store assignment for repository candidate interface cn.edu.sdu.java.server.repositorys.PunishmentRepository; If you want this repository to be a Redis repository, consider annotating your entities with one of these annotations: org.springframework.data.redis.core.RedisHash (preferred), or consider extending one of the following types with your repository: org.springframework.data.keyvalue.repository.KeyValueRepository
2026-06-05 12:15:19,991 [main] INFO  o.s.d.r.c.RepositoryConfigurationExtensionSupport  - Spring Data Redis - Could not safely identify store assignment for repository candidate interface cn.edu.sdu.java.server.repositorys.RequestLogRepository; If you want this repository to be a Redis repository, consider annotating your entities with one of these annotations: org.springframework.data.redis.core.RedisHash (preferred), or consider extending one of the following types with your repository: org.springframework.data.keyvalue.repository.KeyValueRepository
2026-06-05 12:15:19,991 [main] INFO  o.s.d.r.c.RepositoryConfigurationExtensionSupport  - Spring Data Redis - Could not safely identify store assignment for repository candidate interface cn.edu.sdu.java.server.repositorys.ScoreRepository; If you want this repository to be a Redis repository, consider annotating your entities with one of these annotations: org.springframework.data.redis.core.RedisHash (preferred), or consider extending one of the following types with your repository: org.springframework.data.keyvalue.repository.KeyValueRepository
2026-06-05 12:15:19,992 [main] INFO  o.s.d.r.c.RepositoryConfigurationExtensionSupport  - Spring Data Redis - Could not safely identify store assignment for repository candidate interface cn.edu.sdu.java.server.repositorys.SocialRelationRepository; If you want this repository to be a Redis repository, consider annotating your entities with one of these annotations: org.springframework.data.redis.core.RedisHash (preferred), or consider extending one of the following types with your repository: org.springframework.data.keyvalue.repository.KeyValueRepository
2026-06-05 12:15:19,992 [main] INFO  o.s.d.r.c.RepositoryConfigurationExtensionSupport  - Spring Data Redis - Could not safely identify store assignment for repository candidate interface cn.edu.sdu.java.server.repositorys.StatisticsDayRepository; If you want this repository to be a Redis repository, consider annotating your entities with one of these annotations: org.springframework.data.redis.core.RedisHash (preferred), or consider extending one of the following types with your repository: org.springframework.data.keyvalue.repository.KeyValueRepository
2026-06-05 12:15:19,992 [main] INFO  o.s.d.r.c.RepositoryConfigurationExtensionSupport  - Spring Data Redis - Could not safely identify store assignment for repository candidate interface cn.edu.sdu.java.server.repositorys.StudentExamScheduleRepository; If you want this repository to be a Redis repository, consider annotating your entities with one of these annotations: org.springframework.data.redis.core.RedisHash (preferred), or consider extending one of the following types with your repository: org.springframework.data.keyvalue.repository.KeyValueRepository
2026-06-05 12:15:19,993 [main] INFO  o.s.d.r.c.RepositoryConfigurationExtensionSupport  - Spring Data Redis - Could not safely identify store assignment for repository candidate interface cn.edu.sdu.java.server.repositorys.StudentLeaveRepository; If you want this repository to be a Redis repository, consider annotating your entities with one of these annotations: org.springframework.data.redis.core.RedisHash (preferred), or consider extending one of the following types with your repository: org.springframework.data.keyvalue.repository.KeyValueRepository
2026-06-05 12:15:19,993 [main] INFO  o.s.d.r.c.RepositoryConfigurationExtensionSupport  - Spring Data Redis - Could not safely identify store assignment for repository candidate interface cn.edu.sdu.java.server.repositorys.StudentRepository; If you want this repository to be a Redis repository, consider annotating your entities with one of these annotations: org.springframework.data.redis.core.RedisHash (preferred), or consider extending one of the following types with your repository: org.springframework.data.keyvalue.repository.KeyValueRepository
2026-06-05 12:15:19,993 [main] INFO  o.s.d.r.c.RepositoryConfigurationExtensionSupport  - Spring Data Redis - Could not safely identify store assignment for repository candidate interface cn.edu.sdu.java.server.repositorys.StudentStatisticsRepository; If you want this repository to be a Redis repository, consider annotating your entities with one of these annotations: org.springframework.data.redis.core.RedisHash (preferred), or consider extending one of the following types with your repository: org.springframework.data.keyvalue.repository.KeyValueRepository
2026-06-05 12:15:19,994 [main] INFO  o.s.d.r.c.RepositoryConfigurationExtensionSupport  - Spring Data Redis - Could not safely identify store assignment for repository candidate interface cn.edu.sdu.java.server.repositorys.SystemInfoRepository; If you want this repository to be a Redis repository, consider annotating your entities with one of these annotations: org.springframework.data.redis.core.RedisHash (preferred), or consider extending one of the following types with your repository: org.springframework.data.keyvalue.repository.KeyValueRepository
2026-06-05 12:15:19,994 [main] INFO  o.s.d.r.c.RepositoryConfigurationExtensionSupport  - Spring Data Redis - Could not safely identify store assignment for repository candidate interface cn.edu.sdu.java.server.repositorys.TeacherRepository; If you want this repository to be a Redis repository, consider annotating your entities with one of these annotations: org.springframework.data.redis.core.RedisHash (preferred), or consider extending one of the following types with your repository: org.springframework.data.keyvalue.repository.KeyValueRepository
2026-06-05 12:15:19,995 [main] INFO  o.s.d.r.c.RepositoryConfigurationExtensionSupport  - Spring Data Redis - Could not safely identify store assignment for repository candidate interface cn.edu.sdu.java.server.repositorys.UserRepository; If you want this repository to be a Redis repository, consider annotating your entities with one of these annotations: org.springframework.data.redis.core.RedisHash (preferred), or consider extending one of the following types with your repository: org.springframework.data.keyvalue.repository.KeyValueRepository
2026-06-05 12:15:19,995 [main] INFO  o.s.d.r.c.RepositoryConfigurationExtensionSupport  - Spring Data Redis - Could not safely identify store assignment for repository candidate interface cn.edu.sdu.java.server.repositorys.UserTypeRepository; If you want this repository to be a Redis repository, consider annotating your entities with one of these annotations: org.springframework.data.redis.core.RedisHash (preferred), or consider extending one of the following types with your repository: org.springframework.data.keyvalue.repository.KeyValueRepository
2026-06-05 12:15:19,996 [main] INFO  o.s.d.r.c.RepositoryConfigurationDelegate          - Finished Spring Data repository scanning in 34 ms. Found 0 Redis repository interfaces.
2026-06-05 12:15:21,187 [main] INFO  o.s.b.w.embedded.tomcat.TomcatWebServer            - Tomcat initialized with port 22223 (http)
2026-06-05 12:15:21,208 [main] INFO  o.apache.coyote.http11.Http11NioProtocol           - Initializing ProtocolHandler ["http-nio-22223"]
2026-06-05 12:15:21,211 [main] INFO  o.apache.catalina.core.StandardService             - Starting service [Tomcat]
2026-06-05 12:15:21,211 [main] INFO  org.apache.catalina.core.StandardEngine            - Starting Servlet engine: [Apache Tomcat/10.1.34]
2026-06-05 12:15:21,292 [main] INFO  o.a.c.c.C.[Tomcat].[localhost].[/]                 - Initializing Spring embedded WebApplicationContext
2026-06-05 12:15:21,293 [main] INFO  o.s.b.w.s.c.ServletWebServerApplicationContext     - Root WebApplicationContext: initialization completed in 2731 ms
2026-06-05 12:15:21,612 [main] INFO  o.hibernate.jpa.internal.util.LogHelper            - HHH000204: Processing PersistenceUnitInfo [name: default]
2026-06-05 12:15:21,713 [main] INFO  org.hibernate.Version                              - HHH000412: Hibernate ORM core version 6.6.5.Final
2026-06-05 12:15:21,759 [main] INFO  o.h.c.internal.RegionFactoryInitiator              - HHH000026: Second-level cache disabled
2026-06-05 12:15:21,974 [main] INFO  o.s.o.j.p.SpringPersistenceUnitInfo                - No LoadTimeWeaver setup: ignoring JPA class transformer
2026-06-05 12:15:21,997 [main] INFO  com.zaxxer.hikari.HikariDataSource                 - HikariPool-1 - Starting...
2026-06-05 12:15:26,685 [main] INFO  com.zaxxer.hikari.pool.HikariPool                  - HikariPool-1 - Added connection com.mysql.cj.jdbc.ConnectionImpl@56fa0ef
2026-06-05 12:15:26,686 [main] INFO  com.zaxxer.hikari.HikariDataSource                 - HikariPool-1 - Start completed.
2026-06-05 12:15:26,749 [main] INFO  org.hibernate.orm.connections.pooling              - HHH10001005: Database info:
	Database JDBC URL [Connecting through datasource 'HikariDataSource (HikariPool-1)']
	Database driver: undefined/unknown
	Database version: 8.0.35
	Autocommit mode: undefined/unknown
	Isolation level: undefined/unknown
	Minimum pool size: undefined/unknown
	Maximum pool size: undefined/unknown
2026-06-05 12:15:27,793 [main] INFO  o.h.e.t.j.p.i.JtaPlatformInitiator                 - HHH000489: No JTA platform available (set 'hibernate.transaction.jta.platform' to enable JTA platform integration)
2026-06-05 12:15:27,796 [main] INFO  o.s.o.j.LocalContainerEntityManagerFactoryBean     - Initialized JPA EntityManagerFactory for persistence unit 'default'
2026-06-05 12:15:28,277 [main] INFO  o.s.d.j.r.query.QueryEnhancerFactory               - Hibernate is in classpath; If applicable, HQL parser will be used.
2026-06-05 12:15:29,146 [main] WARN  o.s.b.a.o.j.JpaBaseConfiguration$JpaWebConfiguration - spring.jpa.open-in-view is enabled by default. Therefore, database queries may be performed during view rendering. Explicitly configure spring.jpa.open-in-view to disable this warning
2026-06-05 12:15:30,158 [main] INFO  o.s.s.c.a.a.c.InitializeAuthenticationProviderBeanManagerConfigurer$InitializeAuthenticationProviderManagerConfigurer - Global AuthenticationManager configured with AuthenticationProvider bean with name authenticationProvider
2026-06-05 12:15:30,159 [main] WARN  o.s.s.c.a.a.c.InitializeUserDetailsBeanManagerConfigurer$InitializeUserDetailsManagerConfigurer - Global AuthenticationManager configured with an AuthenticationProvider bean. UserDetailsService beans will not be used by Spring Security for automatically configuring username/password login. Consider removing the AuthenticationProvider bean. Alternatively, consider using the UserDetailsService in a manually instantiated DaoAuthenticationProvider. If the current configuration is intentional, to turn off this warning, increase the logging level of 'org.springframework.security.config.annotation.authentication.configuration.InitializeUserDetailsBeanManagerConfigurer' to ERROR
2026-06-05 12:15:31,066 [main] INFO  o.s.b.a.w.s.WelcomePageHandlerMapping              - Adding welcome page: class path resource [public/index.html]
2026-06-05 12:15:32,210 [main] INFO  o.apache.coyote.http11.Http11NioProtocol           - Starting ProtocolHandler ["http-nio-22223"]
2026-06-05 12:15:32,248 [main] INFO  o.s.b.w.embedded.tomcat.TomcatWebServer            - Tomcat started on port 22223 (http) with context path '/'
2026-06-05 12:15:32,262 [main] INFO  c.e.s.java.server.JavaServerApplication            - Started JavaServerApplication in 14.42 seconds (process running for 14.774)
2026-06-05 12:15:32,268 [main] INFO  c.e.s.j.server.SystemApplicationListener           - org.springframework.boot.context.event.ApplicationReadyEvent[source=org.springframework.boot.SpringApplication@317b0040]
2026-06-05 12:15:32,268 [main] INFO  c.e.s.j.server.SystemApplicationListener           - SystemInitStart
2026-06-05 12:15:32,409 [main] INFO  c.e.s.java.server.services.SystemService           - System config loaded, 0 items
2026-06-05 12:15:32,410 [main] INFO  c.e.s.j.server.SystemApplicationListener           - systemInitEnd
2026-06-05 12:16:30,679 [http-nio-22223-exec-1] INFO  o.a.c.c.C.[Tomcat].[localhost].[/]                 - Initializing Spring DispatcherServlet 'dispatcherServlet'
2026-06-05 12:16:30,680 [http-nio-22223-exec-1] INFO  o.s.web.servlet.DispatcherServlet                  - Initializing Servlet 'dispatcherServlet'
2026-06-05 12:16:30,681 [http-nio-22223-exec-1] INFO  o.s.web.servlet.DispatcherServlet                  - Completed initialization in 1 ms
2026-06-05 12:16:31,503 [http-nio-22223-exec-2] INFO  c.e.s.j.s.c.JwtAuthenticationFilter                - /api/base/getDataBaseUserName,admin,2026-06-05 12:16:31,0.204
2026-06-05 12:16:31,918 [http-nio-22223-exec-3] INFO  c.e.s.j.s.c.JwtAuthenticationFilter                - /api/base/getMenuList,admin,2026-06-05 12:16:31,0.318
2026-06-05 12:16:38,213 [http-nio-22223-exec-4] INFO  c.e.s.j.s.c.JwtAuthenticationFilter                - /api/studentLeave/getTeacherItemOptionList,admin,2026-06-05 12:16:38,0.144
2026-06-05 12:16:38,657 [http-nio-22223-exec-5] INFO  c.e.s.j.s.c.JwtAuthenticationFilter                - /api/studentLeave/getStudentLeaveList,admin,2026-06-05 12:16:38,0.312
2026-06-05 12:16:42,539 [http-nio-22223-exec-6] INFO  c.e.s.j.s.c.JwtAuthenticationFilter                - /api/studentLeave/getLeaveProgress,admin,2026-06-05 12:16:42,0.144
2026-06-05 23:59:34,788 [background-preinit] INFO  o.h.validator.internal.util.Version                - HV000001: Hibernate Validator 8.0.2.Final
2026-06-05 23:59:34,864 [main] INFO  c.e.s.java.server.JavaServerApplication            - Starting JavaServerApplication using Java 21.0.10 with PID 11820 (D:\java\server\target\classes started by 星bookpro14-PC in D:\java\server)
2026-06-05 23:59:34,865 [main] INFO  c.e.s.java.server.JavaServerApplication            - No active profile set, falling back to 1 default profile: "default"
2026-06-05 23:59:36,116 [main] INFO  o.s.d.r.c.RepositoryConfigurationDelegate          - Multiple Spring Data modules found, entering strict repository configuration mode
2026-06-05 23:59:36,117 [main] INFO  o.s.d.r.c.RepositoryConfigurationDelegate          - Bootstrapping Spring Data JPA repositories in DEFAULT mode.
2026-06-05 23:59:36,352 [main] INFO  o.s.d.r.c.RepositoryConfigurationDelegate          - Finished Spring Data repository scanning in 228 ms. Found 32 JPA repository interfaces.
2026-06-05 23:59:36,381 [main] INFO  o.s.d.r.c.RepositoryConfigurationDelegate          - Multiple Spring Data modules found, entering strict repository configuration mode
2026-06-05 23:59:36,382 [main] INFO  o.s.d.r.c.RepositoryConfigurationDelegate          - Bootstrapping Spring Data Redis repositories in DEFAULT mode.
2026-06-05 23:59:36,400 [main] INFO  o.s.d.r.c.RepositoryConfigurationExtensionSupport  - Spring Data Redis - Could not safely identify store assignment for repository candidate interface cn.edu.sdu.java.server.repositorys.ApprovalRecordRepository; If you want this repository to be a Redis repository, consider annotating your entities with one of these annotations: org.springframework.data.redis.core.RedisHash (preferred), or consider extending one of the following types with your repository: org.springframework.data.keyvalue.repository.KeyValueRepository
2026-06-05 23:59:36,400 [main] INFO  o.s.d.r.c.RepositoryConfigurationExtensionSupport  - Spring Data Redis - Could not safely identify store assignment for repository candidate interface cn.edu.sdu.java.server.repositorys.AttendanceRepository; If you want this repository to be a Redis repository, consider annotating your entities with one of these annotations: org.springframework.data.redis.core.RedisHash (preferred), or consider extending one of the following types with your repository: org.springframework.data.keyvalue.repository.KeyValueRepository
2026-06-05 23:59:36,400 [main] INFO  o.s.d.r.c.RepositoryConfigurationExtensionSupport  - Spring Data Redis - Could not safely identify store assignment for repository candidate interface cn.edu.sdu.java.server.repositorys.CourseMaterialRepository; If you want this repository to be a Redis repository, consider annotating your entities with one of these annotations: org.springframework.data.redis.core.RedisHash (preferred), or consider extending one of the following types with your repository: org.springframework.data.keyvalue.repository.KeyValueRepository
2026-06-05 23:59:36,400 [main] INFO  o.s.d.r.c.RepositoryConfigurationExtensionSupport  - Spring Data Redis - Could not safely identify store assignment for repository candidate interface cn.edu.sdu.java.server.repositorys.CourseRepository; If you want this repository to be a Redis repository, consider annotating your entities with one of these annotations: org.springframework.data.redis.core.RedisHash (preferred), or consider extending one of the following types with your repository: org.springframework.data.keyvalue.repository.KeyValueRepository
2026-06-05 23:59:36,400 [main] INFO  o.s.d.r.c.RepositoryConfigurationExtensionSupport  - Spring Data Redis - Could not safely identify store assignment for repository candidate interface cn.edu.sdu.java.server.repositorys.CourseSelectionRepository; If you want this repository to be a Redis repository, consider annotating your entities with one of these annotations: org.springframework.data.redis.core.RedisHash (preferred), or consider extending one of the following types with your repository: org.springframework.data.keyvalue.repository.KeyValueRepository
2026-06-05 23:59:36,400 [main] INFO  o.s.d.r.c.RepositoryConfigurationExtensionSupport  - Spring Data Redis - Could not safely identify store assignment for repository candidate interface cn.edu.sdu.java.server.repositorys.CourseTeachingRepository; If you want this repository to be a Redis repository, consider annotating your entities with one of these annotations: org.springframework.data.redis.core.RedisHash (preferred), or consider extending one of the following types with your repository: org.springframework.data.keyvalue.repository.KeyValueRepository
2026-06-05 23:59:36,400 [main] INFO  o.s.d.r.c.RepositoryConfigurationExtensionSupport  - Spring Data Redis - Could not safely identify store assignment for repository candidate interface cn.edu.sdu.java.server.repositorys.DailyActivityRepository; If you want this repository to be a Redis repository, consider annotating your entities with one of these annotations: org.springframework.data.redis.core.RedisHash (preferred), or consider extending one of the following types with your repository: org.springframework.data.keyvalue.repository.KeyValueRepository
2026-06-05 23:59:36,400 [main] INFO  o.s.d.r.c.RepositoryConfigurationExtensionSupport  - Spring Data Redis - Could not safely identify store assignment for repository candidate interface cn.edu.sdu.java.server.repositorys.DevelopmentRepository; If you want this repository to be a Redis repository, consider annotating your entities with one of these annotations: org.springframework.data.redis.core.RedisHash (preferred), or consider extending one of the following types with your repository: org.springframework.data.keyvalue.repository.KeyValueRepository
2026-06-05 23:59:36,401 [main] INFO  o.s.d.r.c.RepositoryConfigurationExtensionSupport  - Spring Data Redis - Could not safely identify store assignment for repository candidate interface cn.edu.sdu.java.server.repositorys.DictionaryInfoRepository; If you want this repository to be a Redis repository, consider annotating your entities with one of these annotations: org.springframework.data.redis.core.RedisHash (preferred), or consider extending one of the following types with your repository: org.springframework.data.keyvalue.repository.KeyValueRepository
2026-06-05 23:59:36,401 [main] INFO  o.s.d.r.c.RepositoryConfigurationExtensionSupport  - Spring Data Redis - Could not safely identify store assignment for repository candidate interface cn.edu.sdu.java.server.repositorys.ExamScheduleRepository; If you want this repository to be a Redis repository, consider annotating your entities with one of these annotations: org.springframework.data.redis.core.RedisHash (preferred), or consider extending one of the following types with your repository: org.springframework.data.keyvalue.repository.KeyValueRepository
2026-06-05 23:59:36,401 [main] INFO  o.s.d.r.c.RepositoryConfigurationExtensionSupport  - Spring Data Redis - Could not safely identify store assignment for repository candidate interface cn.edu.sdu.java.server.repositorys.FamilyMemberRepository; If you want this repository to be a Redis repository, consider annotating your entities with one of these annotations: org.springframework.data.redis.core.RedisHash (preferred), or consider extending one of the following types with your repository: org.springframework.data.keyvalue.repository.KeyValueRepository
2026-06-05 23:59:36,401 [main] INFO  o.s.d.r.c.RepositoryConfigurationExtensionSupport  - Spring Data Redis - Could not safely identify store assignment for repository candidate interface cn.edu.sdu.java.server.repositorys.FeeRepository; If you want this repository to be a Redis repository, consider annotating your entities with one of these annotations: org.springframework.data.redis.core.RedisHash (preferred), or consider extending one of the following types with your repository: org.springframework.data.keyvalue.repository.KeyValueRepository
2026-06-05 23:59:36,401 [main] INFO  o.s.d.r.c.RepositoryConfigurationExtensionSupport  - Spring Data Redis - Could not safely identify store assignment for repository candidate interface cn.edu.sdu.java.server.repositorys.HomeworkRepository; If you want this repository to be a Redis repository, consider annotating your entities with one of these annotations: org.springframework.data.redis.core.RedisHash (preferred), or consider extending one of the following types with your repository: org.springframework.data.keyvalue.repository.KeyValueRepository
2026-06-05 23:59:36,401 [main] INFO  o.s.d.r.c.RepositoryConfigurationExtensionSupport  - Spring Data Redis - Could not safely identify store assignment for repository candidate interface cn.edu.sdu.java.server.repositorys.HomeworkSubmissionRepository; If you want this repository to be a Redis repository, consider annotating your entities with one of these annotations: org.springframework.data.redis.core.RedisHash (preferred), or consider extending one of the following types with your repository: org.springframework.data.keyvalue.repository.KeyValueRepository
2026-06-05 23:59:36,401 [main] INFO  o.s.d.r.c.RepositoryConfigurationExtensionSupport  - Spring Data Redis - Could not safely identify store assignment for repository candidate interface cn.edu.sdu.java.server.repositorys.HonorRepository; If you want this repository to be a Redis repository, consider annotating your entities with one of these annotations: org.springframework.data.redis.core.RedisHash (preferred), or consider extending one of the following types with your repository: org.springframework.data.keyvalue.repository.KeyValueRepository
2026-06-05 23:59:36,401 [main] INFO  o.s.d.r.c.RepositoryConfigurationExtensionSupport  - Spring Data Redis - Could not safely identify store assignment for repository candidate interface cn.edu.sdu.java.server.repositorys.InnovationProjectRepository; If you want this repository to be a Redis repository, consider annotating your entities with one of these annotations: org.springframework.data.redis.core.RedisHash (preferred), or consider extending one of the following types with your repository: org.springframework.data.keyvalue.repository.KeyValueRepository
2026-06-05 23:59:36,401 [main] INFO  o.s.d.r.c.RepositoryConfigurationExtensionSupport  - Spring Data Redis - Could not safely identify store assignment for repository candidate interface cn.edu.sdu.java.server.repositorys.MenuInfoRepository; If you want this repository to be a Redis repository, consider annotating your entities with one of these annotations: org.springframework.data.redis.core.RedisHash (preferred), or consider extending one of the following types with your repository: org.springframework.data.keyvalue.repository.KeyValueRepository
2026-06-05 23:59:36,401 [main] INFO  o.s.d.r.c.RepositoryConfigurationExtensionSupport  - Spring Data Redis - Could not safely identify store assignment for repository candidate interface cn.edu.sdu.java.server.repositorys.ModifyLogRepository; If you want this repository to be a Redis repository, consider annotating your entities with one of these annotations: org.springframework.data.redis.core.RedisHash (preferred), or consider extending one of the following types with your repository: org.springframework.data.keyvalue.repository.KeyValueRepository
2026-06-05 23:59:36,402 [main] INFO  o.s.d.r.c.RepositoryConfigurationExtensionSupport  - Spring Data Redis - Could not safely identify store assignment for repository candidate interface cn.edu.sdu.java.server.repositorys.PersonRepository; If you want this repository to be a Redis repository, consider annotating your entities with one of these annotations: org.springframework.data.redis.core.RedisHash (preferred), or consider extending one of the following types with your repository: org.springframework.data.keyvalue.repository.KeyValueRepository
2026-06-05 23:59:36,403 [main] INFO  o.s.d.r.c.RepositoryConfigurationExtensionSupport  - Spring Data Redis - Could not safely identify store assignment for repository candidate interface cn.edu.sdu.java.server.repositorys.PunishmentRepository; If you want this repository to be a Redis repository, consider annotating your entities with one of these annotations: org.springframework.data.redis.core.RedisHash (preferred), or consider extending one of the following types with your repository: org.springframework.data.keyvalue.repository.KeyValueRepository
2026-06-05 23:59:36,403 [main] INFO  o.s.d.r.c.RepositoryConfigurationExtensionSupport  - Spring Data Redis - Could not safely identify store assignment for repository candidate interface cn.edu.sdu.java.server.repositorys.RequestLogRepository; If you want this repository to be a Redis repository, consider annotating your entities with one of these annotations: org.springframework.data.redis.core.RedisHash (preferred), or consider extending one of the following types with your repository: org.springframework.data.keyvalue.repository.KeyValueRepository
2026-06-05 23:59:36,403 [main] INFO  o.s.d.r.c.RepositoryConfigurationExtensionSupport  - Spring Data Redis - Could not safely identify store assignment for repository candidate interface cn.edu.sdu.java.server.repositorys.ScoreRepository; If you want this repository to be a Redis repository, consider annotating your entities with one of these annotations: org.springframework.data.redis.core.RedisHash (preferred), or consider extending one of the following types with your repository: org.springframework.data.keyvalue.repository.KeyValueRepository
2026-06-05 23:59:36,403 [main] INFO  o.s.d.r.c.RepositoryConfigurationExtensionSupport  - Spring Data Redis - Could not safely identify store assignment for repository candidate interface cn.edu.sdu.java.server.repositorys.SocialRelationRepository; If you want this repository to be a Redis repository, consider annotating your entities with one of these annotations: org.springframework.data.redis.core.RedisHash (preferred), or consider extending one of the following types with your repository: org.springframework.data.keyvalue.repository.KeyValueRepository
2026-06-05 23:59:36,403 [main] INFO  o.s.d.r.c.RepositoryConfigurationExtensionSupport  - Spring Data Redis - Could not safely identify store assignment for repository candidate interface cn.edu.sdu.java.server.repositorys.StatisticsDayRepository; If you want this repository to be a Redis repository, consider annotating your entities with one of these annotations: org.springframework.data.redis.core.RedisHash (preferred), or consider extending one of the following types with your repository: org.springframework.data.keyvalue.repository.KeyValueRepository
2026-06-05 23:59:36,404 [main] INFO  o.s.d.r.c.RepositoryConfigurationExtensionSupport  - Spring Data Redis - Could not safely identify store assignment for repository candidate interface cn.edu.sdu.java.server.repositorys.StudentExamScheduleRepository; If you want this repository to be a Redis repository, consider annotating your entities with one of these annotations: org.springframework.data.redis.core.RedisHash (preferred), or consider extending one of the following types with your repository: org.springframework.data.keyvalue.repository.KeyValueRepository
2026-06-05 23:59:36,404 [main] INFO  o.s.d.r.c.RepositoryConfigurationExtensionSupport  - Spring Data Redis - Could not safely identify store assignment for repository candidate interface cn.edu.sdu.java.server.repositorys.StudentLeaveRepository; If you want this repository to be a Redis repository, consider annotating your entities with one of these annotations: org.springframework.data.redis.core.RedisHash (preferred), or consider extending one of the following types with your repository: org.springframework.data.keyvalue.repository.KeyValueRepository
2026-06-05 23:59:36,404 [main] INFO  o.s.d.r.c.RepositoryConfigurationExtensionSupport  - Spring Data Redis - Could not safely identify store assignment for repository candidate interface cn.edu.sdu.java.server.repositorys.StudentRepository; If you want this repository to be a Redis repository, consider annotating your entities with one of these annotations: org.springframework.data.redis.core.RedisHash (preferred), or consider extending one of the following types with your repository: org.springframework.data.keyvalue.repository.KeyValueRepository
2026-06-05 23:59:36,404 [main] INFO  o.s.d.r.c.RepositoryConfigurationExtensionSupport  - Spring Data Redis - Could not safely identify store assignment for repository candidate interface cn.edu.sdu.java.server.repositorys.StudentStatisticsRepository; If you want this repository to be a Redis repository, consider annotating your entities with one of these annotations: org.springframework.data.redis.core.RedisHash (preferred), or consider extending one of the following types with your repository: org.springframework.data.keyvalue.repository.KeyValueRepository
2026-06-05 23:59:36,405 [main] INFO  o.s.d.r.c.RepositoryConfigurationExtensionSupport  - Spring Data Redis - Could not safely identify store assignment for repository candidate interface cn.edu.sdu.java.server.repositorys.SystemInfoRepository; If you want this repository to be a Redis repository, consider annotating your entities with one of these annotations: org.springframework.data.redis.core.RedisHash (preferred), or consider extending one of the following types with your repository: org.springframework.data.keyvalue.repository.KeyValueRepository
2026-06-05 23:59:36,405 [main] INFO  o.s.d.r.c.RepositoryConfigurationExtensionSupport  - Spring Data Redis - Could not safely identify store assignment for repository candidate interface cn.edu.sdu.java.server.repositorys.TeacherRepository; If you want this repository to be a Redis repository, consider annotating your entities with one of these annotations: org.springframework.data.redis.core.RedisHash (preferred), or consider extending one of the following types with your repository: org.springframework.data.keyvalue.repository.KeyValueRepository
2026-06-05 23:59:36,405 [main] INFO  o.s.d.r.c.RepositoryConfigurationExtensionSupport  - Spring Data Redis - Could not safely identify store assignment for repository candidate interface cn.edu.sdu.java.server.repositorys.UserRepository; If you want this repository to be a Redis repository, consider annotating your entities with one of these annotations: org.springframework.data.redis.core.RedisHash (preferred), or consider extending one of the following types with your repository: org.springframework.data.keyvalue.repository.KeyValueRepository
2026-06-05 23:59:36,405 [main] INFO  o.s.d.r.c.RepositoryConfigurationExtensionSupport  - Spring Data Redis - Could not safely identify store assignment for repository candidate interface cn.edu.sdu.java.server.repositorys.UserTypeRepository; If you want this repository to be a Redis repository, consider annotating your entities with one of these annotations: org.springframework.data.redis.core.RedisHash (preferred), or consider extending one of the following types with your repository: org.springframework.data.keyvalue.repository.KeyValueRepository
2026-06-05 23:59:36,405 [main] INFO  o.s.d.r.c.RepositoryConfigurationDelegate          - Finished Spring Data repository scanning in 13 ms. Found 0 Redis repository interfaces.
2026-06-05 23:59:37,564 [main] INFO  o.s.b.w.embedded.tomcat.TomcatWebServer            - Tomcat initialized with port 22223 (http)
2026-06-05 23:59:37,580 [main] INFO  o.apache.coyote.http11.Http11NioProtocol           - Initializing ProtocolHandler ["http-nio-22223"]
2026-06-05 23:59:37,583 [main] INFO  o.apache.catalina.core.StandardService             - Starting service [Tomcat]
2026-06-05 23:59:37,583 [main] INFO  org.apache.catalina.core.StandardEngine            - Starting Servlet engine: [Apache Tomcat/10.1.34]
2026-06-05 23:59:37,680 [main] INFO  o.a.c.c.C.[Tomcat].[localhost].[/]                 - Initializing Spring embedded WebApplicationContext
2026-06-05 23:59:37,680 [main] INFO  o.s.b.w.s.c.ServletWebServerApplicationContext     - Root WebApplicationContext: initialization completed in 2774 ms
2026-06-05 23:59:38,057 [main] INFO  o.hibernate.jpa.internal.util.LogHelper            - HHH000204: Processing PersistenceUnitInfo [name: default]
2026-06-05 23:59:38,190 [main] INFO  org.hibernate.Version                              - HHH000412: Hibernate ORM core version 6.6.5.Final
2026-06-05 23:59:38,223 [main] INFO  o.h.c.internal.RegionFactoryInitiator              - HHH000026: Second-level cache disabled
2026-06-05 23:59:38,477 [main] INFO  o.s.o.j.p.SpringPersistenceUnitInfo                - No LoadTimeWeaver setup: ignoring JPA class transformer
2026-06-05 23:59:38,501 [main] INFO  com.zaxxer.hikari.HikariDataSource                 - HikariPool-1 - Starting...
2026-06-05 23:59:43,273 [main] INFO  com.zaxxer.hikari.pool.HikariPool                  - HikariPool-1 - Added connection com.mysql.cj.jdbc.ConnectionImpl@5f35370b
2026-06-05 23:59:43,276 [main] INFO  com.zaxxer.hikari.HikariDataSource                 - HikariPool-1 - Start completed.
2026-06-05 23:59:43,354 [main] INFO  org.hibernate.orm.connections.pooling              - HHH10001005: Database info:
	Database JDBC URL [Connecting through datasource 'HikariDataSource (HikariPool-1)']
	Database driver: undefined/unknown
	Database version: 8.0.35
	Autocommit mode: undefined/unknown
	Isolation level: undefined/unknown
	Minimum pool size: undefined/unknown
	Maximum pool size: undefined/unknown
2026-06-05 23:59:44,437 [main] INFO  o.h.e.t.j.p.i.JtaPlatformInitiator                 - HHH000489: No JTA platform available (set 'hibernate.transaction.jta.platform' to enable JTA platform integration)
2026-06-05 23:59:44,439 [main] INFO  o.s.o.j.LocalContainerEntityManagerFactoryBean     - Initialized JPA EntityManagerFactory for persistence unit 'default'
2026-06-05 23:59:44,879 [main] INFO  o.s.d.j.r.query.QueryEnhancerFactory               - Hibernate is in classpath; If applicable, HQL parser will be used.
2026-06-05 23:59:45,900 [main] WARN  o.s.b.a.o.j.JpaBaseConfiguration$JpaWebConfiguration - spring.jpa.open-in-view is enabled by default. Therefore, database queries may be performed during view rendering. Explicitly configure spring.jpa.open-in-view to disable this warning
2026-06-05 23:59:47,167 [main] INFO  o.s.s.c.a.a.c.InitializeAuthenticationProviderBeanManagerConfigurer$InitializeAuthenticationProviderManagerConfigurer - Global AuthenticationManager configured with AuthenticationProvider bean with name authenticationProvider
2026-06-05 23:59:47,168 [main] WARN  o.s.s.c.a.a.c.InitializeUserDetailsBeanManagerConfigurer$InitializeUserDetailsManagerConfigurer - Global AuthenticationManager configured with an AuthenticationProvider bean. UserDetailsService beans will not be used by Spring Security for automatically configuring username/password login. Consider removing the AuthenticationProvider bean. Alternatively, consider using the UserDetailsService in a manually instantiated DaoAuthenticationProvider. If the current configuration is intentional, to turn off this warning, increase the logging level of 'org.springframework.security.config.annotation.authentication.configuration.InitializeUserDetailsBeanManagerConfigurer' to ERROR
2026-06-05 23:59:48,241 [main] INFO  o.s.b.a.w.s.WelcomePageHandlerMapping              - Adding welcome page: class path resource [public/index.html]
2026-06-05 23:59:49,545 [main] INFO  o.apache.coyote.http11.Http11NioProtocol           - Starting ProtocolHandler ["http-nio-22223"]
2026-06-05 23:59:49,562 [main] INFO  o.s.b.w.embedded.tomcat.TomcatWebServer            - Tomcat started on port 22223 (http) with context path '/'
2026-06-05 23:59:49,571 [main] INFO  c.e.s.java.server.JavaServerApplication            - Started JavaServerApplication in 15.286 seconds (process running for 15.841)
2026-06-05 23:59:49,573 [main] INFO  c.e.s.j.server.SystemApplicationListener           - org.springframework.boot.context.event.ApplicationReadyEvent[source=org.springframework.boot.SpringApplication@6d1f65db]
2026-06-05 23:59:49,573 [main] INFO  c.e.s.j.server.SystemApplicationListener           - SystemInitStart
2026-06-05 23:59:49,731 [main] INFO  c.e.s.java.server.services.SystemService           - System config loaded, 0 items
2026-06-05 23:59:49,731 [main] INFO  c.e.s.j.server.SystemApplicationListener           - systemInitEnd
